match_tier,field_name,parcelnumb,unidata_scity,unidata_value,gpkg_value,comparison
pair,yearbuilt,00304074,Palo Alto,[blank],,Unidata missing; GPKG empty
pair,address,00307048,Menlo Park,[blank],,Unidata missing; GPKG empty
pair,yearbuilt,00307048,Menlo Park,[blank],,Unidata missing; GPKG empty
pair,address,00307064,Palo Alto,[blank],,Unidata missing; GPKG empty
pair,yearbuilt,00307064,Palo Alto,[blank],,Unidata missing; GPKG empty
pair,yearbuilt,00308019,Palo Alto,[blank],,Unidata missing; GPKG empty
pair,yearbuilt,00310030,Palo Alto,[blank],,Unidata missing; GPKG empty
pair,yearbuilt,00311060,Palo Alto,[blank],,Unidata missing; GPKG empty
pair,yearbuilt,00312002,Palo Alto,[blank],,Unidata missing; GPKG empty
pair,address,00317050,Palo Alto,[blank],,Unidata missing; GPKG empty
pair,yearbuilt,00317050,Palo Alto,[blank],,Unidata missing; GPKG empty
pair,address,00317085,Palo Alto,[blank],,Unidata missing; GPKG empty
pair,yearbuilt,00317085,Palo Alto,[blank],,Unidata missing; GPKG empty
pair,yearbuilt,00318015,Palo Alto,[blank],,Unidata missing; GPKG empty
pair,address,00320055,Palo Alto,[blank],,Unidata missing; GPKG empty
pair,yearbuilt,00320055,Palo Alto,[blank],,Unidata missing; GPKG empty
pair,address,00321068,Palo Alto,[blank],,Unidata missing; GPKG empty
pair,yearbuilt,00321068,Palo Alto,[blank],,Unidata missing; GPKG empty
pair,yearbuilt,00326046,Palo Alto,[blank],,Unidata missing; GPKG empty
pair,address,00326054,Palo Alto,[blank],,Unidata missing; GPKG empty
pair,yearbuilt,00326068,Palo Alto,[blank],,Unidata missing; GPKG empty
pair,yearbuilt,00327031,Palo Alto,[blank],,Unidata missing; GPKG empty
pair,yearbuilt,00328044,Palo Alto,[blank],,Unidata missing; GPKG empty
pair,yearbuilt,00330016,Palo Alto,[blank],,Unidata missing; GPKG empty
pair,yearbuilt,00333021,Palo Alto,[blank],,Unidata missing; GPKG empty
pair,yearbuilt,00343039,Palo Alto,[blank],,Unidata missing; GPKG empty
pair,yearbuilt,00343045,Palo Alto,[blank],,Unidata missing; GPKG empty
pair,yearbuilt,00344051,Palo Alto,[blank],,Unidata missing; GPKG empty
pair,yearbuilt,00345040,Palo Alto,[blank],,Unidata missing; GPKG empty
pair,yearbuilt,00345087,Palo Alto,[blank],,Unidata missing; GPKG empty
pair,yearbuilt,00346004,Palo Alto,[blank],,Unidata missing; GPKG empty
pair,yearbuilt,00346006,Palo Alto,[blank],,Unidata missing; GPKG empty
pair,yearbuilt,00347020,Palo Alto,[blank],,Unidata missing; GPKG empty
pair,yearbuilt,00350022,Palo Alto,[blank],,Unidata missing; GPKG empty
pair,address,00354059,Palo Alto,[blank],,Unidata missing; GPKG empty
pair,yearbuilt,00354059,Palo Alto,[blank],,Unidata missing; GPKG empty
pair,yearbuilt,00355001,Palo Alto,[blank],,Unidata missing; GPKG empty
pair,yearbuilt,00355071,Palo Alto,[blank],,Unidata missing; GPKG empty
pair,address,00359049,Palo Alto,[blank],,Unidata missing; GPKG empty
pair,yearbuilt,00359049,Palo Alto,[blank],,Unidata missing; GPKG empty
pair,yearbuilt,00360001,Palo Alto,[blank],,Unidata missing; GPKG empty
pair,yearbuilt,00801020,Palo Alto,[blank],,Unidata missing; GPKG empty
pair,yearbuilt,00801022,Palo Alto,[blank],,Unidata missing; GPKG empty
pair,yearbuilt,00801049,Palo Alto,[blank],,Unidata missing; GPKG empty
pair,yearbuilt,00801051,Palo Alto,[blank],,Unidata missing; GPKG empty
pair,address,00801052,Palo Alto,[blank],,Unidata missing; GPKG empty
pair,yearbuilt,00801052,Palo Alto,[blank],,Unidata missing; GPKG empty
pair,address,00801053,East Palo Alto,[blank],,Unidata missing; GPKG empty
pair,yearbuilt,00801053,East Palo Alto,[blank],,Unidata missing; GPKG empty
pair,address,00801054,Palo Alto,[blank],,Unidata missing; GPKG empty
pair,yearbuilt,00801054,Palo Alto,[blank],,Unidata missing; GPKG empty
pair,address,00801057,East Palo Alto,[blank],,Unidata missing; GPKG empty
pair,yearbuilt,00801057,East Palo Alto,[blank],,Unidata missing; GPKG empty
pair,yearbuilt,00801058,Palo Alto,[blank],,Unidata missing; GPKG empty
pair,address,00801059,Palo Alto,[blank],,Unidata missing; GPKG empty
pair,yearbuilt,00801059,Palo Alto,[blank],,Unidata missing; GPKG empty
pair,address,00802032,Palo Alto,[blank],,Unidata missing; GPKG empty
pair,yearbuilt,00802032,Palo Alto,[blank],,Unidata missing; GPKG empty
pair,yearbuilt,00802034,Palo Alto,[blank],,Unidata missing; GPKG empty
pair,yearbuilt,00803029,Palo Alto,[blank],,Unidata missing; GPKG empty
pair,yearbuilt,00803079,Palo Alto,[blank],,Unidata missing; GPKG empty
pair,yearbuilt,00803085,Palo Alto,[blank],,Unidata missing; GPKG empty
pair,yearbuilt,00804001,Palo Alto,[blank],,Unidata missing; GPKG empty
pair,yearbuilt,00806001,Palo Alto,[blank],,Unidata missing; GPKG empty
pair,yearbuilt,01501005,San Jose,[blank],,Unidata missing; GPKG empty
pair,yearbuilt,01501006,San Jose,[blank],,Unidata missing; GPKG empty
pair,yearbuilt,01501012,San Jose,[blank],,Unidata missing; GPKG empty
pair,yearbuilt,01501013,Alviso,[blank],,Unidata missing; GPKG empty
pair,address,01501022,San Jose,[blank],,Unidata missing; GPKG empty
pair,yearbuilt,01501022,San Jose,[blank],,Unidata missing; GPKG empty
pair,address,01501024,San Jose,[blank],,Unidata missing; GPKG empty
pair,yearbuilt,01501024,San Jose,[blank],,Unidata missing; GPKG empty
pair,address,01501025,San Jose,[blank],,Unidata missing; GPKG empty
pair,yearbuilt,01501025,San Jose,[blank],,Unidata missing; GPKG empty
pair,yearbuilt,01501028,San Jose,[blank],,Unidata missing; GPKG empty
pair,yearbuilt,01501029,San Jose,[blank],,Unidata missing; GPKG empty
pair,address,01501030,San Jose,[blank],,Unidata missing; GPKG empty
pair,yearbuilt,01501030,San Jose,[blank],,Unidata missing; GPKG empty
pair,yearbuilt,01501032,San Jose,[blank],,Unidata missing; GPKG empty
pair,address,01501034,San Jose,[blank],,Unidata missing; GPKG empty
pair,yearbuilt,01501034,San Jose,[blank],,Unidata missing; GPKG empty
pair,address,01501037,San Jose,[blank],,Unidata missing; GPKG empty
pair,yearbuilt,01501037,San Jose,[blank],,Unidata missing; GPKG empty
pair,zoning,01501037,San Jose,[blank],,Unidata missing; GPKG empty
pair,address,01501039,San Jose,[blank],,Unidata missing; GPKG empty
pair,yearbuilt,01501039,San Jose,[blank],,Unidata missing; GPKG empty
pair,yearbuilt,01501040,San Jose,[blank],,Unidata missing; GPKG empty
pair,address,01501041,San Jose,[blank],,Unidata missing; GPKG empty
pair,yearbuilt,01501041,San Jose,[blank],,Unidata missing; GPKG empty
pair,address,01501042,San Jose,[blank],,Unidata missing; GPKG empty
pair,yearbuilt,01501042,San Jose,[blank],,Unidata missing; GPKG empty
pair,yearbuilt,01502002,San Jose,[blank],,Unidata missing; GPKG empty
pair,yearbuilt,01502004,San Jose,[blank],,Unidata missing; GPKG empty
pair,yearbuilt,01502007,Alviso,[blank],,Unidata missing; GPKG empty
pair,yearbuilt,01502009,San Jose,[blank],,Unidata missing; GPKG empty
pair,address,01502010,San Jose,[blank],,Unidata missing; GPKG empty
pair,yearbuilt,01502010,San Jose,[blank],,Unidata missing; GPKG empty
pair,yearbuilt,01502012,San Jose,[blank],,Unidata missing; GPKG empty
pair,yearbuilt,01502021,San Jose,[blank],,Unidata missing; GPKG empty
pair,yearbuilt,01502022,San Jose,[blank],,Unidata missing; GPKG empty
pair,yearbuilt,01502023,San Jose,[blank],,Unidata missing; GPKG empty
pair,yearbuilt,01502025,San Jose,[blank],,Unidata missing; GPKG empty
pair,address,01502026,San Jose,[blank],,Unidata missing; GPKG empty
pair,yearbuilt,01502026,San Jose,[blank],,Unidata missing; GPKG empty
pair,address,01502027,San Jose,[blank],,Unidata missing; GPKG empty
pair,yearbuilt,01502027,San Jose,[blank],,Unidata missing; GPKG empty
pair,yearbuilt,01502028,Alviso,[blank],,Unidata missing; GPKG empty
pair,yearbuilt,01502030,Alviso,[blank],,Unidata missing; GPKG empty
pair,yearbuilt,01502033,San Jose,[blank],,Unidata missing; GPKG empty
pair,yearbuilt,01502041,Alviso,[blank],,Unidata missing; GPKG empty
pair,yearbuilt,01502042,San Jose,[blank],,Unidata missing; GPKG empty
pair,yearbuilt,01502043,San Jose,[blank],,Unidata missing; GPKG empty
pair,address,01502044,San Jose,[blank],,Unidata missing; GPKG empty
pair,yearbuilt,01502044,San Jose,[blank],,Unidata missing; GPKG empty
pair,yearbuilt,01502045,San Jose,[blank],,Unidata missing; GPKG empty
pair,yearbuilt,01502048,San Jose,[blank],,Unidata missing; GPKG empty
pair,yearbuilt,01503002,San Jose,[blank],,Unidata missing; GPKG empty
pair,yearbuilt,01503003,San Jose,[blank],,Unidata missing; GPKG empty
pair,yearbuilt,01503004,San Jose,[blank],,Unidata missing; GPKG empty
pair,address,01503007,San Jose,[blank],,Unidata missing; GPKG empty
pair,yearbuilt,01503007,San Jose,[blank],,Unidata missing; GPKG empty
pair,yearbuilt,01503016,San Jose,[blank],,Unidata missing; GPKG empty
pair,yearbuilt,01503019,San Jose,[blank],,Unidata missing; GPKG empty
pair,yearbuilt,01503020,San Jose,[blank],,Unidata missing; GPKG empty
pair,yearbuilt,01503021,San Jose,[blank],,Unidata missing; GPKG empty
pair,yearbuilt,01503022,San Jose,[blank],,Unidata missing; GPKG empty
pair,yearbuilt,01503023,San Jose,[blank],,Unidata missing; GPKG empty
pair,yearbuilt,01503025,San Jose,[blank],,Unidata missing; GPKG empty
pair,yearbuilt,01503028,San Jose,[blank],,Unidata missing; GPKG empty
pair,yearbuilt,01503029,San Jose,[blank],,Unidata missing; GPKG empty
pair,yearbuilt,01503033,San Jose,[blank],,Unidata missing; GPKG empty
pair,zoning,01503039,San Jose,[blank],,Unidata missing; GPKG empty
pair,zoning,01503040,San Jose,[blank],,Unidata missing; GPKG empty
pair,yearbuilt,01503042,San Jose,[blank],,Unidata missing; GPKG empty
pair,address,01503043,San Jose,[blank],,Unidata missing; GPKG empty
pair,yearbuilt,01504005,San Jose,[blank],,Unidata missing; GPKG empty
pair,yearbuilt,01504006,San Jose,[blank],,Unidata missing; GPKG empty
pair,address,01504011,San Jose,[blank],,Unidata missing; GPKG empty
pair,yearbuilt,01504011,San Jose,[blank],,Unidata missing; GPKG empty
pair,yearbuilt,01504013,San Jose,[blank],,Unidata missing; GPKG empty
pair,yearbuilt,01504014,San Jose,[blank],,Unidata missing; GPKG empty
pair,yearbuilt,01504015,San Jose,[blank],,Unidata missing; GPKG empty
pair,yearbuilt,01504020,San Jose,[blank],,Unidata missing; GPKG empty
pair,yearbuilt,01504021,San Jose,[blank],,Unidata missing; GPKG empty
pair,address,01504022,San Jose,[blank],,Unidata missing; GPKG empty
pair,yearbuilt,01504022,San Jose,[blank],,Unidata missing; GPKG empty
pair,yearbuilt,01505001,San Jose,[blank],,Unidata missing; GPKG empty
pair,yearbuilt,01505002,San Jose,[blank],,Unidata missing; GPKG empty
pair,yearbuilt,01505027,San Jose,[blank],,Unidata missing; GPKG empty
pair,yearbuilt,01505032,San Jose,[blank],,Unidata missing; GPKG empty
pair,yearbuilt,01505042,San Jose,[blank],,Unidata missing; GPKG empty
pair,yearbuilt,01505079,San Jose,[blank],,Unidata missing; GPKG empty
pair,yearbuilt,01505137,San Jose,[blank],,Unidata missing; GPKG empty
pair,yearbuilt,01505139,San Jose,[blank],,Unidata missing; GPKG empty
pair,address,01505146,San Jose,[blank],,Unidata missing; GPKG empty
pair,yearbuilt,01505146,San Jose,[blank],,Unidata missing; GPKG empty
pair,yearbuilt,01506023,San Jose,[blank],,Unidata missing; GPKG empty
pair,yearbuilt,01506024,San Jose,[blank],,Unidata missing; GPKG empty
pair,yearbuilt,01506087,San Jose,[blank],,Unidata missing; GPKG empty
pair,yearbuilt,01506137,San Jose,[blank],,Unidata missing; GPKG empty
pair,yearbuilt,01506140,San Jose,[blank],,Unidata missing; GPKG empty
pair,yearbuilt,01506143,San Jose,[blank],,Unidata missing; GPKG empty
pair,yearbuilt,01506146,San Jose,[blank],,Unidata missing; GPKG empty
pair,yearbuilt,01506152,San Jose,[blank],,Unidata missing; GPKG empty
pair,yearbuilt,01506158,San Jose,[blank],,Unidata missing; GPKG empty
pair,yearbuilt,01506161,San Jose,[blank],,Unidata missing; GPKG empty
pair,yearbuilt,01506165,San Jose,[blank],,Unidata missing; GPKG empty
pair,yearbuilt,01506177,San Jose,[blank],,Unidata missing; GPKG empty
pair,yearbuilt,01507001,San Jose,[blank],,Unidata missing; GPKG empty
pair,yearbuilt,01507002,San Jose,[blank],,Unidata missing; GPKG empty
pair,address,01507006,San Jose,[blank],,Unidata missing; GPKG empty
pair,yearbuilt,01507006,San Jose,[blank],,Unidata missing; GPKG empty
pair,address,01507007,San Jose,[blank],,Unidata missing; GPKG empty
pair,yearbuilt,01507007,San Jose,[blank],,Unidata missing; GPKG empty
pair,address,01507008,San Jose,[blank],,Unidata missing; GPKG empty
pair,yearbuilt,01507008,San Jose,[blank],,Unidata missing; GPKG empty
pair,yearbuilt,01507009,San Jose,[blank],,Unidata missing; GPKG empty
pair,yearbuilt,01507015,San Jose,[blank],,Unidata missing; GPKG empty
pair,yearbuilt,01507018,San Jose,[blank],,Unidata missing; GPKG empty
pair,address,01507019,San Jose,[blank],,Unidata missing; GPKG empty
pair,yearbuilt,01507019,San Jose,[blank],,Unidata missing; GPKG empty
pair,address,01507021,San Jose,[blank],,Unidata missing; GPKG empty
pair,yearbuilt,01507021,San Jose,[blank],,Unidata missing; GPKG empty
pair,yearbuilt,01508001,San Jose,[blank],,Unidata missing; GPKG empty
pair,yearbuilt,01508002,San Jose,[blank],,Unidata missing; GPKG empty
pair,address,01508006,San Jose,[blank],,Unidata missing; GPKG empty
pair,yearbuilt,01508006,San Jose,[blank],,Unidata missing; GPKG empty
pair,address,01508009,San Jose,[blank],,Unidata missing; GPKG empty
pair,yearbuilt,01508009,San Jose,[blank],,Unidata missing; GPKG empty
pair,yearbuilt,01508010,San Jose,[blank],,Unidata missing; GPKG empty
pair,address,01509001,San Jose,[blank],,Unidata missing; GPKG empty
pair,yearbuilt,01509001,San Jose,[blank],,Unidata missing; GPKG empty
pair,address,01509002,San Jose,[blank],,Unidata missing; GPKG empty
pair,yearbuilt,01509002,San Jose,[blank],,Unidata missing; GPKG empty
pair,yearbuilt,01509003,San Jose,[blank],,Unidata missing; GPKG empty
pair,yearbuilt,01509006,San Jose,[blank],,Unidata missing; GPKG empty
pair,yearbuilt,01510003,San Jose,[blank],,Unidata missing; GPKG empty
pair,yearbuilt,01510006,San Jose,[blank],,Unidata missing; GPKG empty
pair,yearbuilt,01510007,San Jose,[blank],,Unidata missing; GPKG empty
pair,address,01510008,San Jose,[blank],,Unidata missing; GPKG empty
pair,yearbuilt,01510008,San Jose,[blank],,Unidata missing; GPKG empty
pair,address,01510009,San Jose,[blank],,Unidata missing; GPKG empty
pair,yearbuilt,01510009,San Jose,[blank],,Unidata missing; GPKG empty
pair,yearbuilt,01510010,San Jose,[blank],,Unidata missing; GPKG empty
pair,yearbuilt,01511003,San Jose,[blank],,Unidata missing; GPKG empty
pair,yearbuilt,01511006,San Jose,[blank],,Unidata missing; GPKG empty
pair,yearbuilt,01511033,San Jose,[blank],,Unidata missing; GPKG empty
pair,yearbuilt,01511056,San Jose,[blank],,Unidata missing; GPKG empty
pair,yearbuilt,01511068,San Jose,[blank],,Unidata missing; GPKG empty
pair,yearbuilt,01511091,San Jose,[blank],,Unidata missing; GPKG empty
pair,yearbuilt,01511094,San Jose,[blank],,Unidata missing; GPKG empty
pair,yearbuilt,01511100,San Jose,[blank],,Unidata missing; GPKG empty
pair,yearbuilt,01511104,San Jose,[blank],,Unidata missing; GPKG empty
pair,yearbuilt,01511105,San Jose,[blank],,Unidata missing; GPKG empty
pair,yearbuilt,01511106,San Jose,[blank],,Unidata missing; GPKG empty
pair,yearbuilt,01511109,San Jose,[blank],,Unidata missing; GPKG empty
pair,yearbuilt,01511122,San Jose,[blank],,Unidata missing; GPKG empty
pair,yearbuilt,01512007,San Jose,[blank],,Unidata missing; GPKG empty
pair,yearbuilt,01512008,San Jose,[blank],,Unidata missing; GPKG empty
pair,yearbuilt,01512012,San Jose,[blank],,Unidata missing; GPKG empty
pair,yearbuilt,01512013,San Jose,[blank],,Unidata missing; GPKG empty
pair,yearbuilt,01512019,San Jose,[blank],,Unidata missing; GPKG empty
pair,yearbuilt,01512023,San Jose,[blank],,Unidata missing; GPKG empty
pair,yearbuilt,01512027,San Jose,[blank],,Unidata missing; GPKG empty
pair,yearbuilt,01512032,San Jose,[blank],,Unidata missing; GPKG empty
pair,yearbuilt,01512053,San Jose,[blank],,Unidata missing; GPKG empty
pair,yearbuilt,01512057,San Jose,[blank],,Unidata missing; GPKG empty
pair,yearbuilt,01512060,San Jose,[blank],,Unidata missing; GPKG empty
pair,yearbuilt,01512061,San Jose,[blank],,Unidata missing; GPKG empty
pair,yearbuilt,01512063,San Jose,[blank],,Unidata missing; GPKG empty
pair,yearbuilt,01512068,San Jose,[blank],,Unidata missing; GPKG empty
pair,yearbuilt,01512070,San Jose,[blank],,Unidata missing; GPKG empty
pair,yearbuilt,01512071,San Jose,[blank],,Unidata missing; GPKG empty
pair,yearbuilt,01512072,San Jose,[blank],,Unidata missing; GPKG empty
pair,yearbuilt,01512077,San Jose,[blank],,Unidata missing; GPKG empty
pair,yearbuilt,01512079,San Jose,[blank],,Unidata missing; GPKG empty
pair,yearbuilt,01512080,San Jose,[blank],,Unidata missing; GPKG empty
pair,yearbuilt,01512081,San Jose,[blank],,Unidata missing; GPKG empty
pair,yearbuilt,01512082,San Jose,[blank],,Unidata missing; GPKG empty
pair,yearbuilt,01512083,San Jose,[blank],,Unidata missing; GPKG empty
pair,yearbuilt,01512090,Alviso,[blank],,Unidata missing; GPKG empty
pair,yearbuilt,01512098,San Jose,[blank],,Unidata missing; GPKG empty
pair,yearbuilt,01512100,San Jose,[blank],,Unidata missing; GPKG empty
pair,yearbuilt,01512109,San Jose,[blank],,Unidata missing; GPKG empty
pair,yearbuilt,01512110,San Jose,[blank],,Unidata missing; GPKG empty
pair,address,01512114,San Jose,[blank],,Unidata missing; GPKG empty
pair,yearbuilt,01512114,San Jose,[blank],,Unidata missing; GPKG empty
pair,address,01512115,San Jose,[blank],,Unidata missing; GPKG empty
pair,yearbuilt,01512115,San Jose,[blank],,Unidata missing; GPKG empty
pair,yearbuilt,01513001,Alviso,[blank],,Unidata missing; GPKG empty
pair,yearbuilt,01513004,San Jose,[blank],,Unidata missing; GPKG empty
pair,yearbuilt,01513005,San Jose,[blank],,Unidata missing; GPKG empty
pair,address,01513010,San Jose,[blank],,Unidata missing; GPKG empty
pair,yearbuilt,01513010,San Jose,[blank],,Unidata missing; GPKG empty
pair,yearbuilt,01513011,Alviso,[blank],,Unidata missing; GPKG empty
pair,yearbuilt,01513012,Alviso,[blank],,Unidata missing; GPKG empty
pair,yearbuilt,01513013,Alviso,[blank],,Unidata missing; GPKG empty
pair,yearbuilt,01513016,Alviso,[blank],,Unidata missing; GPKG empty
pair,yearbuilt,01513017,Alviso,[blank],,Unidata missing; GPKG empty
pair,yearbuilt,01513021,Alviso,[blank],,Unidata missing; GPKG empty
pair,yearbuilt,01513022,Alviso,[blank],,Unidata missing; GPKG empty
pair,yearbuilt,01513024,Alviso,[blank],,Unidata missing; GPKG empty
pair,yearbuilt,01513025,Alviso,[blank],,Unidata missing; GPKG empty
pair,yearbuilt,01513026,Alviso,[blank],,Unidata missing; GPKG empty
pair,yearbuilt,01513029,Alviso,[blank],,Unidata missing; GPKG empty
pair,yearbuilt,01513030,San Jose,[blank],,Unidata missing; GPKG empty
pair,yearbuilt,01513031,Alviso,[blank],,Unidata missing; GPKG empty
pair,yearbuilt,01513032,Alviso,[blank],,Unidata missing; GPKG empty
pair,address,01514001,San Jose,[blank],,Unidata missing; GPKG empty
pair,yearbuilt,01514001,San Jose,[blank],,Unidata missing; GPKG empty
pair,address,01514002,San Jose,[blank],,Unidata missing; GPKG empty
pair,yearbuilt,01514002,San Jose,[blank],,Unidata missing; GPKG empty
pair,yearbuilt,01514004,Alviso,[blank],,Unidata missing; GPKG empty
pair,yearbuilt,01514005,Alviso,[blank],,Unidata missing; GPKG empty
pair,yearbuilt,01514006,Alviso,[blank],,Unidata missing; GPKG empty
pair,yearbuilt,01514012,San Jose,[blank],,Unidata missing; GPKG empty
pair,yearbuilt,01514013,Alviso,[blank],,Unidata missing; GPKG empty
pair,yearbuilt,01514017,Alviso,[blank],,Unidata missing; GPKG empty
pair,yearbuilt,01514018,Alviso,[blank],,Unidata missing; GPKG empty
pair,yearbuilt,01515004,Alviso,[blank],,Unidata missing; GPKG empty
pair,yearbuilt,01515005,Alviso,[blank],,Unidata missing; GPKG empty
pair,yearbuilt,01515010,Alviso,[blank],,Unidata missing; GPKG empty
pair,yearbuilt,01515011,San Jose,[blank],,Unidata missing; GPKG empty
pair,yearbuilt,01515012,Alviso,[blank],,Unidata missing; GPKG empty
pair,address,01515013,San Jose,[blank],,Unidata missing; GPKG empty
pair,yearbuilt,01515013,San Jose,[blank],,Unidata missing; GPKG empty
pair,address,01515014,San Jose,[blank],,Unidata missing; GPKG empty
pair,yearbuilt,01515014,San Jose,[blank],,Unidata missing; GPKG empty
pair,address,01515015,San Jose,[blank],,Unidata missing; GPKG empty
pair,yearbuilt,01515015,San Jose,[blank],,Unidata missing; GPKG empty
pair,address,01516005,San Jose,[blank],,Unidata missing; GPKG empty
pair,yearbuilt,01516005,San Jose,[blank],,Unidata missing; GPKG empty
pair,address,01516006,San Jose,[blank],,Unidata missing; GPKG empty
pair,yearbuilt,01516006,San Jose,[blank],,Unidata missing; GPKG empty
pair,yearbuilt,01516007,Alviso,[blank],,Unidata missing; GPKG empty
pair,yearbuilt,01516008,Alviso,[blank],,Unidata missing; GPKG empty
pair,address,01516011,San Jose,[blank],,Unidata missing; GPKG empty
pair,yearbuilt,01516011,San Jose,[blank],,Unidata missing; GPKG empty
pair,yearbuilt,01516012,Alviso,[blank],,Unidata missing; GPKG empty
pair,address,01517004,San Jose,[blank],,Unidata missing; GPKG empty
pair,yearbuilt,01517004,San Jose,[blank],,Unidata missing; GPKG empty
pair,address,01517006,San Jose,[blank],,Unidata missing; GPKG empty
pair,yearbuilt,01517006,San Jose,[blank],,Unidata missing; GPKG empty
pair,yearbuilt,01518003,Alviso,[blank],,Unidata missing; GPKG empty
pair,yearbuilt,01518004,Alviso,[blank],,Unidata missing; GPKG empty
pair,address,01518005,San Jose,[blank],,Unidata missing; GPKG empty
pair,yearbuilt,01518005,San Jose,[blank],,Unidata missing; GPKG empty
pair,yearbuilt,01518006,Alviso,[blank],,Unidata missing; GPKG empty
pair,yearbuilt,01518010,San Jose,[blank],,Unidata missing; GPKG empty
pair,yearbuilt,01518011,San Jose,[blank],,Unidata missing; GPKG empty
pair,address,01518012,San Jose,[blank],,Unidata missing; GPKG empty
pair,yearbuilt,01518012,San Jose,[blank],,Unidata missing; GPKG empty
pair,address,01518013,San Jose,[blank],,Unidata missing; GPKG empty
pair,yearbuilt,01518013,San Jose,[blank],,Unidata missing; GPKG empty
pair,address,01518014,San Jose,[blank],,Unidata missing; GPKG empty
pair,yearbuilt,01518014,San Jose,[blank],,Unidata missing; GPKG empty
pair,address,01518015,San Jose,[blank],,Unidata missing; GPKG empty
pair,yearbuilt,01518015,San Jose,[blank],,Unidata missing; GPKG empty
pair,address,01519001,San Jose,[blank],,Unidata missing; GPKG empty
pair,yearbuilt,01519001,San Jose,[blank],,Unidata missing; GPKG empty
pair,yearbuilt,01519002,Alviso,[blank],,Unidata missing; GPKG empty
pair,yearbuilt,01519003,Alviso,[blank],,Unidata missing; GPKG empty
pair,yearbuilt,01519004,Alviso,[blank],,Unidata missing; GPKG empty
pair,address,01519005,San Jose,[blank],,Unidata missing; GPKG empty
pair,yearbuilt,01519005,San Jose,[blank],,Unidata missing; GPKG empty
pair,address,01519006,San Jose,[blank],,Unidata missing; GPKG empty
pair,yearbuilt,01519006,San Jose,[blank],,Unidata missing; GPKG empty
pair,address,01519007,San Jose,[blank],,Unidata missing; GPKG empty
pair,yearbuilt,01519007,San Jose,[blank],,Unidata missing; GPKG empty
pair,yearbuilt,01519008,Alviso,[blank],,Unidata missing; GPKG empty
pair,address,01519009,San Jose,[blank],,Unidata missing; GPKG empty
pair,yearbuilt,01519009,San Jose,[blank],,Unidata missing; GPKG empty
pair,yearbuilt,01520001,Alviso,[blank],,Unidata missing; GPKG empty
pair,yearbuilt,01520004,Alviso,[blank],,Unidata missing; GPKG empty
pair,address,01520007,San Jose,[blank],,Unidata missing; GPKG empty
pair,yearbuilt,01520007,San Jose,[blank],,Unidata missing; GPKG empty
pair,address,01520008,San Jose,[blank],,Unidata missing; GPKG empty
pair,yearbuilt,01520008,San Jose,[blank],,Unidata missing; GPKG empty
pair,address,01520009,San Jose,[blank],,Unidata missing; GPKG empty
pair,yearbuilt,01520009,San Jose,[blank],,Unidata missing; GPKG empty
pair,yearbuilt,01520010,Alviso,[blank],,Unidata missing; GPKG empty
pair,yearbuilt,01520011,Alviso,[blank],,Unidata missing; GPKG empty
pair,yearbuilt,01520012,Alviso,[blank],,Unidata missing; GPKG empty
pair,address,01520013,San Jose,[blank],,Unidata missing; GPKG empty
pair,yearbuilt,01520013,San Jose,[blank],,Unidata missing; GPKG empty
pair,yearbuilt,01520014,Alviso,[blank],,Unidata missing; GPKG empty
pair,yearbuilt,01520015,Alviso,[blank],,Unidata missing; GPKG empty
pair,address,01520017,San Jose,[blank],,Unidata missing; GPKG empty
pair,yearbuilt,01520017,San Jose,[blank],,Unidata missing; GPKG empty
pair,yearbuilt,01520018,San Jose,[blank],,Unidata missing; GPKG empty
pair,yearbuilt,01521006,Alviso,[blank],,Unidata missing; GPKG empty
pair,yearbuilt,01521007,Alviso,[blank],,Unidata missing; GPKG empty
pair,yearbuilt,01521008,Alviso,[blank],,Unidata missing; GPKG empty
pair,yearbuilt,01521011,Alviso,[blank],,Unidata missing; GPKG empty
pair,yearbuilt,01521020,Alviso,[blank],,Unidata missing; GPKG empty
pair,yearbuilt,01521021,Alviso,[blank],,Unidata missing; GPKG empty
pair,address,01521022,San Jose,[blank],,Unidata missing; GPKG empty
pair,yearbuilt,01521022,San Jose,[blank],,Unidata missing; GPKG empty
pair,address,01521023,San Jose,[blank],,Unidata missing; GPKG empty
pair,yearbuilt,01521023,San Jose,[blank],,Unidata missing; GPKG empty
pair,address,01521024,San Jose,[blank],,Unidata missing; GPKG empty
pair,yearbuilt,01521024,San Jose,[blank],,Unidata missing; GPKG empty
pair,address,01521025,San Jose,[blank],,Unidata missing; GPKG empty
pair,yearbuilt,01521025,San Jose,[blank],,Unidata missing; GPKG empty
pair,yearbuilt,01522002,Alviso,[blank],,Unidata missing; GPKG empty
pair,yearbuilt,01522003,Alviso,[blank],,Unidata missing; GPKG empty
pair,address,01522006,San Jose,[blank],,Unidata missing; GPKG empty
pair,yearbuilt,01522006,San Jose,[blank],,Unidata missing; GPKG empty
pair,address,01522007,San Jose,[blank],,Unidata missing; GPKG empty
pair,yearbuilt,01522007,San Jose,[blank],,Unidata missing; GPKG empty
pair,address,01522009,San Jose,[blank],,Unidata missing; GPKG empty
pair,yearbuilt,01522009,San Jose,[blank],,Unidata missing; GPKG empty
pair,address,01522010,San Jose,[blank],,Unidata missing; GPKG empty
pair,yearbuilt,01522010,San Jose,[blank],,Unidata missing; GPKG empty
pair,yearbuilt,01523001,Alviso,[blank],,Unidata missing; GPKG empty
pair,yearbuilt,01523002,Alviso,[blank],,Unidata missing; GPKG empty
pair,address,01523008,San Jose,[blank],,Unidata missing; GPKG empty
pair,yearbuilt,01523008,San Jose,[blank],,Unidata missing; GPKG empty
pair,yearbuilt,01523010,San Jose,[blank],,Unidata missing; GPKG empty
pair,yearbuilt,01523011,San Jose,[blank],,Unidata missing; GPKG empty
pair,yearbuilt,01523012,San Jose,[blank],,Unidata missing; GPKG empty
pair,yearbuilt,01523013,San Jose,[blank],,Unidata missing; GPKG empty
pair,address,01524002,San Jose,[blank],,Unidata missing; GPKG empty
pair,yearbuilt,01524002,San Jose,[blank],,Unidata missing; GPKG empty
pair,address,01524010,San Jose,[blank],,Unidata missing; GPKG empty
pair,yearbuilt,01524010,San Jose,[blank],,Unidata missing; GPKG empty
pair,yearbuilt,01524012,San Jose,[blank],,Unidata missing; GPKG empty
pair,yearbuilt,01524015,San Jose,[blank],,Unidata missing; GPKG empty
pair,yearbuilt,01524016,San Jose,[blank],,Unidata missing; GPKG empty
pair,yearbuilt,01524018,Alviso,[blank],,Unidata missing; GPKG empty
pair,yearbuilt,01524019,San Jose,[blank],,Unidata missing; GPKG empty
pair,address,01524020,San Jose,[blank],,Unidata missing; GPKG empty
pair,yearbuilt,01524020,San Jose,[blank],,Unidata missing; GPKG empty
pair,address,01524021,San Jose,[blank],,Unidata missing; GPKG empty
pair,yearbuilt,01524021,San Jose,[blank],,Unidata missing; GPKG empty
pair,address,01524023,San Jose,[blank],,Unidata missing; GPKG empty
pair,yearbuilt,01524023,San Jose,[blank],,Unidata missing; GPKG empty
pair,yearbuilt,01524024,San Jose,[blank],,Unidata missing; GPKG empty
pair,yearbuilt,01525005,Alviso,[blank],,Unidata missing; GPKG empty
pair,address,01525006,San Jose,[blank],,Unidata missing; GPKG empty
pair,yearbuilt,01525006,San Jose,[blank],,Unidata missing; GPKG empty
pair,yearbuilt,01525012,San Jose,[blank],,Unidata missing; GPKG empty
pair,address,01525013,San Jose,[blank],,Unidata missing; GPKG empty
pair,yearbuilt,01525013,San Jose,[blank],,Unidata missing; GPKG empty
pair,yearbuilt,01525017,Alviso,[blank],,Unidata missing; GPKG empty
pair,yearbuilt,01525018,Alviso,[blank],,Unidata missing; GPKG empty
pair,yearbuilt,01525019,Alviso,[blank],,Unidata missing; GPKG empty
pair,yearbuilt,01525020,Alviso,[blank],,Unidata missing; GPKG empty
pair,yearbuilt,01525023,Alviso,[blank],,Unidata missing; GPKG empty
pair,yearbuilt,01525024,Alviso,[blank],,Unidata missing; GPKG empty
pair,address,01525025,San Jose,[blank],,Unidata missing; GPKG empty
pair,yearbuilt,01525025,San Jose,[blank],,Unidata missing; GPKG empty
pair,address,01525026,San Jose,[blank],,Unidata missing; GPKG empty
pair,yearbuilt,01525026,San Jose,[blank],,Unidata missing; GPKG empty
pair,yearbuilt,01525027,San Jose,[blank],,Unidata missing; GPKG empty
pair,address,01525028,San Jose,[blank],,Unidata missing; GPKG empty
pair,yearbuilt,01525028,San Jose,[blank],,Unidata missing; GPKG empty
pair,address,01525029,San Jose,[blank],,Unidata missing; GPKG empty
pair,yearbuilt,01525029,San Jose,[blank],,Unidata missing; GPKG empty
pair,yearbuilt,01526001,San Jose,[blank],,Unidata missing; GPKG empty
pair,yearbuilt,01526007,San Jose,[blank],,Unidata missing; GPKG empty
pair,yearbuilt,01526012,San Jose,[blank],,Unidata missing; GPKG empty
pair,address,01526013,San Jose,[blank],,Unidata missing; GPKG empty
pair,yearbuilt,01526013,San Jose,[blank],,Unidata missing; GPKG empty
pair,address,01526015,San Jose,[blank],,Unidata missing; GPKG empty
pair,yearbuilt,01526015,San Jose,[blank],,Unidata missing; GPKG empty
pair,address,01526020,San Jose,[blank],,Unidata missing; GPKG empty
pair,yearbuilt,01526020,San Jose,[blank],,Unidata missing; GPKG empty
pair,address,01526021,San Jose,[blank],,Unidata missing; GPKG empty
pair,yearbuilt,01526021,San Jose,[blank],,Unidata missing; GPKG empty
pair,yearbuilt,01526022,San Jose,[blank],,Unidata missing; GPKG empty
pair,yearbuilt,01526023,San Jose,[blank],,Unidata missing; GPKG empty
pair,address,01526025,San Jose,[blank],,Unidata missing; GPKG empty
pair,yearbuilt,01526025,San Jose,[blank],,Unidata missing; GPKG empty
pair,address,01526026,San Jose,[blank],,Unidata missing; GPKG empty
pair,yearbuilt,01526026,San Jose,[blank],,Unidata missing; GPKG empty
pair,address,01526027,San Jose,[blank],,Unidata missing; GPKG empty
pair,yearbuilt,01526027,San Jose,[blank],,Unidata missing; GPKG empty
pair,address,01527007,San Jose,[blank],,Unidata missing; GPKG empty
pair,yearbuilt,01527007,San Jose,[blank],,Unidata missing; GPKG empty
pair,yearbuilt,01527012,San Jose,[blank],,Unidata missing; GPKG empty
pair,yearbuilt,01527013,San Jose,[blank],,Unidata missing; GPKG empty
pair,address,01527014,San Jose,[blank],,Unidata missing; GPKG empty
pair,yearbuilt,01527014,San Jose,[blank],,Unidata missing; GPKG empty
pair,address,01527015,San Jose,[blank],,Unidata missing; GPKG empty
pair,yearbuilt,01527015,San Jose,[blank],,Unidata missing; GPKG empty
pair,yearbuilt,01527016,San Jose,[blank],,Unidata missing; GPKG empty
pair,yearbuilt,01527017,San Jose,[blank],,Unidata missing; GPKG empty
pair,address,01527018,San Jose,[blank],,Unidata missing; GPKG empty
pair,yearbuilt,01527018,San Jose,[blank],,Unidata missing; GPKG empty
pair,yearbuilt,01527019,San Jose,[blank],,Unidata missing; GPKG empty
pair,yearbuilt,01527021,San Jose,[blank],,Unidata missing; GPKG empty
pair,yearbuilt,01527022,San Jose,[blank],,Unidata missing; GPKG empty
pair,address,01527023,San Jose,[blank],,Unidata missing; GPKG empty
pair,yearbuilt,01527023,San Jose,[blank],,Unidata missing; GPKG empty
pair,address,01528007,San Jose,[blank],,Unidata missing; GPKG empty
pair,yearbuilt,01528007,San Jose,[blank],,Unidata missing; GPKG empty
pair,yearbuilt,01529004,San Jose,[blank],,Unidata missing; GPKG empty
pair,yearbuilt,01530057,San Jose,[blank],,Unidata missing; GPKG empty
pair,address,01530058,San Jose,[blank],,Unidata missing; GPKG empty
pair,yearbuilt,01530058,San Jose,[blank],,Unidata missing; GPKG empty
pair,address,01530061,San Jose,[blank],,Unidata missing; GPKG empty
pair,yearbuilt,01530061,San Jose,[blank],,Unidata missing; GPKG empty
pair,address,01530070,San Jose,[blank],,Unidata missing; GPKG empty
pair,yearbuilt,01530070,San Jose,[blank],,Unidata missing; GPKG empty
pair,yearbuilt,01530105,San Jose,[blank],,Unidata missing; GPKG empty
pair,yearbuilt,01530106,Alviso,[blank],,Unidata missing; GPKG empty
pair,yearbuilt,01530109,San Jose,[blank],,Unidata missing; GPKG empty
pair,address,01530110,San Jose,[blank],,Unidata missing; GPKG empty
pair,yearbuilt,01530110,San Jose,[blank],,Unidata missing; GPKG empty
pair,yearbuilt,01531008,San Jose,[blank],,Unidata missing; GPKG empty
pair,yearbuilt,01531023,San Jose,[blank],,Unidata missing; GPKG empty
pair,yearbuilt,01531024,San Jose,[blank],,Unidata missing; GPKG empty
pair,yearbuilt,01531028,San Jose,[blank],,Unidata missing; GPKG empty
pair,yearbuilt,01531044,San Jose,[blank],,Unidata missing; GPKG empty
pair,yearbuilt,01531050,San Jose,[blank],,Unidata missing; GPKG empty
pair,address,01531051,San Jose,[blank],,Unidata missing; GPKG empty
pair,yearbuilt,01531051,San Jose,[blank],,Unidata missing; GPKG empty
pair,yearbuilt,01531054,San Jose,[blank],,Unidata missing; GPKG empty
pair,address,01531056,San Jose,[blank],,Unidata missing; GPKG empty
pair,yearbuilt,01531056,San Jose,[blank],,Unidata missing; GPKG empty
pair,zoning,01531056,San Jose,[blank],,Unidata missing; GPKG empty
pair,address,01531058,Milpitas,[blank],,Unidata missing; GPKG empty
pair,yearbuilt,01531058,Milpitas,[blank],,Unidata missing; GPKG empty
pair,zoning,01531058,Milpitas,[blank],,Unidata missing; GPKG empty
pair,yearbuilt,01531060,Milpitas,[blank],,Unidata missing; GPKG empty
pair,address,01531061,San Jose,[blank],,Unidata missing; GPKG empty
pair,yearbuilt,01531061,San Jose,[blank],,Unidata missing; GPKG empty
pair,address,01531062,San Jose,[blank],,Unidata missing; GPKG empty
pair,yearbuilt,01531062,San Jose,[blank],,Unidata missing; GPKG empty
pair,yearbuilt,01531063,San Jose,[blank],,Unidata missing; GPKG empty
pair,yearbuilt,01531068,San Jose,[blank],,Unidata missing; GPKG empty
pair,zoning,01531068,San Jose,[blank],,Unidata missing; GPKG empty
pair,address,01531069,Milpitas,[blank],,Unidata missing; GPKG empty
pair,yearbuilt,01531069,Milpitas,[blank],,Unidata missing; GPKG empty
pair,address,01531070,San Jose,[blank],,Unidata missing; GPKG empty
pair,yearbuilt,01531070,San Jose,[blank],,Unidata missing; GPKG empty
pair,address,01531071,San Jose,[blank],,Unidata missing; GPKG empty
pair,yearbuilt,01531071,San Jose,[blank],,Unidata missing; GPKG empty
pair,yearbuilt,01531072,San Jose,[blank],,Unidata missing; GPKG empty
pair,yearbuilt,01532006,Fremont,[blank],,Unidata missing; GPKG empty
pair,zoning,01532006,Fremont,[blank],,Unidata missing; GPKG empty
pair,yearbuilt,01532011,Alviso,[blank],,Unidata missing; GPKG empty
pair,yearbuilt,01532014,Alviso,[blank],,Unidata missing; GPKG empty
pair,yearbuilt,01532018,Alviso,[blank],,Unidata missing; GPKG empty
pair,yearbuilt,01532019,Alviso,[blank],,Unidata missing; GPKG empty
pair,address,01532020,San Jose,[blank],,Unidata missing; GPKG empty
pair,yearbuilt,01532020,San Jose,[blank],,Unidata missing; GPKG empty
pair,yearbuilt,01532024,Alviso,[blank],,Unidata missing; GPKG empty
pair,yearbuilt,01532025,Alviso,[blank],,Unidata missing; GPKG empty
pair,yearbuilt,01532026,Alviso,[blank],,Unidata missing; GPKG empty
pair,yearbuilt,01532027,Alviso,[blank],,Unidata missing; GPKG empty
pair,yearbuilt,01532028,Alviso,[blank],,Unidata missing; GPKG empty
pair,yearbuilt,01532029,Alviso,[blank],,Unidata missing; GPKG empty
pair,yearbuilt,01532030,Alviso,[blank],,Unidata missing; GPKG empty
pair,yearbuilt,01532032,Alviso,[blank],,Unidata missing; GPKG empty
pair,yearbuilt,01532034,Alviso,[blank],,Unidata missing; GPKG empty
pair,yearbuilt,01532042,San Jose,[blank],,Unidata missing; GPKG empty
pair,yearbuilt,01532043,San Jose,[blank],,Unidata missing; GPKG empty
pair,yearbuilt,01532044,San Jose,[blank],,Unidata missing; GPKG empty
pair,address,01533001,San Jose,[blank],,Unidata missing; GPKG empty
pair,yearbuilt,01533001,San Jose,[blank],,Unidata missing; GPKG empty
pair,yearbuilt,01533007,Sunnyvale,[blank],,Unidata missing; GPKG empty
pair,yearbuilt,01533011,San Jose,[blank],,Unidata missing; GPKG empty
pair,zoning,01533011,San Jose,[blank],,Unidata missing; GPKG empty
pair,yearbuilt,01533016,San Jose,[blank],,Unidata missing; GPKG empty
pair,yearbuilt,01533022,San Jose,[blank],,Unidata missing; GPKG empty
pair,yearbuilt,01533023,San Jose,[blank],,Unidata missing; GPKG empty
pair,address,01533024,San Jose,[blank],,Unidata missing; GPKG empty
pair,yearbuilt,01533024,San Jose,[blank],,Unidata missing; GPKG empty
pair,address,01533025,San Jose,[blank],,Unidata missing; GPKG empty
pair,yearbuilt,01533025,San Jose,[blank],,Unidata missing; GPKG empty
pair,yearbuilt,01533026,San Jose,[blank],,Unidata missing; GPKG empty
pair,zoning,01533026,San Jose,[blank],,Unidata missing; GPKG empty
pair,yearbuilt,01533029,San Jose,[blank],,Unidata missing; GPKG empty
pair,address,01533032,Fremont,[blank],,Unidata missing; GPKG empty
pair,yearbuilt,01533032,Fremont,[blank],,Unidata missing; GPKG empty
pair,zoning,01533032,Fremont,[blank],,Unidata missing; GPKG empty
pair,yearbuilt,01533033,San Jose,[blank],,Unidata missing; GPKG empty
pair,yearbuilt,01533034,San Jose,[blank],,Unidata missing; GPKG empty
pair,zoning,01533034,San Jose,[blank],,Unidata missing; GPKG empty
pair,yearbuilt,01533035,San Jose,[blank],,Unidata missing; GPKG empty
pair,zoning,01533035,San Jose,[blank],,Unidata missing; GPKG empty
pair,address,01533037,San Jose,[blank],,Unidata missing; GPKG empty
pair,yearbuilt,01533037,San Jose,[blank],,Unidata missing; GPKG empty
pair,yearbuilt,01533038,San Jose,[blank],,Unidata missing; GPKG empty
pair,yearbuilt,01533039,San Jose,[blank],,Unidata missing; GPKG empty
pair,yearbuilt,01533040,San Jose,[blank],,Unidata missing; GPKG empty
pair,yearbuilt,01533041,San Jose,[blank],,Unidata missing; GPKG empty
pair,yearbuilt,01533042,San Jose,[blank],,Unidata missing; GPKG empty
pair,yearbuilt,01533043,San Jose,[blank],,Unidata missing; GPKG empty
pair,yearbuilt,01533044,San Jose,[blank],,Unidata missing; GPKG empty
pair,yearbuilt,01533045,San Jose,[blank],,Unidata missing; GPKG empty
pair,yearbuilt,01533046,San Jose,[blank],,Unidata missing; GPKG empty
pair,address,01533053,San Jose,[blank],,Unidata missing; GPKG empty
pair,yearbuilt,01533053,San Jose,[blank],,Unidata missing; GPKG empty
pair,address,01533054,San Jose,[blank],,Unidata missing; GPKG empty
pair,yearbuilt,01533054,San Jose,[blank],,Unidata missing; GPKG empty
pair,yearbuilt,01533055,San Jose,[blank],,Unidata missing; GPKG empty
pair,yearbuilt,01534019,San Jose,[blank],,Unidata missing; GPKG empty
pair,yearbuilt,01534026,San Jose,[blank],,Unidata missing; GPKG empty
pair,yearbuilt,01534044,San Jose,[blank],,Unidata missing; GPKG empty
pair,address,01534048,San Jose,[blank],,Unidata missing; GPKG empty
pair,yearbuilt,01534048,San Jose,[blank],,Unidata missing; GPKG empty
pair,address,01534049,San Jose,[blank],,Unidata missing; GPKG empty
pair,yearbuilt,01534049,San Jose,[blank],,Unidata missing; GPKG empty
pair,yearbuilt,01534050,San Jose,[blank],,Unidata missing; GPKG empty
pair,yearbuilt,01534051,San Jose,[blank],,Unidata missing; GPKG empty
pair,yearbuilt,01534052,San Jose,[blank],,Unidata missing; GPKG empty
pair,yearbuilt,01534069,San Jose,[blank],,Unidata missing; GPKG empty
pair,address,01534072,San Jose,[blank],,Unidata missing; GPKG empty
pair,yearbuilt,01534072,San Jose,[blank],,Unidata missing; GPKG empty
pair,yearbuilt,01534075,San Jose,[blank],,Unidata missing; GPKG empty
pair,yearbuilt,01534076,San Jose,[blank],,Unidata missing; GPKG empty
pair,address,01534080,San Jose,[blank],,Unidata missing; GPKG empty
pair,yearbuilt,01534080,San Jose,[blank],,Unidata missing; GPKG empty
pair,address,01534083,San Jose,[blank],,Unidata missing; GPKG empty
pair,yearbuilt,01534083,San Jose,[blank],,Unidata missing; GPKG empty
pair,zoning,01534083,San Jose,[blank],,Unidata missing; GPKG empty
pair,address,01534084,San Jose,[blank],,Unidata missing; GPKG empty
pair,yearbuilt,01534084,San Jose,[blank],,Unidata missing; GPKG empty
pair,yearbuilt,01534102,San Jose,[blank],,Unidata missing; GPKG empty
pair,yearbuilt,01534112,San Jose,[blank],,Unidata missing; GPKG empty
pair,yearbuilt,01534114,San Jose,[blank],,Unidata missing; GPKG empty
pair,yearbuilt,01534116,San Jose,[blank],,Unidata missing; GPKG empty
pair,yearbuilt,01534119,San Jose,[blank],,Unidata missing; GPKG empty
pair,yearbuilt,01534122,San Jose,[blank],,Unidata missing; GPKG empty
pair,yearbuilt,01534124,San Jose,[blank],,Unidata missing; GPKG empty
pair,address,01535001,Sunnyvale,[blank],,Unidata missing; GPKG empty
pair,yearbuilt,01535001,Sunnyvale,[blank],,Unidata missing; GPKG empty
pair,yearbuilt,01535003,Alviso,[blank],,Unidata missing; GPKG empty
pair,address,01535005,San Jose,[blank],,Unidata missing; GPKG empty
pair,yearbuilt,01535005,San Jose,[blank],,Unidata missing; GPKG empty
pair,zoning,01535005,San Jose,[blank],,Unidata missing; GPKG empty
pair,yearbuilt,01535007,Alviso,[blank],,Unidata missing; GPKG empty
pair,yearbuilt,01535012,San Jose,[blank],,Unidata missing; GPKG empty
pair,yearbuilt,01535014,San Jose,[blank],,Unidata missing; GPKG empty
pair,yearbuilt,01535015,San Jose,[blank],,Unidata missing; GPKG empty
pair,yearbuilt,01535016,San Jose,[blank],,Unidata missing; GPKG empty
pair,yearbuilt,01535017,San Jose,[blank],,Unidata missing; GPKG empty
pair,yearbuilt,01535018,San Jose,[blank],,Unidata missing; GPKG empty
pair,yearbuilt,01535021,Alviso,[blank],,Unidata missing; GPKG empty
pair,yearbuilt,01535023,Sunnyvale,[blank],,Unidata missing; GPKG empty
pair,address,01535024,San Jose,[blank],,Unidata missing; GPKG empty
pair,yearbuilt,01535024,San Jose,[blank],,Unidata missing; GPKG empty
pair,yearbuilt,01535028,Alviso,[blank],,Unidata missing; GPKG empty
pair,yearbuilt,01535029,Alviso,[blank],,Unidata missing; GPKG empty
pair,yearbuilt,01535032,Sunnyvale,[blank],,Unidata missing; GPKG empty
pair,address,01535033,Sunnyvale,[blank],,Unidata missing; GPKG empty
pair,yearbuilt,01535033,Sunnyvale,[blank],,Unidata missing; GPKG empty
pair,yearbuilt,01535035,San Jose,[blank],,Unidata missing; GPKG empty
pair,address,01535037,Sunnyvale,[blank],,Unidata missing; GPKG empty
pair,yearbuilt,01535037,Sunnyvale,[blank],,Unidata missing; GPKG empty
pair,address,01535038,Sunnyvale,[blank],,Unidata missing; GPKG empty
pair,yearbuilt,01535038,Sunnyvale,[blank],,Unidata missing; GPKG empty
pair,yearbuilt,01535040,San Jose,[blank],,Unidata missing; GPKG empty
pair,address,01535045,Sunnyvale,[blank],,Unidata missing; GPKG empty
pair,yearbuilt,01535045,Sunnyvale,[blank],,Unidata missing; GPKG empty
pair,address,01535046,Sunnyvale,[blank],,Unidata missing; GPKG empty
pair,yearbuilt,01535046,Sunnyvale,[blank],,Unidata missing; GPKG empty
pair,yearbuilt,01535047,San Jose,[blank],,Unidata missing; GPKG empty
pair,address,01535048,San Jose,[blank],,Unidata missing; GPKG empty
pair,yearbuilt,01535048,San Jose,[blank],,Unidata missing; GPKG empty
pair,address,01535049,Sunnyvale,[blank],,Unidata missing; GPKG empty
pair,yearbuilt,01535049,Sunnyvale,[blank],,Unidata missing; GPKG empty
pair,address,01535050,Sunnyvale,[blank],,Unidata missing; GPKG empty
pair,yearbuilt,01535050,Sunnyvale,[blank],,Unidata missing; GPKG empty
pair,address,01535051,Sunnyvale,[blank],,Unidata missing; GPKG empty
pair,yearbuilt,01535051,Sunnyvale,[blank],,Unidata missing; GPKG empty
pair,address,01535052,Sunnyvale,[blank],,Unidata missing; GPKG empty
pair,yearbuilt,01535052,Sunnyvale,[blank],,Unidata missing; GPKG empty
pair,yearbuilt,01536001,Mountain View,[blank],,Unidata missing; GPKG empty
pair,address,01536009,Sunnyvale,[blank],,Unidata missing; GPKG empty
pair,yearbuilt,01536009,Sunnyvale,[blank],,Unidata missing; GPKG empty
pair,yearbuilt,01536011,Mountain View,[blank],,Unidata missing; GPKG empty
pair,yearbuilt,01536012,Mountain View,[blank],,Unidata missing; GPKG empty
pair,address,01536013,Palo Alto,[blank],,Unidata missing; GPKG empty
pair,yearbuilt,01536013,Palo Alto,[blank],,Unidata missing; GPKG empty
pair,address,01536017,Mountain View,[blank],,Unidata missing; GPKG empty
pair,yearbuilt,01536017,Mountain View,[blank],,Unidata missing; GPKG empty
pair,address,01536018,Mountain View,[blank],,Unidata missing; GPKG empty
pair,yearbuilt,01536018,Mountain View,[blank],,Unidata missing; GPKG empty
pair,yearbuilt,01536019,Mountain View,[blank],,Unidata missing; GPKG empty
pair,yearbuilt,01536020,Mountain View,[blank],,Unidata missing; GPKG empty
pair,yearbuilt,01536021,Mountain View,[blank],,Unidata missing; GPKG empty
pair,address,01536022,Mountain View,[blank],,Unidata missing; GPKG empty
pair,yearbuilt,01536022,Mountain View,[blank],,Unidata missing; GPKG empty
pair,yearbuilt,01536023,Mountain View,[blank],,Unidata missing; GPKG empty
pair,zoning,01536023,Mountain View,[blank],,Unidata missing; GPKG empty
pair,yearbuilt,01536024,Mountain View,[blank],,Unidata missing; GPKG empty
pair,yearbuilt,01536025,Mountain View,[blank],,Unidata missing; GPKG empty
pair,address,01536026,Mountain View,[blank],,Unidata missing; GPKG empty
pair,yearbuilt,01536026,Mountain View,[blank],,Unidata missing; GPKG empty
pair,yearbuilt,01536028,Mountain View,[blank],,Unidata missing; GPKG empty
pair,yearbuilt,01536031,Alviso,[blank],,Unidata missing; GPKG empty
pair,address,01536032,Sunnyvale,[blank],,Unidata missing; GPKG empty
pair,yearbuilt,01536032,Sunnyvale,[blank],,Unidata missing; GPKG empty
pair,zoning,01536032,Sunnyvale,[blank],,Unidata missing; GPKG empty
pair,yearbuilt,01536033,Alviso,[blank],,Unidata missing; GPKG empty
pair,zoning,01536033,Alviso,[blank],,Unidata missing; GPKG empty
pair,yearbuilt,01536034,Alviso,[blank],,Unidata missing; GPKG empty
pair,zoning,01536034,Alviso,[blank],,Unidata missing; GPKG empty
pair,address,01536035,Sunnyvale,[blank],,Unidata missing; GPKG empty
pair,yearbuilt,01536035,Sunnyvale,[blank],,Unidata missing; GPKG empty
pair,yearbuilt,01536037,Alviso,[blank],,Unidata missing; GPKG empty
pair,yearbuilt,01536038,Mountain View,[blank],,Unidata missing; GPKG empty
pair,address,01536039,Palo Alto,[blank],,Unidata missing; GPKG empty
pair,yearbuilt,01536039,Palo Alto,[blank],,Unidata missing; GPKG empty
pair,yearbuilt,01536041,Mountain View,[blank],,Unidata missing; GPKG empty
pair,yearbuilt,01536042,Alviso,[blank],,Unidata missing; GPKG empty
pair,address,01536043,Mountain View,[blank],,Unidata missing; GPKG empty
pair,yearbuilt,01536043,Mountain View,[blank],,Unidata missing; GPKG empty
pair,yearbuilt,01536044,Mountain View,[blank],,Unidata missing; GPKG empty
pair,yearbuilt,01536045,Mountain View,[blank],,Unidata missing; GPKG empty
pair,address,01536046,Mountain View,[blank],,Unidata missing; GPKG empty
pair,yearbuilt,01536046,Mountain View,[blank],,Unidata missing; GPKG empty
pair,yearbuilt,01537003,Alviso,[blank],,Unidata missing; GPKG empty
pair,zoning,01537003,Alviso,[blank],,Unidata missing; GPKG empty
pair,yearbuilt,01537009,Alviso,[blank],,Unidata missing; GPKG empty
pair,zoning,01537009,Alviso,[blank],,Unidata missing; GPKG empty
pair,yearbuilt,01537011,Alviso,[blank],,Unidata missing; GPKG empty
pair,zoning,01537011,Alviso,[blank],,Unidata missing; GPKG empty
pair,yearbuilt,01537012,Alviso,[blank],,Unidata missing; GPKG empty
pair,zoning,01537012,Alviso,[blank],,Unidata missing; GPKG empty
pair,yearbuilt,01537013,Alviso,[blank],,Unidata missing; GPKG empty
pair,yearbuilt,01537014,Alviso,[blank],,Unidata missing; GPKG empty
pair,yearbuilt,01537015,Alviso,[blank],,Unidata missing; GPKG empty
pair,yearbuilt,01537016,Alviso,[blank],,Unidata missing; GPKG empty
pair,zoning,01537016,Alviso,[blank],,Unidata missing; GPKG empty
pair,yearbuilt,01537017,Alviso,[blank],,Unidata missing; GPKG empty
pair,zoning,01537017,Alviso,[blank],,Unidata missing; GPKG empty
pair,yearbuilt,01538004,San Jose,[blank],,Unidata missing; GPKG empty
pair,yearbuilt,01538005,San Jose,[blank],,Unidata missing; GPKG empty
pair,address,01539014,San Jose,[blank],,Unidata missing; GPKG empty
pair,yearbuilt,01539014,San Jose,[blank],,Unidata missing; GPKG empty
pair,yearbuilt,01539019,San Jose,[blank],,Unidata missing; GPKG empty
pair,yearbuilt,01539023,San Jose,[blank],,Unidata missing; GPKG empty
pair,yearbuilt,01539024,San Jose,[blank],,Unidata missing; GPKG empty
pair,yearbuilt,01539029,San Jose,[blank],,Unidata missing; GPKG empty
pair,yearbuilt,01539042,San Jose,[blank],,Unidata missing; GPKG empty
pair,yearbuilt,01539056,San Jose,[blank],,Unidata missing; GPKG empty
pair,address,01540001,San Jose,[blank],,Unidata missing; GPKG empty
pair,yearbuilt,01540001,San Jose,[blank],,Unidata missing; GPKG empty
pair,yearbuilt,01540003,San Jose,[blank],,Unidata missing; GPKG empty
pair,address,01540004,San Jose,[blank],,Unidata missing; GPKG empty
pair,yearbuilt,01540004,San Jose,[blank],,Unidata missing; GPKG empty
pair,address,01541001,San Jose,[blank],,Unidata missing; GPKG empty
pair,yearbuilt,01541001,San Jose,[blank],,Unidata missing; GPKG empty
pair,address,01541002,San Jose,[blank],,Unidata missing; GPKG empty
pair,yearbuilt,01541002,San Jose,[blank],,Unidata missing; GPKG empty
pair,address,01541003,San Jose,[blank],,Unidata missing; GPKG empty
pair,yearbuilt,01541003,San Jose,[blank],,Unidata missing; GPKG empty
pair,address,01541004,San Jose,[blank],,Unidata missing; GPKG empty
pair,yearbuilt,01541004,San Jose,[blank],,Unidata missing; GPKG empty
pair,address,01541005,San Jose,[blank],,Unidata missing; GPKG empty
pair,yearbuilt,01541005,San Jose,[blank],,Unidata missing; GPKG empty
pair,yearbuilt,01541006,San Jose,[blank],,Unidata missing; GPKG empty
pair,yearbuilt,01542001,San Jose,[blank],,Unidata missing; GPKG empty
pair,address,01542002,San Jose,[blank],,Unidata missing; GPKG empty
pair,yearbuilt,01542002,San Jose,[blank],,Unidata missing; GPKG empty
pair,address,01542003,San Jose,[blank],,Unidata missing; GPKG empty
pair,yearbuilt,01542003,San Jose,[blank],,Unidata missing; GPKG empty
pair,address,01542004,San Jose,[blank],,Unidata missing; GPKG empty
pair,yearbuilt,01542004,San Jose,[blank],,Unidata missing; GPKG empty
pair,yearbuilt,01542005,Alviso,[blank],,Unidata missing; GPKG empty
pair,address,01542006,San Jose,[blank],,Unidata missing; GPKG empty
pair,yearbuilt,01542006,San Jose,[blank],,Unidata missing; GPKG empty
pair,yearbuilt,01542007,Alviso,[blank],,Unidata missing; GPKG empty
pair,yearbuilt,01542008,Alviso,[blank],,Unidata missing; GPKG empty
pair,yearbuilt,01542009,Alviso,[blank],,Unidata missing; GPKG empty
pair,yearbuilt,01543002,Alviso,[blank],,Unidata missing; GPKG empty
pair,yearbuilt,01543012,San Jose,[blank],,Unidata missing; GPKG empty
pair,yearbuilt,01543020,San Jose,[blank],,Unidata missing; GPKG empty
pair,address,01543022,San Jose,[blank],,Unidata missing; GPKG empty
pair,yearbuilt,01543022,San Jose,[blank],,Unidata missing; GPKG empty
pair,yearbuilt,01543023,San Jose,[blank],,Unidata missing; GPKG empty
pair,yearbuilt,01544004,San Jose,[blank],,Unidata missing; GPKG empty
pair,yearbuilt,01544012,San Jose,[blank],,Unidata missing; GPKG empty
pair,yearbuilt,01544013,San Jose,[blank],,Unidata missing; GPKG empty
pair,address,01545011,San Jose,[blank],,Unidata missing; GPKG empty
pair,yearbuilt,01545011,San Jose,[blank],,Unidata missing; GPKG empty
pair,yearbuilt,01545024,San Jose,[blank],,Unidata missing; GPKG empty
pair,address,01545031,San Jose,[blank],,Unidata missing; GPKG empty
pair,yearbuilt,01545031,San Jose,[blank],,Unidata missing; GPKG empty
pair,address,01545032,San Jose,[blank],,Unidata missing; GPKG empty
pair,yearbuilt,01545032,San Jose,[blank],,Unidata missing; GPKG empty
pair,yearbuilt,01545050,San Jose,[blank],,Unidata missing; GPKG empty
pair,yearbuilt,01547001,San Jose,[blank],,Unidata missing; GPKG empty
pair,address,01547002,San Jose,[blank],,Unidata missing; GPKG empty
pair,yearbuilt,01547002,San Jose,[blank],,Unidata missing; GPKG empty
pair,yearbuilt,01547003,San Jose,[blank],,Unidata missing; GPKG empty
pair,yearbuilt,01547004,San Jose,[blank],,Unidata missing; GPKG empty
pair,yearbuilt,01547005,San Jose,[blank],,Unidata missing; GPKG empty
pair,yearbuilt,01548001,San Jose,[blank],,Unidata missing; GPKG empty
pair,address,01548002,San Jose,[blank],,Unidata missing; GPKG empty
pair,yearbuilt,01548002,San Jose,[blank],,Unidata missing; GPKG empty
pair,address,01548003,San Jose,[blank],,Unidata missing; GPKG empty
pair,yearbuilt,01548003,San Jose,[blank],,Unidata missing; GPKG empty
pair,yearbuilt,01548004,San Jose,[blank],,Unidata missing; GPKG empty
pair,yearbuilt,01548007,San Jose,[blank],,Unidata missing; GPKG empty
pair,yearbuilt,01548012,San Jose,[blank],,Unidata missing; GPKG empty
pair,address,02201018,Fremont,[blank],,Unidata missing; GPKG empty
pair,yearbuilt,02201018,Fremont,[blank],,Unidata missing; GPKG empty
pair,zoning,02201018,Fremont,[blank],,Unidata missing; GPKG empty
pair,yearbuilt,02201019,Milpitas,[blank],,Unidata missing; GPKG empty
pair,zoning,02201019,Milpitas,[blank],,Unidata missing; GPKG empty
pair,yearbuilt,02201021,Milpitas,[blank],,Unidata missing; GPKG empty
pair,yearbuilt,02202006,Milpitas,[blank],,Unidata missing; GPKG empty
pair,yearbuilt,02202014,Milpitas,[blank],,Unidata missing; GPKG empty
pair,zoning,02202014,Milpitas,[blank],,Unidata missing; GPKG empty
pair,address,02202020,Milpitas,[blank],,Unidata missing; GPKG empty
pair,yearbuilt,02202020,Milpitas,[blank],,Unidata missing; GPKG empty
pair,zoning,02202020,Milpitas,[blank],,Unidata missing; GPKG empty
pair,address,02202024,Milpitas,[blank],,Unidata missing; GPKG empty
pair,yearbuilt,02202024,Milpitas,[blank],,Unidata missing; GPKG empty
pair,yearbuilt,02202047,Milpitas,[blank],,Unidata missing; GPKG empty
pair,address,02202052,Milpitas,[blank],,Unidata missing; GPKG empty
pair,yearbuilt,02202052,Milpitas,[blank],,Unidata missing; GPKG empty
pair,address,02203001,Milpitas,[blank],,Unidata missing; GPKG empty
pair,yearbuilt,02203001,Milpitas,[blank],,Unidata missing; GPKG empty
pair,yearbuilt,02203029,Milpitas,[blank],,Unidata missing; GPKG empty
pair,zoning,02203029,Milpitas,[blank],,Unidata missing; GPKG empty
pair,address,02203030,Milpitas,[blank],,Unidata missing; GPKG empty
pair,yearbuilt,02203030,Milpitas,[blank],,Unidata missing; GPKG empty
pair,yearbuilt,02203031,Milpitas,[blank],,Unidata missing; GPKG empty
pair,yearbuilt,02205079,Milpitas,[blank],,Unidata missing; GPKG empty
pair,yearbuilt,02205080,Milpitas,[blank],,Unidata missing; GPKG empty
pair,yearbuilt,02207007,Milpitas,[blank],,Unidata missing; GPKG empty
pair,yearbuilt,02208003,Milpitas,[blank],,Unidata missing; GPKG empty
pair,yearbuilt,02208043,Milpitas,[blank],,Unidata missing; GPKG empty
pair,yearbuilt,02208044,Milpitas,[blank],,Unidata missing; GPKG empty
pair,address,02209016,Milpitas,[blank],,Unidata missing; GPKG empty
pair,yearbuilt,02209016,Milpitas,[blank],,Unidata missing; GPKG empty
pair,address,02209053,Milpitas,[blank],,Unidata missing; GPKG empty
pair,yearbuilt,02209053,Milpitas,[blank],,Unidata missing; GPKG empty
pair,address,02213053,Milpitas,[blank],,Unidata missing; GPKG empty
pair,yearbuilt,02213053,Milpitas,[blank],,Unidata missing; GPKG empty
pair,address,02224006,Milpitas,[blank],,Unidata missing; GPKG empty
pair,yearbuilt,02224006,Milpitas,[blank],,Unidata missing; GPKG empty
pair,yearbuilt,02224008,Milpitas,[blank],,Unidata missing; GPKG empty
pair,yearbuilt,02224009,Milpitas,[blank],,Unidata missing; GPKG empty
pair,yearbuilt,02224024,Milpitas,[blank],,Unidata missing; GPKG empty
pair,yearbuilt,02224042,Milpitas,[blank],,Unidata missing; GPKG empty
pair,address,02224046,Milpitas,[blank],,Unidata missing; GPKG empty
pair,yearbuilt,02224046,Milpitas,[blank],,Unidata missing; GPKG empty
pair,zoning,02224046,Milpitas,[blank],,Unidata missing; GPKG empty
pair,yearbuilt,02224050,Milpitas,[blank],,Unidata missing; GPKG empty
pair,address,02224051,Milpitas,[blank],,Unidata missing; GPKG empty
pair,yearbuilt,02224051,Milpitas,[blank],,Unidata missing; GPKG empty
pair,address,02225047,Milpitas,[blank],,Unidata missing; GPKG empty
pair,yearbuilt,02225047,Milpitas,[blank],,Unidata missing; GPKG empty
pair,yearbuilt,02226001,Milpitas,[blank],,Unidata missing; GPKG empty
pair,yearbuilt,02227001,Milpitas,[blank],,Unidata missing; GPKG empty
pair,yearbuilt,02228010,Milpitas,[blank],,Unidata missing; GPKG empty
pair,yearbuilt,02228026,Milpitas,[blank],,Unidata missing; GPKG empty
pair,address,02229026,Milpitas,[blank],,Unidata missing; GPKG empty
pair,yearbuilt,02229026,Milpitas,[blank],,Unidata missing; GPKG empty
pair,zoning,02229026,Milpitas,[blank],,Unidata missing; GPKG empty
pair,yearbuilt,02229037,Milpitas,[blank],,Unidata missing; GPKG empty
pair,address,02229038,Milpitas,[blank],,Unidata missing; GPKG empty
pair,yearbuilt,02229038,Milpitas,[blank],,Unidata missing; GPKG empty
pair,address,02229039,Milpitas,[blank],,Unidata missing; GPKG empty
pair,yearbuilt,02229039,Milpitas,[blank],,Unidata missing; GPKG empty
pair,zoning,02229039,Milpitas,[blank],,Unidata missing; GPKG empty
pair,yearbuilt,02230001,Milpitas,[blank],,Unidata missing; GPKG empty
pair,zoning,02230001,Milpitas,[blank],,Unidata missing; GPKG empty
pair,address,02230035,Milpitas,[blank],,Unidata missing; GPKG empty
pair,yearbuilt,02230035,Milpitas,[blank],,Unidata missing; GPKG empty
pair,yearbuilt,02230038,Milpitas,[blank],,Unidata missing; GPKG empty
pair,address,02230042,Milpitas,[blank],,Unidata missing; GPKG empty
pair,yearbuilt,02230042,Milpitas,[blank],,Unidata missing; GPKG empty
pair,zoning,02230042,Milpitas,[blank],,Unidata missing; GPKG empty
pair,address,02230043,Milpitas,[blank],,Unidata missing; GPKG empty
pair,yearbuilt,02230043,Milpitas,[blank],,Unidata missing; GPKG empty
pair,zoning,02230043,Milpitas,[blank],,Unidata missing; GPKG empty
pair,address,02230049,Milpitas,[blank],,Unidata missing; GPKG empty
pair,yearbuilt,02230049,Milpitas,[blank],,Unidata missing; GPKG empty
pair,address,02230051,Milpitas,[blank],,Unidata missing; GPKG empty
pair,yearbuilt,02230051,Milpitas,[blank],,Unidata missing; GPKG empty
pair,zoning,02230051,Milpitas,[blank],,Unidata missing; GPKG empty
pair,address,02230052,Milpitas,[blank],,Unidata missing; GPKG empty
pair,yearbuilt,02230052,Milpitas,[blank],,Unidata missing; GPKG empty
pair,zoning,02230052,Milpitas,[blank],,Unidata missing; GPKG empty
pair,address,02230058,Milpitas,[blank],,Unidata missing; GPKG empty
pair,yearbuilt,02230058,Milpitas,[blank],,Unidata missing; GPKG empty
pair,address,02230059,Milpitas,[blank],,Unidata missing; GPKG empty
pair,yearbuilt,02230059,Milpitas,[blank],,Unidata missing; GPKG empty
pair,address,02231008,Milpitas,[blank],,Unidata missing; GPKG empty
pair,yearbuilt,02231008,Milpitas,[blank],,Unidata missing; GPKG empty
pair,zoning,02231008,Milpitas,[blank],,Unidata missing; GPKG empty
pair,address,02231009,Milpitas,[blank],,Unidata missing; GPKG empty
pair,yearbuilt,02231009,Milpitas,[blank],,Unidata missing; GPKG empty
pair,zoning,02231009,Milpitas,[blank],,Unidata missing; GPKG empty
pair,address,02231014,Milpitas,[blank],,Unidata missing; GPKG empty
pair,yearbuilt,02231014,Milpitas,[blank],,Unidata missing; GPKG empty
pair,zoning,02231014,Milpitas,[blank],,Unidata missing; GPKG empty
pair,address,02231016,Milpitas,[blank],,Unidata missing; GPKG empty
pair,yearbuilt,02231016,Milpitas,[blank],,Unidata missing; GPKG empty
pair,address,02231017,Milpitas,[blank],,Unidata missing; GPKG empty
pair,yearbuilt,02231017,Milpitas,[blank],,Unidata missing; GPKG empty
pair,zoning,02231017,Milpitas,[blank],,Unidata missing; GPKG empty
pair,address,02231027,Milpitas,[blank],,Unidata missing; GPKG empty
pair,yearbuilt,02231027,Milpitas,[blank],,Unidata missing; GPKG empty
pair,yearbuilt,02231029,Milpitas,[blank],,Unidata missing; GPKG empty
pair,zoning,02231029,Milpitas,[blank],,Unidata missing; GPKG empty
pair,address,02231031,Milpitas,[blank],,Unidata missing; GPKG empty
pair,yearbuilt,02231031,Milpitas,[blank],,Unidata missing; GPKG empty
pair,yearbuilt,02231033,Milpitas,[blank],,Unidata missing; GPKG empty
pair,address,02231034,Milpitas,[blank],,Unidata missing; GPKG empty
pair,yearbuilt,02231034,Milpitas,[blank],,Unidata missing; GPKG empty
pair,address,02234002,Milpitas,[blank],,Unidata missing; GPKG empty
pair,yearbuilt,02234002,Milpitas,[blank],,Unidata missing; GPKG empty
pair,address,02234003,Milpitas,[blank],,Unidata missing; GPKG empty
pair,yearbuilt,02234003,Milpitas,[blank],,Unidata missing; GPKG empty
pair,yearbuilt,02237001,Milpitas,[blank],,Unidata missing; GPKG empty
pair,zoning,02237001,Milpitas,[blank],,Unidata missing; GPKG empty
pair,yearbuilt,02237002,Milpitas,[blank],,Unidata missing; GPKG empty
pair,address,02237015,Milpitas,[blank],,Unidata missing; GPKG empty
pair,yearbuilt,02237015,Milpitas,[blank],,Unidata missing; GPKG empty
pair,zoning,02237015,Milpitas,[blank],,Unidata missing; GPKG empty
pair,address,02237032,Milpitas,[blank],,Unidata missing; GPKG empty
pair,yearbuilt,02237032,Milpitas,[blank],,Unidata missing; GPKG empty
pair,address,02237035,Milpitas,[blank],,Unidata missing; GPKG empty
pair,yearbuilt,02237035,Milpitas,[blank],,Unidata missing; GPKG empty
pair,address,02237039,Milpitas,[blank],,Unidata missing; GPKG empty
pair,yearbuilt,02237039,Milpitas,[blank],,Unidata missing; GPKG empty
pair,yearbuilt,02237048,Milpitas,[blank],,Unidata missing; GPKG empty
pair,address,02237050,Milpitas,[blank],,Unidata missing; GPKG empty
pair,yearbuilt,02237050,Milpitas,[blank],,Unidata missing; GPKG empty
pair,yearbuilt,02238023,Milpitas,[blank],,Unidata missing; GPKG empty
pair,yearbuilt,02243100,Milpitas,[blank],,Unidata missing; GPKG empty
pair,address,02254006,Milpitas,[blank],,Unidata missing; GPKG empty
pair,yearbuilt,02254006,Milpitas,[blank],,Unidata missing; GPKG empty
pair,zoning,02254006,Milpitas,[blank],,Unidata missing; GPKG empty
pair,address,02254019,Milpitas,[blank],,Unidata missing; GPKG empty
pair,yearbuilt,02254019,Milpitas,[blank],,Unidata missing; GPKG empty
pair,yearbuilt,02254020,Milpitas,[blank],,Unidata missing; GPKG empty
pair,yearbuilt,02256011,Milpitas,[blank],,Unidata missing; GPKG empty
pair,address,02259085,Milpitas,[blank],,Unidata missing; GPKG empty
pair,yearbuilt,02259085,Milpitas,[blank],,Unidata missing; GPKG empty
pair,zoning,02259085,Milpitas,[blank],,Unidata missing; GPKG empty
pair,yearbuilt,02602029,Milpitas,[blank],,Unidata missing; GPKG empty
pair,yearbuilt,02602030,Milpitas,[blank],,Unidata missing; GPKG empty
pair,yearbuilt,02602032,Milpitas,[blank],,Unidata missing; GPKG empty
pair,yearbuilt,02602035,Milpitas,[blank],,Unidata missing; GPKG empty
pair,yearbuilt,02602036,Milpitas,[blank],,Unidata missing; GPKG empty
pair,yearbuilt,02602039,Milpitas,[blank],,Unidata missing; GPKG empty
pair,yearbuilt,02602041,Milpitas,[blank],,Unidata missing; GPKG empty
pair,yearbuilt,02602063,Milpitas,[blank],,Unidata missing; GPKG empty
pair,yearbuilt,02603001,Milpitas,[blank],,Unidata missing; GPKG empty
pair,yearbuilt,02603079,Milpitas,[blank],,Unidata missing; GPKG empty
pair,yearbuilt,02604071,Milpitas,[blank],,Unidata missing; GPKG empty
pair,yearbuilt,02604073,Milpitas,[blank],,Unidata missing; GPKG empty
pair,yearbuilt,02604079,Milpitas,[blank],,Unidata missing; GPKG empty
pair,yearbuilt,02604082,Milpitas,[blank],,Unidata missing; GPKG empty
pair,yearbuilt,02604085,Milpitas,[blank],,Unidata missing; GPKG empty
pair,yearbuilt,02604089,Milpitas,[blank],,Unidata missing; GPKG empty
pair,yearbuilt,02605018,Milpitas,[blank],,Unidata missing; GPKG empty
pair,yearbuilt,02605023,Milpitas,[blank],,Unidata missing; GPKG empty
pair,yearbuilt,02605053,Milpitas,[blank],,Unidata missing; GPKG empty
pair,address,02606012,Milpitas,[blank],,Unidata missing; GPKG empty
pair,yearbuilt,02606012,Milpitas,[blank],,Unidata missing; GPKG empty
pair,yearbuilt,02606032,Milpitas,[blank],,Unidata missing; GPKG empty
pair,yearbuilt,02607073,Milpitas,[blank],,Unidata missing; GPKG empty
pair,yearbuilt,02607074,Milpitas,[blank],,Unidata missing; GPKG empty
pair,address,02607075,Milpitas,[blank],,Unidata missing; GPKG empty
pair,yearbuilt,02607075,Milpitas,[blank],,Unidata missing; GPKG empty
pair,yearbuilt,02609067,Milpitas,[blank],,Unidata missing; GPKG empty
pair,yearbuilt,02610028,Milpitas,[blank],,Unidata missing; GPKG empty
pair,yearbuilt,02610029,Milpitas,[blank],,Unidata missing; GPKG empty
pair,yearbuilt,02611018,Milpitas,[blank],,Unidata missing; GPKG empty
pair,yearbuilt,02613033,Milpitas,[blank],,Unidata missing; GPKG empty
pair,yearbuilt,02617027,Milpitas,[blank],,Unidata missing; GPKG empty
pair,yearbuilt,02618001,Milpitas,[blank],,Unidata missing; GPKG empty
pair,zoning,02618001,Milpitas,[blank],,Unidata missing; GPKG empty
pair,yearbuilt,02618003,Milpitas,[blank],,Unidata missing; GPKG empty
pair,address,02618004,Milpitas,[blank],,Unidata missing; GPKG empty
pair,yearbuilt,02618004,Milpitas,[blank],,Unidata missing; GPKG empty
pair,address,02618008,Milpitas,[blank],,Unidata missing; GPKG empty
pair,yearbuilt,02618008,Milpitas,[blank],,Unidata missing; GPKG empty
pair,zoning,02618008,Milpitas,[blank],,Unidata missing; GPKG empty
pair,address,02618009,Milpitas,[blank],,Unidata missing; GPKG empty
pair,zoning,02618009,Milpitas,[blank],,Unidata missing; GPKG empty
pair,yearbuilt,02619088,Milpitas,[blank],,Unidata missing; GPKG empty
pair,yearbuilt,02621001,Milpitas,[blank],,Unidata missing; GPKG empty
pair,yearbuilt,02621004,Milpitas,[blank],,Unidata missing; GPKG empty
pair,yearbuilt,02623014,Milpitas,[blank],,Unidata missing; GPKG empty
pair,zoning,02623014,Milpitas,[blank],,Unidata missing; GPKG empty
pair,address,02625001,Milpitas,[blank],,Unidata missing; GPKG empty
pair,yearbuilt,02625001,Milpitas,[blank],,Unidata missing; GPKG empty
pair,zoning,02625001,Milpitas,[blank],,Unidata missing; GPKG empty
pair,yearbuilt,02625002,Milpitas,[blank],,Unidata missing; GPKG empty
pair,zoning,02625002,Milpitas,[blank],,Unidata missing; GPKG empty
pair,yearbuilt,02626001,Milpitas,[blank],,Unidata missing; GPKG empty
pair,yearbuilt,02626002,Milpitas,[blank],,Unidata missing; GPKG empty
pair,address,02801002,Milpitas,[blank],,Unidata missing; GPKG empty
pair,yearbuilt,02801002,Milpitas,[blank],,Unidata missing; GPKG empty
pair,yearbuilt,02803037,Milpitas,[blank],,Unidata missing; GPKG empty
pair,zoning,02803037,Milpitas,[blank],,Unidata missing; GPKG empty
pair,address,02803038,Milpitas,[blank],,Unidata missing; GPKG empty
pair,yearbuilt,02803038,Milpitas,[blank],,Unidata missing; GPKG empty
pair,zoning,02803038,Milpitas,[blank],,Unidata missing; GPKG empty
pair,address,02803079,Milpitas,[blank],,Unidata missing; GPKG empty
pair,yearbuilt,02803079,Milpitas,[blank],,Unidata missing; GPKG empty
pair,zoning,02803079,Milpitas,[blank],,Unidata missing; GPKG empty
pair,yearbuilt,02803121,Milpitas,[blank],,Unidata missing; GPKG empty
pair,zoning,02803121,Milpitas,[blank],,Unidata missing; GPKG empty
pair,yearbuilt,02804001,Milpitas,[blank],,Unidata missing; GPKG empty
pair,yearbuilt,02804002,Milpitas,[blank],,Unidata missing; GPKG empty
pair,yearbuilt,02804003,Milpitas,[blank],,Unidata missing; GPKG empty
pair,zoning,02804003,Milpitas,[blank],,Unidata missing; GPKG empty
pair,address,02804059,Milpitas,[blank],,Unidata missing; GPKG empty
pair,yearbuilt,02804059,Milpitas,[blank],,Unidata missing; GPKG empty
pair,zoning,02804059,Milpitas,[blank],,Unidata missing; GPKG empty
pair,address,02804095,Milpitas,[blank],,Unidata missing; GPKG empty
pair,yearbuilt,02804095,Milpitas,[blank],,Unidata missing; GPKG empty
pair,zoning,02804095,Milpitas,[blank],,Unidata missing; GPKG empty
pair,address,02805013,Milpitas,[blank],,Unidata missing; GPKG empty
pair,yearbuilt,02805013,Milpitas,[blank],,Unidata missing; GPKG empty
pair,zoning,02805013,Milpitas,[blank],,Unidata missing; GPKG empty
pair,address,02805063,Milpitas,[blank],,Unidata missing; GPKG empty
pair,yearbuilt,02805063,Milpitas,[blank],,Unidata missing; GPKG empty
pair,zoning,02805063,Milpitas,[blank],,Unidata missing; GPKG empty
pair,yearbuilt,02805065,Milpitas,[blank],,Unidata missing; GPKG empty
pair,address,02806040,Milpitas,[blank],,Unidata missing; GPKG empty
pair,yearbuilt,02806040,Milpitas,[blank],,Unidata missing; GPKG empty
pair,address,02811001,Milpitas,[blank],,Unidata missing; GPKG empty
pair,yearbuilt,02811001,Milpitas,[blank],,Unidata missing; GPKG empty
pair,zoning,02811001,Milpitas,[blank],,Unidata missing; GPKG empty
pair,yearbuilt,02811002,Milpitas,[blank],,Unidata missing; GPKG empty
pair,zoning,02811002,Milpitas,[blank],,Unidata missing; GPKG empty
pair,yearbuilt,02811032,Milpitas,[blank],,Unidata missing; GPKG empty
pair,address,02811033,Milpitas,[blank],,Unidata missing; GPKG empty
pair,yearbuilt,02811033,Milpitas,[blank],,Unidata missing; GPKG empty
pair,zoning,02811033,Milpitas,[blank],,Unidata missing; GPKG empty
pair,yearbuilt,02811035,Milpitas,[blank],,Unidata missing; GPKG empty
pair,yearbuilt,02811036,Milpitas,[blank],,Unidata missing; GPKG empty
pair,address,02812003,Milpitas,[blank],,Unidata missing; GPKG empty
pair,yearbuilt,02812003,Milpitas,[blank],,Unidata missing; GPKG empty
pair,yearbuilt,02812006,Milpitas,[blank],,Unidata missing; GPKG empty
pair,yearbuilt,02812022,Milpitas,[blank],,Unidata missing; GPKG empty
pair,address,02812024,Milpitas,[blank],,Unidata missing; GPKG empty
pair,yearbuilt,02812024,Milpitas,[blank],,Unidata missing; GPKG empty
pair,yearbuilt,02815104,Milpitas,[blank],,Unidata missing; GPKG empty
pair,yearbuilt,02815130,Milpitas,[blank],,Unidata missing; GPKG empty
pair,zoning,02815130,Milpitas,[blank],,Unidata missing; GPKG empty
pair,address,02816067,Milpitas,[blank],,Unidata missing; GPKG empty
pair,yearbuilt,02816067,Milpitas,[blank],,Unidata missing; GPKG empty
pair,yearbuilt,02817001,Milpitas,[blank],,Unidata missing; GPKG empty
pair,address,02819063,Milpitas,[blank],,Unidata missing; GPKG empty
pair,yearbuilt,02819063,Milpitas,[blank],,Unidata missing; GPKG empty
pair,address,02820001,Milpitas,[blank],,Unidata missing; GPKG empty
pair,yearbuilt,02820001,Milpitas,[blank],,Unidata missing; GPKG empty
pair,address,02820002,Milpitas,[blank],,Unidata missing; GPKG empty
pair,yearbuilt,02820002,Milpitas,[blank],,Unidata missing; GPKG empty
pair,address,02821059,Milpitas,[blank],,Unidata missing; GPKG empty
pair,yearbuilt,02821059,Milpitas,[blank],,Unidata missing; GPKG empty
pair,address,02821060,Milpitas,[blank],,Unidata missing; GPKG empty
pair,yearbuilt,02821060,Milpitas,[blank],,Unidata missing; GPKG empty
pair,address,02823002,Milpitas,[blank],,Unidata missing; GPKG empty
pair,yearbuilt,02823002,Milpitas,[blank],,Unidata missing; GPKG empty
pair,zoning,02823002,Milpitas,[blank],,Unidata missing; GPKG empty
pair,address,02823003,Milpitas,[blank],,Unidata missing; GPKG empty
pair,yearbuilt,02823003,Milpitas,[blank],,Unidata missing; GPKG empty
pair,zoning,02823003,Milpitas,[blank],,Unidata missing; GPKG empty
pair,yearbuilt,02823011,Milpitas,[blank],,Unidata missing; GPKG empty
pair,address,02823015,Milpitas,[blank],,Unidata missing; GPKG empty
pair,yearbuilt,02823015,Milpitas,[blank],,Unidata missing; GPKG empty
pair,zoning,02823015,Milpitas,[blank],,Unidata missing; GPKG empty
pair,yearbuilt,02823017,Milpitas,[blank],,Unidata missing; GPKG empty
pair,yearbuilt,02823018,Milpitas,[blank],,Unidata missing; GPKG empty
pair,address,02823019,Milpitas,[blank],,Unidata missing; GPKG empty
pair,yearbuilt,02823019,Milpitas,[blank],,Unidata missing; GPKG empty
pair,zoning,02823019,Milpitas,[blank],,Unidata missing; GPKG empty
pair,address,02823020,Milpitas,[blank],,Unidata missing; GPKG empty
pair,yearbuilt,02823020,Milpitas,[blank],,Unidata missing; GPKG empty
pair,zoning,02823020,Milpitas,[blank],,Unidata missing; GPKG empty
pair,address,02823023,Milpitas,[blank],,Unidata missing; GPKG empty
pair,yearbuilt,02823023,Milpitas,[blank],,Unidata missing; GPKG empty
pair,yearbuilt,02824003,Milpitas,[blank],,Unidata missing; GPKG empty
pair,yearbuilt,02824004,Milpitas,[blank],,Unidata missing; GPKG empty
pair,address,02824005,Milpitas,[blank],,Unidata missing; GPKG empty
pair,yearbuilt,02824005,Milpitas,[blank],,Unidata missing; GPKG empty
pair,address,02824006,Milpitas,[blank],,Unidata missing; GPKG empty
pair,yearbuilt,02824006,Milpitas,[blank],,Unidata missing; GPKG empty
pair,address,02824007,Milpitas,[blank],,Unidata missing; GPKG empty
pair,yearbuilt,02824007,Milpitas,[blank],,Unidata missing; GPKG empty
pair,zoning,02824007,Milpitas,[blank],,Unidata missing; GPKG empty
pair,address,02824008,Milpitas,[blank],,Unidata missing; GPKG empty
pair,yearbuilt,02824008,Milpitas,[blank],,Unidata missing; GPKG empty
pair,zoning,02824008,Milpitas,[blank],,Unidata missing; GPKG empty
pair,address,02824009,Milpitas,[blank],,Unidata missing; GPKG empty
pair,yearbuilt,02824009,Milpitas,[blank],,Unidata missing; GPKG empty
pair,zoning,02824009,Milpitas,[blank],,Unidata missing; GPKG empty
pair,address,02824010,Milpitas,[blank],,Unidata missing; GPKG empty
pair,yearbuilt,02824010,Milpitas,[blank],,Unidata missing; GPKG empty
pair,zoning,02824010,Milpitas,[blank],,Unidata missing; GPKG empty
pair,yearbuilt,02824013,Milpitas,[blank],,Unidata missing; GPKG empty
pair,yearbuilt,02824028,Milpitas,[blank],,Unidata missing; GPKG empty
pair,yearbuilt,02824033,Milpitas,[blank],,Unidata missing; GPKG empty
pair,address,02824039,Milpitas,[blank],,Unidata missing; GPKG empty
pair,yearbuilt,02824039,Milpitas,[blank],,Unidata missing; GPKG empty
pair,yearbuilt,02824044,Milpitas,[blank],,Unidata missing; GPKG empty
pair,yearbuilt,02824046,Milpitas,[blank],,Unidata missing; GPKG empty
pair,yearbuilt,02834001,Milpitas,[blank],,Unidata missing; GPKG empty
pair,yearbuilt,02834002,Milpitas,[blank],,Unidata missing; GPKG empty
pair,yearbuilt,02834003,Milpitas,[blank],,Unidata missing; GPKG empty
pair,yearbuilt,02834004,Milpitas,[blank],,Unidata missing; GPKG empty
pair,yearbuilt,02834005,Milpitas,[blank],,Unidata missing; GPKG empty
pair,yearbuilt,02834006,Milpitas,[blank],,Unidata missing; GPKG empty
pair,yearbuilt,02834007,Milpitas,[blank],,Unidata missing; GPKG empty
pair,yearbuilt,02834008,Milpitas,[blank],,Unidata missing; GPKG empty
pair,yearbuilt,02834009,Milpitas,[blank],,Unidata missing; GPKG empty
pair,yearbuilt,02834010,Milpitas,[blank],,Unidata missing; GPKG empty
pair,yearbuilt,02834011,Milpitas,[blank],,Unidata missing; GPKG empty
pair,yearbuilt,02834012,Milpitas,[blank],,Unidata missing; GPKG empty
pair,yearbuilt,02834013,Milpitas,[blank],,Unidata missing; GPKG empty
pair,yearbuilt,02834014,Milpitas,[blank],,Unidata missing; GPKG empty
pair,yearbuilt,02834015,Milpitas,[blank],,Unidata missing; GPKG empty
pair,yearbuilt,02834016,Milpitas,[blank],,Unidata missing; GPKG empty
pair,yearbuilt,02834017,Milpitas,[blank],,Unidata missing; GPKG empty
pair,yearbuilt,02834018,Milpitas,[blank],,Unidata missing; GPKG empty
pair,yearbuilt,02834019,Milpitas,[blank],,Unidata missing; GPKG empty
pair,yearbuilt,02834020,Milpitas,[blank],,Unidata missing; GPKG empty
pair,yearbuilt,02834021,Milpitas,[blank],,Unidata missing; GPKG empty
pair,yearbuilt,02834022,Milpitas,[blank],,Unidata missing; GPKG empty
pair,yearbuilt,02834023,Milpitas,[blank],,Unidata missing; GPKG empty
pair,yearbuilt,02834024,Milpitas,[blank],,Unidata missing; GPKG empty
pair,yearbuilt,02834025,Milpitas,[blank],,Unidata missing; GPKG empty
pair,yearbuilt,02834026,Milpitas,[blank],,Unidata missing; GPKG empty
pair,yearbuilt,02834027,Milpitas,[blank],,Unidata missing; GPKG empty
pair,yearbuilt,02834028,Milpitas,[blank],,Unidata missing; GPKG empty
pair,yearbuilt,02834029,Milpitas,[blank],,Unidata missing; GPKG empty
pair,yearbuilt,02834030,Milpitas,[blank],,Unidata missing; GPKG empty
pair,yearbuilt,02834031,Milpitas,[blank],,Unidata missing; GPKG empty
pair,yearbuilt,02834032,Milpitas,[blank],,Unidata missing; GPKG empty
pair,yearbuilt,02834033,Milpitas,[blank],,Unidata missing; GPKG empty
pair,yearbuilt,02834034,Milpitas,[blank],,Unidata missing; GPKG empty
pair,yearbuilt,02834035,Milpitas,[blank],,Unidata missing; GPKG empty
pair,yearbuilt,02834036,Milpitas,[blank],,Unidata missing; GPKG empty
pair,yearbuilt,02834037,Milpitas,[blank],,Unidata missing; GPKG empty
pair,yearbuilt,02834038,Milpitas,[blank],,Unidata missing; GPKG empty
pair,yearbuilt,02834039,Milpitas,[blank],,Unidata missing; GPKG empty
pair,yearbuilt,02834040,Milpitas,[blank],,Unidata missing; GPKG empty
pair,yearbuilt,02834041,Milpitas,[blank],,Unidata missing; GPKG empty
pair,yearbuilt,02834042,Milpitas,[blank],,Unidata missing; GPKG empty
pair,yearbuilt,02834043,Milpitas,[blank],,Unidata missing; GPKG empty
pair,yearbuilt,02834044,Milpitas,[blank],,Unidata missing; GPKG empty
pair,yearbuilt,02834045,Milpitas,[blank],,Unidata missing; GPKG empty
pair,yearbuilt,02834046,Milpitas,[blank],,Unidata missing; GPKG empty
pair,yearbuilt,02834047,Milpitas,[blank],,Unidata missing; GPKG empty
pair,yearbuilt,02834048,Milpitas,[blank],,Unidata missing; GPKG empty
pair,yearbuilt,02834049,Milpitas,[blank],,Unidata missing; GPKG empty
pair,yearbuilt,02834050,Milpitas,[blank],,Unidata missing; GPKG empty
pair,yearbuilt,02834051,Milpitas,[blank],,Unidata missing; GPKG empty
pair,yearbuilt,02834052,Milpitas,[blank],,Unidata missing; GPKG empty
pair,yearbuilt,02834053,Milpitas,[blank],,Unidata missing; GPKG empty
pair,yearbuilt,02834054,Milpitas,[blank],,Unidata missing; GPKG empty
pair,yearbuilt,02834055,Milpitas,[blank],,Unidata missing; GPKG empty
pair,yearbuilt,02834056,Milpitas,[blank],,Unidata missing; GPKG empty
pair,yearbuilt,02834057,Milpitas,[blank],,Unidata missing; GPKG empty
pair,yearbuilt,02834058,Milpitas,[blank],,Unidata missing; GPKG empty
pair,yearbuilt,02834059,Milpitas,[blank],,Unidata missing; GPKG empty
pair,yearbuilt,02834060,Milpitas,[blank],,Unidata missing; GPKG empty
pair,yearbuilt,02834061,Milpitas,[blank],,Unidata missing; GPKG empty
pair,yearbuilt,02834062,Milpitas,[blank],,Unidata missing; GPKG empty
pair,yearbuilt,02834063,Milpitas,[blank],,Unidata missing; GPKG empty
pair,yearbuilt,02834064,Milpitas,[blank],,Unidata missing; GPKG empty
pair,yearbuilt,02834065,Milpitas,[blank],,Unidata missing; GPKG empty
pair,yearbuilt,02834066,Milpitas,[blank],,Unidata missing; GPKG empty
pair,yearbuilt,02834067,Milpitas,[blank],,Unidata missing; GPKG empty
pair,yearbuilt,02834068,Milpitas,[blank],,Unidata missing; GPKG empty
pair,yearbuilt,02834069,Milpitas,[blank],,Unidata missing; GPKG empty
pair,yearbuilt,02834070,Milpitas,[blank],,Unidata missing; GPKG empty
pair,yearbuilt,02834071,Milpitas,[blank],,Unidata missing; GPKG empty
pair,yearbuilt,02834072,Milpitas,[blank],,Unidata missing; GPKG empty
pair,yearbuilt,02834073,Milpitas,[blank],,Unidata missing; GPKG empty
pair,yearbuilt,02834074,Milpitas,[blank],,Unidata missing; GPKG empty
pair,yearbuilt,02834075,Milpitas,[blank],,Unidata missing; GPKG empty
pair,yearbuilt,02834076,Milpitas,[blank],,Unidata missing; GPKG empty
pair,yearbuilt,02834077,Milpitas,[blank],,Unidata missing; GPKG empty
pair,yearbuilt,02834078,Milpitas,[blank],,Unidata missing; GPKG empty
pair,yearbuilt,02834079,Milpitas,[blank],,Unidata missing; GPKG empty
pair,yearbuilt,02834080,Milpitas,[blank],,Unidata missing; GPKG empty
pair,yearbuilt,02834081,Milpitas,[blank],,Unidata missing; GPKG empty
pair,yearbuilt,02834082,Milpitas,[blank],,Unidata missing; GPKG empty
pair,yearbuilt,02834083,Milpitas,[blank],,Unidata missing; GPKG empty
pair,yearbuilt,02834084,Milpitas,[blank],,Unidata missing; GPKG empty
pair,yearbuilt,02834085,Milpitas,[blank],,Unidata missing; GPKG empty
pair,yearbuilt,02834086,Milpitas,[blank],,Unidata missing; GPKG empty
pair,yearbuilt,02834087,Milpitas,[blank],,Unidata missing; GPKG empty
pair,yearbuilt,02834088,Milpitas,[blank],,Unidata missing; GPKG empty
pair,yearbuilt,02834089,Milpitas,[blank],,Unidata missing; GPKG empty
pair,yearbuilt,02834090,Milpitas,[blank],,Unidata missing; GPKG empty
pair,yearbuilt,02834091,Milpitas,[blank],,Unidata missing; GPKG empty
pair,yearbuilt,02834092,Milpitas,[blank],,Unidata missing; GPKG empty
pair,yearbuilt,02834093,Milpitas,[blank],,Unidata missing; GPKG empty
pair,yearbuilt,02834094,Milpitas,[blank],,Unidata missing; GPKG empty
pair,yearbuilt,02901002,Milpitas,[blank],,Unidata missing; GPKG empty
pair,address,02901003,Fremont,[blank],,Unidata missing; GPKG empty
pair,yearbuilt,02901003,Fremont,[blank],,Unidata missing; GPKG empty
pair,yearbuilt,02901005,Milpitas,[blank],,Unidata missing; GPKG empty
pair,yearbuilt,02901007,Milpitas,[blank],,Unidata missing; GPKG empty
pair,yearbuilt,02902015,Milpitas,[blank],,Unidata missing; GPKG empty
pair,yearbuilt,02903019,Milpitas,[blank],,Unidata missing; GPKG empty
pair,yearbuilt,02903023,Milpitas,[blank],,Unidata missing; GPKG empty
pair,yearbuilt,02903025,Milpitas,[blank],,Unidata missing; GPKG empty
pair,yearbuilt,02904005,Milpitas,[blank],,Unidata missing; GPKG empty
pair,yearbuilt,02904006,Milpitas,[blank],,Unidata missing; GPKG empty
pair,yearbuilt,02906007,Milpitas,[blank],,Unidata missing; GPKG empty
pair,address,02906017,Milpitas,[blank],,Unidata missing; GPKG empty
pair,yearbuilt,02906017,Milpitas,[blank],,Unidata missing; GPKG empty
pair,address,02906020,Milpitas,[blank],,Unidata missing; GPKG empty
pair,yearbuilt,02906020,Milpitas,[blank],,Unidata missing; GPKG empty
pair,yearbuilt,02906025,Milpitas,[blank],,Unidata missing; GPKG empty
pair,yearbuilt,02906039,Milpitas,[blank],,Unidata missing; GPKG empty
pair,yearbuilt,02906040,Milpitas,[blank],,Unidata missing; GPKG empty
pair,yearbuilt,02907009,Milpitas,[blank],,Unidata missing; GPKG empty
pair,yearbuilt,02907010,Milpitas,[blank],,Unidata missing; GPKG empty
pair,yearbuilt,02907011,Milpitas,[blank],,Unidata missing; GPKG empty
pair,yearbuilt,02907012,Milpitas,[blank],,Unidata missing; GPKG empty
pair,yearbuilt,02907014,Milpitas,[blank],,Unidata missing; GPKG empty
pair,address,02909050,Milpitas,[blank],,Unidata missing; GPKG empty
pair,yearbuilt,02909050,Milpitas,[blank],,Unidata missing; GPKG empty
pair,yearbuilt,02909058,Milpitas,[blank],,Unidata missing; GPKG empty
pair,yearbuilt,02910081,Milpitas,[blank],,Unidata missing; GPKG empty
pair,yearbuilt,02910082,Milpitas,[blank],,Unidata missing; GPKG empty
pair,yearbuilt,02910083,Milpitas,[blank],,Unidata missing; GPKG empty
pair,yearbuilt,02910084,Milpitas,[blank],,Unidata missing; GPKG empty
pair,yearbuilt,02916018,Milpitas,[blank],,Unidata missing; GPKG empty
pair,yearbuilt,02916019,Milpitas,[blank],,Unidata missing; GPKG empty
pair,address,02917002,Milpitas,[blank],,Unidata missing; GPKG empty
pair,yearbuilt,02917002,Milpitas,[blank],,Unidata missing; GPKG empty
pair,address,02917004,Milpitas,[blank],,Unidata missing; GPKG empty
pair,yearbuilt,02917004,Milpitas,[blank],,Unidata missing; GPKG empty
pair,address,02917005,Milpitas,[blank],,Unidata missing; GPKG empty
pair,yearbuilt,02917005,Milpitas,[blank],,Unidata missing; GPKG empty
pair,address,02917006,Milpitas,[blank],,Unidata missing; GPKG empty
pair,yearbuilt,02917006,Milpitas,[blank],,Unidata missing; GPKG empty
pair,address,02917007,Milpitas,[blank],,Unidata missing; GPKG empty
pair,yearbuilt,02917007,Milpitas,[blank],,Unidata missing; GPKG empty
pair,address,02917008,Milpitas,[blank],,Unidata missing; GPKG empty
pair,yearbuilt,02917008,Milpitas,[blank],,Unidata missing; GPKG empty
pair,address,02917009,Milpitas,[blank],,Unidata missing; GPKG empty
pair,yearbuilt,02917009,Milpitas,[blank],,Unidata missing; GPKG empty
pair,address,02917010,Milpitas,[blank],,Unidata missing; GPKG empty
pair,yearbuilt,02917010,Milpitas,[blank],,Unidata missing; GPKG empty
pair,address,02917011,Milpitas,[blank],,Unidata missing; GPKG empty
pair,yearbuilt,02917011,Milpitas,[blank],,Unidata missing; GPKG empty
pair,address,02917012,Milpitas,[blank],,Unidata missing; GPKG empty
pair,yearbuilt,02917012,Milpitas,[blank],,Unidata missing; GPKG empty
pair,address,02917013,Milpitas,[blank],,Unidata missing; GPKG empty
pair,yearbuilt,02917013,Milpitas,[blank],,Unidata missing; GPKG empty
pair,address,02917015,Milpitas,[blank],,Unidata missing; GPKG empty
pair,yearbuilt,02917015,Milpitas,[blank],,Unidata missing; GPKG empty
pair,yearbuilt,02921022,Milpitas,[blank],,Unidata missing; GPKG empty
pair,yearbuilt,02925008,Milpitas,[blank],,Unidata missing; GPKG empty
pair,yearbuilt,02925009,Milpitas,[blank],,Unidata missing; GPKG empty
pair,yearbuilt,02930008,Milpitas,[blank],,Unidata missing; GPKG empty
pair,yearbuilt,02930009,Milpitas,[blank],,Unidata missing; GPKG empty
pair,yearbuilt,02931001,Milpitas,[blank],,Unidata missing; GPKG empty
pair,yearbuilt,02931003,Milpitas,[blank],,Unidata missing; GPKG empty
pair,yearbuilt,02931006,Milpitas,[blank],,Unidata missing; GPKG empty
pair,yearbuilt,02931007,Milpitas,[blank],,Unidata missing; GPKG empty
pair,yearbuilt,02931012,Milpitas,[blank],,Unidata missing; GPKG empty
pair,yearbuilt,02932001,Milpitas,[blank],,Unidata missing; GPKG empty
pair,yearbuilt,02933001,Milpitas,[blank],,Unidata missing; GPKG empty
pair,address,02933002,Milpitas,[blank],,Unidata missing; GPKG empty
pair,yearbuilt,02933002,Milpitas,[blank],,Unidata missing; GPKG empty
pair,yearbuilt,02933004,Milpitas,[blank],,Unidata missing; GPKG empty
pair,address,02934002,Milpitas,[blank],,Unidata missing; GPKG empty
pair,yearbuilt,02934002,Milpitas,[blank],,Unidata missing; GPKG empty
pair,yearbuilt,02934004,Milpitas,[blank],,Unidata missing; GPKG empty
pair,address,02934005,,[blank],,Unidata missing; GPKG empty
pair,scity,02934005,,[blank],,Unidata missing; GPKG empty
pair,yearbuilt,02934005,,[blank],,Unidata missing; GPKG empty
pair,yearbuilt,02935007,Milpitas,[blank],,Unidata missing; GPKG empty
pair,yearbuilt,02935015,Milpitas,[blank],,Unidata missing; GPKG empty
pair,yearbuilt,02935027,Milpitas,[blank],,Unidata missing; GPKG empty
pair,yearbuilt,02935031,Milpitas,[blank],,Unidata missing; GPKG empty
pair,yearbuilt,02935032,Milpitas,[blank],,Unidata missing; GPKG empty
pair,address,02936003,Milpitas,[blank],,Unidata missing; GPKG empty
pair,yearbuilt,02936003,Milpitas,[blank],,Unidata missing; GPKG empty
pair,address,02936004,Milpitas,[blank],,Unidata missing; GPKG empty
pair,yearbuilt,02936004,Milpitas,[blank],,Unidata missing; GPKG empty
pair,address,02936009,Fremont,[blank],,Unidata missing; GPKG empty
pair,yearbuilt,02936009,Fremont,[blank],,Unidata missing; GPKG empty
pair,address,02936011,,[blank],,Unidata missing; GPKG empty
pair,scity,02936011,,[blank],,Unidata missing; GPKG empty
pair,yearbuilt,02936011,,[blank],,Unidata missing; GPKG empty
pair,address,02936012,,[blank],,Unidata missing; GPKG empty
pair,scity,02936012,,[blank],,Unidata missing; GPKG empty
pair,yearbuilt,02936012,,[blank],,Unidata missing; GPKG empty
pair,address,02936013,,[blank],,Unidata missing; GPKG empty
pair,scity,02936013,,[blank],,Unidata missing; GPKG empty
pair,yearbuilt,02936013,,[blank],,Unidata missing; GPKG empty
pair,address,02936014,,[blank],,Unidata missing; GPKG empty
pair,scity,02936014,,[blank],,Unidata missing; GPKG empty
pair,yearbuilt,02936014,,[blank],,Unidata missing; GPKG empty
pair,address,02936015,,[blank],,Unidata missing; GPKG empty
pair,scity,02936015,,[blank],,Unidata missing; GPKG empty
pair,yearbuilt,02936015,,[blank],,Unidata missing; GPKG empty
pair,yearbuilt,02937001,Milpitas,[blank],,Unidata missing; GPKG empty
pair,address,02937002,Milpitas,[blank],,Unidata missing; GPKG empty
pair,yearbuilt,02937002,Milpitas,[blank],,Unidata missing; GPKG empty
pair,address,02937003,Milpitas,[blank],,Unidata missing; GPKG empty
pair,yearbuilt,02937003,Milpitas,[blank],,Unidata missing; GPKG empty
pair,yearbuilt,02938001,Milpitas,[blank],,Unidata missing; GPKG empty
pair,yearbuilt,02938002,Milpitas,[blank],,Unidata missing; GPKG empty
pair,yearbuilt,02938004,Milpitas,[blank],,Unidata missing; GPKG empty
pair,yearbuilt,02938005,Milpitas,[blank],,Unidata missing; GPKG empty
pair,yearbuilt,02938009,Milpitas,[blank],,Unidata missing; GPKG empty
pair,zoning,02938009,Milpitas,[blank],,Unidata missing; GPKG empty
pair,yearbuilt,02938013,Milpitas,[blank],,Unidata missing; GPKG empty
pair,address,02938014,,[blank],,Unidata missing; GPKG empty
pair,scity,02938014,,[blank],,Unidata missing; GPKG empty
pair,yearbuilt,02938014,,[blank],,Unidata missing; GPKG empty
pair,address,02939002,,[blank],,Unidata missing; GPKG empty
pair,scity,02939002,,[blank],,Unidata missing; GPKG empty
pair,yearbuilt,02939002,,[blank],,Unidata missing; GPKG empty
pair,address,02939003,,[blank],,Unidata missing; GPKG empty
pair,scity,02939003,,[blank],,Unidata missing; GPKG empty
pair,yearbuilt,02939003,,[blank],,Unidata missing; GPKG empty
pair,address,02939004,,[blank],,Unidata missing; GPKG empty
pair,scity,02939004,,[blank],,Unidata missing; GPKG empty
pair,yearbuilt,02939004,,[blank],,Unidata missing; GPKG empty
pair,address,02939005,,[blank],,Unidata missing; GPKG empty
pair,scity,02939005,,[blank],,Unidata missing; GPKG empty
pair,yearbuilt,02939005,,[blank],,Unidata missing; GPKG empty
pair,address,02939006,,[blank],,Unidata missing; GPKG empty
pair,scity,02939006,,[blank],,Unidata missing; GPKG empty
pair,yearbuilt,02939006,,[blank],,Unidata missing; GPKG empty
pair,address,02939007,,[blank],,Unidata missing; GPKG empty
pair,scity,02939007,,[blank],,Unidata missing; GPKG empty
pair,yearbuilt,02939007,,[blank],,Unidata missing; GPKG empty
pair,address,02940001,,[blank],,Unidata missing; GPKG empty
pair,scity,02940001,,[blank],,Unidata missing; GPKG empty
pair,yearbuilt,02940001,,[blank],,Unidata missing; GPKG empty
pair,address,02940002,,[blank],,Unidata missing; GPKG empty
pair,scity,02940002,,[blank],,Unidata missing; GPKG empty
pair,yearbuilt,02940002,,[blank],,Unidata missing; GPKG empty
pair,address,02945021,Fremont,[blank],,Unidata missing; GPKG empty
pair,yearbuilt,02945021,Fremont,[blank],,Unidata missing; GPKG empty
pair,zoning,02945021,Fremont,[blank],,Unidata missing; GPKG empty
pair,yearbuilt,02948045,Milpitas,[blank],,Unidata missing; GPKG empty
pair,address,02949001,Milpitas,[blank],,Unidata missing; GPKG empty
pair,yearbuilt,02949001,Milpitas,[blank],,Unidata missing; GPKG empty
pair,address,02949013,Milpitas,[blank],,Unidata missing; GPKG empty
pair,yearbuilt,02949013,Milpitas,[blank],,Unidata missing; GPKG empty
pair,yearbuilt,02950042,Milpitas,[blank],,Unidata missing; GPKG empty
pair,yearbuilt,02952015,Milpitas,[blank],,Unidata missing; GPKG empty
pair,address,02952024,Milpitas,[blank],,Unidata missing; GPKG empty
pair,yearbuilt,02952024,Milpitas,[blank],,Unidata missing; GPKG empty
pair,address,02952025,Milpitas,[blank],,Unidata missing; GPKG empty
pair,yearbuilt,02952025,Milpitas,[blank],,Unidata missing; GPKG empty
pair,yearbuilt,02953009,Milpitas,[blank],,Unidata missing; GPKG empty
pair,yearbuilt,02953020,Milpitas,[blank],,Unidata missing; GPKG empty
pair,yearbuilt,02953025,Milpitas,[blank],,Unidata missing; GPKG empty
pair,yearbuilt,02954001,Milpitas,[blank],,Unidata missing; GPKG empty
pair,yearbuilt,02954012,Milpitas,[blank],,Unidata missing; GPKG empty
pair,yearbuilt,02954014,Milpitas,[blank],,Unidata missing; GPKG empty
pair,yearbuilt,02955020,Milpitas,[blank],,Unidata missing; GPKG empty
pair,yearbuilt,02959013,Milpitas,[blank],,Unidata missing; GPKG empty
pair,yearbuilt,04201001,San Jose,[blank],,Unidata missing; GPKG empty
pair,yearbuilt,04201002,San Jose,[blank],,Unidata missing; GPKG empty
pair,yearbuilt,04201003,San Jose,[blank],,Unidata missing; GPKG empty
pair,yearbuilt,04201004,San Jose,[blank],,Unidata missing; GPKG empty
pair,yearbuilt,04201005,San Jose,[blank],,Unidata missing; GPKG empty
pair,yearbuilt,04201006,San Jose,[blank],,Unidata missing; GPKG empty
pair,yearbuilt,04201007,San Jose,[blank],,Unidata missing; GPKG empty
pair,yearbuilt,04201008,San Jose,[blank],,Unidata missing; GPKG empty
pair,yearbuilt,04201009,San Jose,[blank],,Unidata missing; GPKG empty
pair,address,04201010,,[blank],,Unidata missing; GPKG empty
pair,scity,04201010,,[blank],,Unidata missing; GPKG empty
pair,yearbuilt,04201010,,[blank],,Unidata missing; GPKG empty
pair,yearbuilt,04201011,San Jose,[blank],,Unidata missing; GPKG empty
pair,address,04202002,,[blank],,Unidata missing; GPKG empty
pair,scity,04202002,,[blank],,Unidata missing; GPKG empty
pair,yearbuilt,04202002,,[blank],,Unidata missing; GPKG empty
pair,address,04202003,,[blank],,Unidata missing; GPKG empty
pair,scity,04202003,,[blank],,Unidata missing; GPKG empty
pair,yearbuilt,04202003,,[blank],,Unidata missing; GPKG empty
pair,address,04202004,,[blank],,Unidata missing; GPKG empty
pair,scity,04202004,,[blank],,Unidata missing; GPKG empty
pair,yearbuilt,04202004,,[blank],,Unidata missing; GPKG empty
pair,address,04202005,,[blank],,Unidata missing; GPKG empty
pair,scity,04202005,,[blank],,Unidata missing; GPKG empty
pair,yearbuilt,04202005,,[blank],,Unidata missing; GPKG empty
pair,address,04202006,,[blank],,Unidata missing; GPKG empty
pair,scity,04202006,,[blank],,Unidata missing; GPKG empty
pair,yearbuilt,04202006,,[blank],,Unidata missing; GPKG empty
pair,address,04202007,,[blank],,Unidata missing; GPKG empty
pair,scity,04202007,,[blank],,Unidata missing; GPKG empty
pair,yearbuilt,04202007,,[blank],,Unidata missing; GPKG empty
pair,yearbuilt,04202008,San Jose,[blank],,Unidata missing; GPKG empty
pair,address,04203001,,[blank],,Unidata missing; GPKG empty
pair,scity,04203001,,[blank],,Unidata missing; GPKG empty
pair,yearbuilt,04203001,,[blank],,Unidata missing; GPKG empty
pair,address,04203002,,[blank],,Unidata missing; GPKG empty
pair,scity,04203002,,[blank],,Unidata missing; GPKG empty
pair,yearbuilt,04203002,,[blank],,Unidata missing; GPKG empty
pair,address,04203003,,[blank],,Unidata missing; GPKG empty
pair,scity,04203003,,[blank],,Unidata missing; GPKG empty
pair,yearbuilt,04203003,,[blank],,Unidata missing; GPKG empty
pair,address,04203005,,[blank],,Unidata missing; GPKG empty
pair,scity,04203005,,[blank],,Unidata missing; GPKG empty
pair,yearbuilt,04203005,,[blank],,Unidata missing; GPKG empty
pair,yearbuilt,04204008,San Jose,[blank],,Unidata missing; GPKG empty
pair,yearbuilt,04204009,Milpitas,[blank],,Unidata missing; GPKG empty
pair,address,04204028,,[blank],,Unidata missing; GPKG empty
pair,scity,04204028,,[blank],,Unidata missing; GPKG empty
pair,yearbuilt,04204028,,[blank],,Unidata missing; GPKG empty
pair,yearbuilt,04204029,Milpitas,[blank],,Unidata missing; GPKG empty
pair,address,04204052,,[blank],,Unidata missing; GPKG empty
pair,scity,04204052,,[blank],,Unidata missing; GPKG empty
pair,yearbuilt,04204052,,[blank],,Unidata missing; GPKG empty
pair,yearbuilt,04204055,Milpitas,[blank],,Unidata missing; GPKG empty
pair,yearbuilt,04204058,Milpitas,[blank],,Unidata missing; GPKG empty
pair,yearbuilt,04205008,Milpitas,[blank],,Unidata missing; GPKG empty
pair,yearbuilt,04205016,San Jose,[blank],,Unidata missing; GPKG empty
pair,yearbuilt,04205017,San Jose,[blank],,Unidata missing; GPKG empty
pair,yearbuilt,04205018,San Jose,[blank],,Unidata missing; GPKG empty
pair,yearbuilt,04205019,San Jose,[blank],,Unidata missing; GPKG empty
pair,yearbuilt,04206062,Milpitas,[blank],,Unidata missing; GPKG empty
pair,yearbuilt,04206064,San Jose,[blank],,Unidata missing; GPKG empty
pair,address,04207002,,[blank],,Unidata missing; GPKG empty
pair,scity,04207002,,[blank],,Unidata missing; GPKG empty
pair,yearbuilt,04207002,,[blank],,Unidata missing; GPKG empty
pair,address,04207003,,[blank],,Unidata missing; GPKG empty
pair,scity,04207003,,[blank],,Unidata missing; GPKG empty
pair,yearbuilt,04207003,,[blank],,Unidata missing; GPKG empty
pair,address,04207010,,[blank],,Unidata missing; GPKG empty
pair,scity,04207010,,[blank],,Unidata missing; GPKG empty
pair,yearbuilt,04207010,,[blank],,Unidata missing; GPKG empty
pair,address,04207011,,[blank],,Unidata missing; GPKG empty
pair,scity,04207011,,[blank],,Unidata missing; GPKG empty
pair,yearbuilt,04207011,,[blank],,Unidata missing; GPKG empty
pair,address,04207012,,[blank],,Unidata missing; GPKG empty
pair,scity,04207012,,[blank],,Unidata missing; GPKG empty
pair,yearbuilt,04207012,,[blank],,Unidata missing; GPKG empty
pair,address,04207019,,[blank],,Unidata missing; GPKG empty
pair,scity,04207019,,[blank],,Unidata missing; GPKG empty
pair,yearbuilt,04207019,,[blank],,Unidata missing; GPKG empty
pair,address,04207020,,[blank],,Unidata missing; GPKG empty
pair,scity,04207020,,[blank],,Unidata missing; GPKG empty
pair,yearbuilt,04207020,,[blank],,Unidata missing; GPKG empty
pair,address,04207021,,[blank],,Unidata missing; GPKG empty
pair,scity,04207021,,[blank],,Unidata missing; GPKG empty
pair,yearbuilt,04207021,,[blank],,Unidata missing; GPKG empty
pair,address,04207022,,[blank],,Unidata missing; GPKG empty
pair,scity,04207022,,[blank],,Unidata missing; GPKG empty
pair,yearbuilt,04207022,,[blank],,Unidata missing; GPKG empty
pair,address,04207023,,[blank],,Unidata missing; GPKG empty
pair,scity,04207023,,[blank],,Unidata missing; GPKG empty
pair,yearbuilt,04207023,,[blank],,Unidata missing; GPKG empty
pair,address,04207024,,[blank],,Unidata missing; GPKG empty
pair,scity,04207024,,[blank],,Unidata missing; GPKG empty
pair,yearbuilt,04207024,,[blank],,Unidata missing; GPKG empty
pair,address,04207025,,[blank],,Unidata missing; GPKG empty
pair,scity,04207025,,[blank],,Unidata missing; GPKG empty
pair,yearbuilt,04207025,,[blank],,Unidata missing; GPKG empty
pair,address,04207026,,[blank],,Unidata missing; GPKG empty
pair,scity,04207026,,[blank],,Unidata missing; GPKG empty
pair,yearbuilt,04207026,,[blank],,Unidata missing; GPKG empty
pair,address,04207027,,[blank],,Unidata missing; GPKG empty
pair,scity,04207027,,[blank],,Unidata missing; GPKG empty
pair,yearbuilt,04207027,,[blank],,Unidata missing; GPKG empty
pair,address,04207028,,[blank],,Unidata missing; GPKG empty
pair,scity,04207028,,[blank],,Unidata missing; GPKG empty
pair,yearbuilt,04207028,,[blank],,Unidata missing; GPKG empty
pair,address,04208001,,[blank],,Unidata missing; GPKG empty
pair,scity,04208001,,[blank],,Unidata missing; GPKG empty
pair,yearbuilt,04208001,,[blank],,Unidata missing; GPKG empty
pair,address,04208002,,[blank],,Unidata missing; GPKG empty
pair,scity,04208002,,[blank],,Unidata missing; GPKG empty
pair,yearbuilt,04208002,,[blank],,Unidata missing; GPKG empty
pair,address,04208003,,[blank],,Unidata missing; GPKG empty
pair,scity,04208003,,[blank],,Unidata missing; GPKG empty
pair,yearbuilt,04208003,,[blank],,Unidata missing; GPKG empty
pair,address,04208004,,[blank],,Unidata missing; GPKG empty
pair,scity,04208004,,[blank],,Unidata missing; GPKG empty
pair,yearbuilt,04208004,,[blank],,Unidata missing; GPKG empty
pair,address,04208005,,[blank],,Unidata missing; GPKG empty
pair,scity,04208005,,[blank],,Unidata missing; GPKG empty
pair,yearbuilt,04208005,,[blank],,Unidata missing; GPKG empty
pair,address,04208006,,[blank],,Unidata missing; GPKG empty
pair,scity,04208006,,[blank],,Unidata missing; GPKG empty
pair,yearbuilt,04208006,,[blank],,Unidata missing; GPKG empty
pair,address,04208007,,[blank],,Unidata missing; GPKG empty
pair,scity,04208007,,[blank],,Unidata missing; GPKG empty
pair,yearbuilt,04208007,,[blank],,Unidata missing; GPKG empty
pair,address,04209002,,[blank],,Unidata missing; GPKG empty
pair,scity,04209002,,[blank],,Unidata missing; GPKG empty
pair,yearbuilt,04209002,,[blank],,Unidata missing; GPKG empty
pair,address,04209003,,[blank],,Unidata missing; GPKG empty
pair,scity,04209003,,[blank],,Unidata missing; GPKG empty
pair,yearbuilt,04209003,,[blank],,Unidata missing; GPKG empty
pair,address,04209004,,[blank],,Unidata missing; GPKG empty
pair,scity,04209004,,[blank],,Unidata missing; GPKG empty
pair,yearbuilt,04209004,,[blank],,Unidata missing; GPKG empty
pair,address,04209005,,[blank],,Unidata missing; GPKG empty
pair,scity,04209005,,[blank],,Unidata missing; GPKG empty
pair,yearbuilt,04209005,,[blank],,Unidata missing; GPKG empty
pair,address,04209010,,[blank],,Unidata missing; GPKG empty
pair,scity,04209010,,[blank],,Unidata missing; GPKG empty
pair,yearbuilt,04209010,,[blank],,Unidata missing; GPKG empty
pair,address,04209011,,[blank],,Unidata missing; GPKG empty
pair,scity,04209011,,[blank],,Unidata missing; GPKG empty
pair,yearbuilt,04209011,,[blank],,Unidata missing; GPKG empty
pair,yearbuilt,04209015,San Jose,[blank],,Unidata missing; GPKG empty
pair,address,04209016,,[blank],,Unidata missing; GPKG empty
pair,scity,04209016,,[blank],,Unidata missing; GPKG empty
pair,yearbuilt,04209016,,[blank],,Unidata missing; GPKG empty
pair,address,04209017,,[blank],,Unidata missing; GPKG empty
pair,scity,04209017,,[blank],,Unidata missing; GPKG empty
pair,yearbuilt,04209017,,[blank],,Unidata missing; GPKG empty
pair,yearbuilt,04209018,San Jose,[blank],,Unidata missing; GPKG empty
pair,address,04210001,,[blank],,Unidata missing; GPKG empty
pair,scity,04210001,,[blank],,Unidata missing; GPKG empty
pair,yearbuilt,04210001,,[blank],,Unidata missing; GPKG empty
pair,address,04210002,,[blank],,Unidata missing; GPKG empty
pair,scity,04210002,,[blank],,Unidata missing; GPKG empty
pair,yearbuilt,04210002,,[blank],,Unidata missing; GPKG empty
pair,address,04210003,,[blank],,Unidata missing; GPKG empty
pair,scity,04210003,,[blank],,Unidata missing; GPKG empty
pair,yearbuilt,04210003,,[blank],,Unidata missing; GPKG empty
pair,address,04210004,,[blank],,Unidata missing; GPKG empty
pair,scity,04210004,,[blank],,Unidata missing; GPKG empty
pair,yearbuilt,04210004,,[blank],,Unidata missing; GPKG empty
pair,address,04210005,,[blank],,Unidata missing; GPKG empty
pair,scity,04210005,,[blank],,Unidata missing; GPKG empty
pair,yearbuilt,04210005,,[blank],,Unidata missing; GPKG empty
pair,address,04210006,,[blank],,Unidata missing; GPKG empty
pair,scity,04210006,,[blank],,Unidata missing; GPKG empty
pair,yearbuilt,04210007,San Jose,[blank],,Unidata missing; GPKG empty
pair,address,04210008,,[blank],,Unidata missing; GPKG empty
pair,scity,04210008,,[blank],,Unidata missing; GPKG empty
pair,yearbuilt,04210009,San Jose,[blank],,Unidata missing; GPKG empty
pair,yearbuilt,04210010,San Jose,[blank],,Unidata missing; GPKG empty
pair,yearbuilt,04210011,San Jose,[blank],,Unidata missing; GPKG empty
pair,yearbuilt,04210012,San Jose,[blank],,Unidata missing; GPKG empty
pair,address,04210020,,[blank],,Unidata missing; GPKG empty
pair,scity,04210020,,[blank],,Unidata missing; GPKG empty
pair,yearbuilt,04210020,,[blank],,Unidata missing; GPKG empty
pair,address,04210021,,[blank],,Unidata missing; GPKG empty
pair,scity,04210021,,[blank],,Unidata missing; GPKG empty
pair,yearbuilt,04210021,,[blank],,Unidata missing; GPKG empty
pair,address,04210022,,[blank],,Unidata missing; GPKG empty
pair,scity,04210022,,[blank],,Unidata missing; GPKG empty
pair,yearbuilt,04210022,,[blank],,Unidata missing; GPKG empty
pair,yearbuilt,04211001,San Jose,[blank],,Unidata missing; GPKG empty
pair,address,04211002,,[blank],,Unidata missing; GPKG empty
pair,scity,04211002,,[blank],,Unidata missing; GPKG empty
pair,yearbuilt,04211002,,[blank],,Unidata missing; GPKG empty
pair,address,04211004,,[blank],,Unidata missing; GPKG empty
pair,scity,04211004,,[blank],,Unidata missing; GPKG empty
pair,yearbuilt,04211004,,[blank],,Unidata missing; GPKG empty
pair,yearbuilt,04211005,San Jose,[blank],,Unidata missing; GPKG empty
pair,yearbuilt,04211006,San Jose,[blank],,Unidata missing; GPKG empty
pair,address,04211007,,[blank],,Unidata missing; GPKG empty
pair,scity,04211007,,[blank],,Unidata missing; GPKG empty
pair,yearbuilt,04211007,,[blank],,Unidata missing; GPKG empty
pair,yearbuilt,04211008,San Jose,[blank],,Unidata missing; GPKG empty
pair,yearbuilt,04211009,San Jose,[blank],,Unidata missing; GPKG empty
pair,yearbuilt,04211010,San Jose,[blank],,Unidata missing; GPKG empty
pair,yearbuilt,04211011,San Jose,[blank],,Unidata missing; GPKG empty
pair,yearbuilt,04211016,San Jose,[blank],,Unidata missing; GPKG empty
pair,address,04211018,,[blank],,Unidata missing; GPKG empty
pair,scity,04211018,,[blank],,Unidata missing; GPKG empty
pair,yearbuilt,04211018,,[blank],,Unidata missing; GPKG empty
pair,yearbuilt,04211019,San Jose,[blank],,Unidata missing; GPKG empty
pair,yearbuilt,04211020,San Jose,[blank],,Unidata missing; GPKG empty
pair,yearbuilt,04211021,San Jose,[blank],,Unidata missing; GPKG empty
pair,yearbuilt,04211022,San Jose,[blank],,Unidata missing; GPKG empty
pair,yearbuilt,04211023,San Jose,[blank],,Unidata missing; GPKG empty
pair,yearbuilt,04212007,San Jose,[blank],,Unidata missing; GPKG empty
pair,address,04212008,,[blank],,Unidata missing; GPKG empty
pair,scity,04212008,,[blank],,Unidata missing; GPKG empty
pair,yearbuilt,04212008,,[blank],,Unidata missing; GPKG empty
pair,yearbuilt,04212009,San Jose,[blank],,Unidata missing; GPKG empty
pair,address,04212010,,[blank],,Unidata missing; GPKG empty
pair,scity,04212010,,[blank],,Unidata missing; GPKG empty
pair,yearbuilt,04212010,,[blank],,Unidata missing; GPKG empty
pair,yearbuilt,04212011,San Jose,[blank],,Unidata missing; GPKG empty
pair,yearbuilt,04212012,San Jose,[blank],,Unidata missing; GPKG empty
pair,yearbuilt,04212013,San Jose,[blank],,Unidata missing; GPKG empty
pair,yearbuilt,04212014,San Jose,[blank],,Unidata missing; GPKG empty
pair,yearbuilt,04212018,San Jose,[blank],,Unidata missing; GPKG empty
pair,yearbuilt,04212019,San Jose,[blank],,Unidata missing; GPKG empty
pair,yearbuilt,04212020,San Jose,[blank],,Unidata missing; GPKG empty
pair,address,04212021,,[blank],,Unidata missing; GPKG empty
pair,scity,04212021,,[blank],,Unidata missing; GPKG empty
pair,yearbuilt,04212022,San Jose,[blank],,Unidata missing; GPKG empty
pair,yearbuilt,04212023,San Jose,[blank],,Unidata missing; GPKG empty
pair,yearbuilt,04213005,San Jose,[blank],,Unidata missing; GPKG empty
pair,yearbuilt,04213006,San Jose,[blank],,Unidata missing; GPKG empty
pair,yearbuilt,04213007,San Jose,[blank],,Unidata missing; GPKG empty
pair,yearbuilt,04213008,San Jose,[blank],,Unidata missing; GPKG empty
pair,yearbuilt,04213009,San Jose,[blank],,Unidata missing; GPKG empty
pair,address,04213010,,[blank],,Unidata missing; GPKG empty
pair,scity,04213010,,[blank],,Unidata missing; GPKG empty
pair,yearbuilt,04213010,,[blank],,Unidata missing; GPKG empty
pair,yearbuilt,04213013,San Jose,[blank],,Unidata missing; GPKG empty
pair,yearbuilt,04213019,San Jose,[blank],,Unidata missing; GPKG empty
pair,yearbuilt,04213020,San Jose,[blank],,Unidata missing; GPKG empty
pair,yearbuilt,04213022,San Jose,[blank],,Unidata missing; GPKG empty
pair,yearbuilt,04213024,Livermore,[blank],,Unidata missing; GPKG empty
pair,yearbuilt,04213026,San Jose,[blank],,Unidata missing; GPKG empty
pair,yearbuilt,04213027,San Jose,[blank],,Unidata missing; GPKG empty
pair,yearbuilt,04213029,San Jose,[blank],,Unidata missing; GPKG empty
pair,address,04214042,,[blank],,Unidata missing; GPKG empty
pair,scity,04214042,,[blank],,Unidata missing; GPKG empty
pair,yearbuilt,04214042,,[blank],,Unidata missing; GPKG empty
pair,yearbuilt,04214046,San Jose,[blank],,Unidata missing; GPKG empty
pair,address,04214048,,[blank],,Unidata missing; GPKG empty
pair,scity,04214048,,[blank],,Unidata missing; GPKG empty
pair,yearbuilt,04214048,,[blank],,Unidata missing; GPKG empty
pair,address,04214060,,[blank],,Unidata missing; GPKG empty
pair,scity,04214060,,[blank],,Unidata missing; GPKG empty
pair,yearbuilt,04214060,,[blank],,Unidata missing; GPKG empty
pair,yearbuilt,04214061,San Jose,[blank],,Unidata missing; GPKG empty
pair,yearbuilt,04214063,San Jose,[blank],,Unidata missing; GPKG empty
pair,yearbuilt,04214064,San Jose,[blank],,Unidata missing; GPKG empty
pair,yearbuilt,04215032,Milpitas,[blank],,Unidata missing; GPKG empty
pair,yearbuilt,04215038,Milpitas,[blank],,Unidata missing; GPKG empty
pair,yearbuilt,04215047,San Jose,[blank],,Unidata missing; GPKG empty
pair,yearbuilt,04215049,San Jose,[blank],,Unidata missing; GPKG empty
pair,yearbuilt,04215053,San Jose,[blank],,Unidata missing; GPKG empty
pair,yearbuilt,04216004,Milpitas,[blank],,Unidata missing; GPKG empty
pair,yearbuilt,04216005,San Jose,[blank],,Unidata missing; GPKG empty
pair,yearbuilt,04217012,San Jose,[blank],,Unidata missing; GPKG empty
pair,yearbuilt,04217017,San Jose,[blank],,Unidata missing; GPKG empty
pair,yearbuilt,04217019,San Jose,[blank],,Unidata missing; GPKG empty
pair,yearbuilt,04217020,San Jose,[blank],,Unidata missing; GPKG empty
pair,yearbuilt,04217027,San Jose,[blank],,Unidata missing; GPKG empty
pair,yearbuilt,04217029,San Jose,[blank],,Unidata missing; GPKG empty
pair,yearbuilt,04218001,Milpitas,[blank],,Unidata missing; GPKG empty
pair,yearbuilt,04218003,San Jose,[blank],,Unidata missing; GPKG empty
pair,yearbuilt,04218004,San Jose,[blank],,Unidata missing; GPKG empty
pair,yearbuilt,04218015,San Jose,[blank],,Unidata missing; GPKG empty
pair,address,04218016,,[blank],,Unidata missing; GPKG empty
pair,scity,04218016,,[blank],,Unidata missing; GPKG empty
pair,yearbuilt,04218016,,[blank],,Unidata missing; GPKG empty
pair,yearbuilt,04219001,San Jose,[blank],,Unidata missing; GPKG empty
pair,yearbuilt,04219002,San Jose,[blank],,Unidata missing; GPKG empty
pair,yearbuilt,04219003,San Jose,[blank],,Unidata missing; GPKG empty
pair,yearbuilt,04219004,San Jose,[blank],,Unidata missing; GPKG empty
pair,yearbuilt,04219005,San Jose,[blank],,Unidata missing; GPKG empty
pair,yearbuilt,04219006,San Jose,[blank],,Unidata missing; GPKG empty
pair,yearbuilt,04219007,San Jose,[blank],,Unidata missing; GPKG empty
pair,yearbuilt,04219008,San Jose,[blank],,Unidata missing; GPKG empty
pair,yearbuilt,04219009,San Jose,[blank],,Unidata missing; GPKG empty
pair,yearbuilt,04219010,San Jose,[blank],,Unidata missing; GPKG empty
pair,yearbuilt,04219011,San Jose,[blank],,Unidata missing; GPKG empty
pair,yearbuilt,04219012,San Jose,[blank],,Unidata missing; GPKG empty
pair,address,04220001,,[blank],,Unidata missing; GPKG empty
pair,scity,04220001,,[blank],,Unidata missing; GPKG empty
pair,yearbuilt,04220001,,[blank],,Unidata missing; GPKG empty
pair,yearbuilt,04220002,San Jose,[blank],,Unidata missing; GPKG empty
pair,yearbuilt,04220003,San Jose,[blank],,Unidata missing; GPKG empty
pair,yearbuilt,04220004,San Jose,[blank],,Unidata missing; GPKG empty
pair,yearbuilt,04220005,San Jose,[blank],,Unidata missing; GPKG empty
pair,yearbuilt,04220006,San Jose,[blank],,Unidata missing; GPKG empty
pair,yearbuilt,04220007,San Jose,[blank],,Unidata missing; GPKG empty
pair,yearbuilt,04220008,San Jose,[blank],,Unidata missing; GPKG empty
pair,address,04220009,,[blank],,Unidata missing; GPKG empty
pair,scity,04220009,,[blank],,Unidata missing; GPKG empty
pair,yearbuilt,04220009,,[blank],,Unidata missing; GPKG empty
pair,yearbuilt,04220010,San Jose,[blank],,Unidata missing; GPKG empty
pair,yearbuilt,04221001,San Jose,[blank],,Unidata missing; GPKG empty
pair,yearbuilt,04221004,San Jose,[blank],,Unidata missing; GPKG empty
pair,yearbuilt,04221006,San Jose,[blank],,Unidata missing; GPKG empty
pair,yearbuilt,04221007,San Jose,[blank],,Unidata missing; GPKG empty
pair,address,04221008,,[blank],,Unidata missing; GPKG empty
pair,scity,04221008,,[blank],,Unidata missing; GPKG empty
pair,yearbuilt,04221008,,[blank],,Unidata missing; GPKG empty
pair,yearbuilt,04221009,San Jose,[blank],,Unidata missing; GPKG empty
pair,yearbuilt,04221010,San Jose,[blank],,Unidata missing; GPKG empty
pair,yearbuilt,04221011,San Jose,[blank],,Unidata missing; GPKG empty
pair,yearbuilt,04221012,San Jose,[blank],,Unidata missing; GPKG empty
pair,yearbuilt,04221013,San Jose,[blank],,Unidata missing; GPKG empty
pair,yearbuilt,04221014,San Jose,[blank],,Unidata missing; GPKG empty
pair,yearbuilt,04221016,San Jose,[blank],,Unidata missing; GPKG empty
pair,yearbuilt,04222004,San Jose,[blank],,Unidata missing; GPKG empty
pair,yearbuilt,04223003,San Jose,[blank],,Unidata missing; GPKG empty
pair,address,04223008,,[blank],,Unidata missing; GPKG empty
pair,scity,04223008,,[blank],,Unidata missing; GPKG empty
pair,yearbuilt,04223008,,[blank],,Unidata missing; GPKG empty
pair,address,04225001,Milpitas,[blank],,Unidata missing; GPKG empty
pair,yearbuilt,04225001,Milpitas,[blank],,Unidata missing; GPKG empty
pair,yearbuilt,04225004,Milpitas,[blank],,Unidata missing; GPKG empty
pair,yearbuilt,04225016,Milpitas,[blank],,Unidata missing; GPKG empty
pair,yearbuilt,04226002,San Jose,[blank],,Unidata missing; GPKG empty
pair,yearbuilt,04226007,San Jose,[blank],,Unidata missing; GPKG empty
pair,yearbuilt,04226008,San Jose,[blank],,Unidata missing; GPKG empty
pair,yearbuilt,04226011,San Jose,[blank],,Unidata missing; GPKG empty
pair,yearbuilt,04226013,San Jose,[blank],,Unidata missing; GPKG empty
pair,yearbuilt,04226014,San Jose,[blank],,Unidata missing; GPKG empty
pair,yearbuilt,04227003,San Jose,[blank],,Unidata missing; GPKG empty
pair,yearbuilt,04227005,San Jose,[blank],,Unidata missing; GPKG empty
pair,yearbuilt,04227006,San Jose,[blank],,Unidata missing; GPKG empty
pair,yearbuilt,04227008,San Jose,[blank],,Unidata missing; GPKG empty
pair,yearbuilt,04227009,San Jose,[blank],,Unidata missing; GPKG empty
pair,yearbuilt,04227010,San Jose,[blank],,Unidata missing; GPKG empty
pair,yearbuilt,04227011,San Jose,[blank],,Unidata missing; GPKG empty
pair,yearbuilt,04228002,San Jose,[blank],,Unidata missing; GPKG empty
pair,yearbuilt,04228003,San Jose,[blank],,Unidata missing; GPKG empty
pair,yearbuilt,04228004,San Jose,[blank],,Unidata missing; GPKG empty
pair,yearbuilt,04229001,San Jose,[blank],,Unidata missing; GPKG empty
pair,address,04229003,,[blank],,Unidata missing; GPKG empty
pair,scity,04229003,,[blank],,Unidata missing; GPKG empty
pair,yearbuilt,04229003,,[blank],,Unidata missing; GPKG empty
pair,yearbuilt,04229004,San Jose,[blank],,Unidata missing; GPKG empty
pair,address,04229005,,[blank],,Unidata missing; GPKG empty
pair,scity,04229005,,[blank],,Unidata missing; GPKG empty
pair,yearbuilt,04229005,,[blank],,Unidata missing; GPKG empty
pair,yearbuilt,04229006,San Jose,[blank],,Unidata missing; GPKG empty
pair,yearbuilt,04230015,Milpitas,[blank],,Unidata missing; GPKG empty
pair,yearbuilt,04230021,Milpitas,[blank],,Unidata missing; GPKG empty
pair,yearbuilt,04230022,Milpitas,[blank],,Unidata missing; GPKG empty
pair,yearbuilt,04230027,Milpitas,[blank],,Unidata missing; GPKG empty
pair,yearbuilt,04230029,Milpitas,[blank],,Unidata missing; GPKG empty
pair,address,04231006,,[blank],,Unidata missing; GPKG empty
pair,scity,04231006,,[blank],,Unidata missing; GPKG empty
pair,yearbuilt,04231006,,[blank],,Unidata missing; GPKG empty
pair,yearbuilt,04231007,Milpitas,[blank],,Unidata missing; GPKG empty
pair,yearbuilt,04231008,Milpitas,[blank],,Unidata missing; GPKG empty
pair,yearbuilt,04232002,San Jose,[blank],,Unidata missing; GPKG empty
pair,address,04233011,,[blank],,Unidata missing; GPKG empty
pair,scity,04233011,,[blank],,Unidata missing; GPKG empty
pair,yearbuilt,04233011,,[blank],,Unidata missing; GPKG empty
pair,yearbuilt,07001002,San Jose,[blank],,Unidata missing; GPKG empty
pair,yearbuilt,07001003,San Jose,[blank],,Unidata missing; GPKG empty
pair,yearbuilt,07001004,San Jose,[blank],,Unidata missing; GPKG empty
pair,yearbuilt,07001010,San Jose,[blank],,Unidata missing; GPKG empty
pair,address,07001011,,[blank],,Unidata missing; GPKG empty
pair,scity,07001011,,[blank],,Unidata missing; GPKG empty
pair,yearbuilt,07001011,,[blank],,Unidata missing; GPKG empty
pair,address,07001014,,[blank],,Unidata missing; GPKG empty
pair,scity,07001014,,[blank],,Unidata missing; GPKG empty
pair,yearbuilt,07001014,,[blank],,Unidata missing; GPKG empty
pair,yearbuilt,07001016,San Jose,[blank],,Unidata missing; GPKG empty
pair,yearbuilt,07001017,San Jose,[blank],,Unidata missing; GPKG empty
pair,address,07001018,,[blank],,Unidata missing; GPKG empty
pair,scity,07001018,,[blank],,Unidata missing; GPKG empty
pair,yearbuilt,07001018,,[blank],,Unidata missing; GPKG empty
pair,yearbuilt,07001031,San Jose,[blank],,Unidata missing; GPKG empty
pair,yearbuilt,07001034,San Jose,[blank],,Unidata missing; GPKG empty
pair,yearbuilt,07001035,San Jose,[blank],,Unidata missing; GPKG empty
pair,yearbuilt,07001036,San Jose,[blank],,Unidata missing; GPKG empty
pair,yearbuilt,07001040,San Jose,[blank],,Unidata missing; GPKG empty
pair,yearbuilt,07001045,San Jose,[blank],,Unidata missing; GPKG empty
pair,yearbuilt,07001049,San Jose,[blank],,Unidata missing; GPKG empty
pair,yearbuilt,07001050,Mount Hamilton,[blank],,Unidata missing; GPKG empty
pair,yearbuilt,07001051,Mount Hamilton,[blank],,Unidata missing; GPKG empty
pair,address,07001052,,[blank],,Unidata missing; GPKG empty
pair,scity,07001052,,[blank],,Unidata missing; GPKG empty
pair,yearbuilt,07001052,,[blank],,Unidata missing; GPKG empty
pair,address,07001053,,[blank],,Unidata missing; GPKG empty
pair,scity,07001053,,[blank],,Unidata missing; GPKG empty
pair,yearbuilt,07001053,,[blank],,Unidata missing; GPKG empty
pair,yearbuilt,07001054,San Jose,[blank],,Unidata missing; GPKG empty
pair,yearbuilt,07001055,San Jose,[blank],,Unidata missing; GPKG empty
pair,address,07001056,,[blank],,Unidata missing; GPKG empty
pair,scity,07001056,,[blank],,Unidata missing; GPKG empty
pair,yearbuilt,07001056,,[blank],,Unidata missing; GPKG empty
pair,yearbuilt,07002006,San Jose,[blank],,Unidata missing; GPKG empty
pair,yearbuilt,07002007,San Jose,[blank],,Unidata missing; GPKG empty
pair,yearbuilt,07002008,San Jose,[blank],,Unidata missing; GPKG empty
pair,yearbuilt,07002012,San Jose,[blank],,Unidata missing; GPKG empty
pair,yearbuilt,07002013,San Jose,[blank],,Unidata missing; GPKG empty
pair,yearbuilt,07002014,San Jose,[blank],,Unidata missing; GPKG empty
pair,address,07002019,,[blank],,Unidata missing; GPKG empty
pair,scity,07002019,,[blank],,Unidata missing; GPKG empty
pair,yearbuilt,07002019,,[blank],,Unidata missing; GPKG empty
pair,yearbuilt,07002020,San Jose,[blank],,Unidata missing; GPKG empty
pair,yearbuilt,07002021,San Jose,[blank],,Unidata missing; GPKG empty
pair,yearbuilt,07002022,San Jose,[blank],,Unidata missing; GPKG empty
pair,yearbuilt,07002025,San Jose,[blank],,Unidata missing; GPKG empty
pair,yearbuilt,07002027,San Jose,[blank],,Unidata missing; GPKG empty
pair,yearbuilt,07002029,San Jose,[blank],,Unidata missing; GPKG empty
pair,yearbuilt,07002038,San Jose,[blank],,Unidata missing; GPKG empty
pair,yearbuilt,07002041,San Jose,[blank],,Unidata missing; GPKG empty
pair,yearbuilt,07002045,San Jose,[blank],,Unidata missing; GPKG empty
pair,yearbuilt,07003010,San Jose,[blank],,Unidata missing; GPKG empty
pair,yearbuilt,07003011,San Jose,[blank],,Unidata missing; GPKG empty
pair,yearbuilt,07003012,San Jose,[blank],,Unidata missing; GPKG empty
pair,yearbuilt,07003013,San Jose,[blank],,Unidata missing; GPKG empty
pair,yearbuilt,07003016,San Jose,[blank],,Unidata missing; GPKG empty
pair,yearbuilt,07003017,San Jose,[blank],,Unidata missing; GPKG empty
pair,yearbuilt,07003019,San Jose,[blank],,Unidata missing; GPKG empty
pair,yearbuilt,07003025,San Jose,[blank],,Unidata missing; GPKG empty
pair,yearbuilt,07003026,San Jose,[blank],,Unidata missing; GPKG empty
pair,yearbuilt,07003031,San Jose,[blank],,Unidata missing; GPKG empty
pair,yearbuilt,07003033,San Jose,[blank],,Unidata missing; GPKG empty
pair,yearbuilt,07003038,San Jose,[blank],,Unidata missing; GPKG empty
pair,address,07003039,,[blank],,Unidata missing; GPKG empty
pair,scity,07003039,,[blank],,Unidata missing; GPKG empty
pair,yearbuilt,07003039,,[blank],,Unidata missing; GPKG empty
pair,yearbuilt,07003042,Livermore,[blank],,Unidata missing; GPKG empty
pair,yearbuilt,07003044,San Jose,[blank],,Unidata missing; GPKG empty
pair,address,07003045,,[blank],,Unidata missing; GPKG empty
pair,scity,07003045,,[blank],,Unidata missing; GPKG empty
pair,address,07003046,,[blank],,Unidata missing; GPKG empty
pair,scity,07003046,,[blank],,Unidata missing; GPKG empty
pair,yearbuilt,07003049,San Jose,[blank],,Unidata missing; GPKG empty
pair,yearbuilt,07003051,San Jose,[blank],,Unidata missing; GPKG empty
pair,address,07003056,,[blank],,Unidata missing; GPKG empty
pair,scity,07003056,,[blank],,Unidata missing; GPKG empty
pair,yearbuilt,07003057,San Jose,[blank],,Unidata missing; GPKG empty
pair,address,07003059,,[blank],,Unidata missing; GPKG empty
pair,scity,07003059,,[blank],,Unidata missing; GPKG empty
pair,address,07003060,,[blank],,Unidata missing; GPKG empty
pair,scity,07003060,,[blank],,Unidata missing; GPKG empty
pair,yearbuilt,07003060,,[blank],,Unidata missing; GPKG empty
pair,yearbuilt,07003061,San Jose,[blank],,Unidata missing; GPKG empty
pair,yearbuilt,07003062,Livermore,[blank],,Unidata missing; GPKG empty
pair,yearbuilt,07003063,San Jose,[blank],,Unidata missing; GPKG empty
pair,yearbuilt,07003064,San Jose,[blank],,Unidata missing; GPKG empty
pair,yearbuilt,07003065,San Jose,[blank],,Unidata missing; GPKG empty
pair,yearbuilt,07003066,San Jose,[blank],,Unidata missing; GPKG empty
pair,yearbuilt,07003072,San Jose,[blank],,Unidata missing; GPKG empty
pair,yearbuilt,07003073,San Jose,[blank],,Unidata missing; GPKG empty
pair,yearbuilt,07003074,San Jose,[blank],,Unidata missing; GPKG empty
pair,yearbuilt,07003075,San Jose,[blank],,Unidata missing; GPKG empty
pair,yearbuilt,07003079,San Jose,[blank],,Unidata missing; GPKG empty
pair,yearbuilt,07003080,San Jose,[blank],,Unidata missing; GPKG empty
pair,yearbuilt,07003081,San Jose,[blank],,Unidata missing; GPKG empty
pair,yearbuilt,07003082,San Jose,[blank],,Unidata missing; GPKG empty
pair,yearbuilt,07003088,San Jose,[blank],,Unidata missing; GPKG empty
pair,address,07003091,,[blank],,Unidata missing; GPKG empty
pair,scity,07003091,,[blank],,Unidata missing; GPKG empty
pair,yearbuilt,07003091,,[blank],,Unidata missing; GPKG empty
pair,yearbuilt,07003092,San Jose,[blank],,Unidata missing; GPKG empty
pair,yearbuilt,07003093,San Jose,[blank],,Unidata missing; GPKG empty
pair,yearbuilt,07003094,San Jose,[blank],,Unidata missing; GPKG empty
pair,yearbuilt,07004001,San Jose,[blank],,Unidata missing; GPKG empty
pair,yearbuilt,07004002,San Jose,[blank],,Unidata missing; GPKG empty
pair,yearbuilt,07004003,San Jose,[blank],,Unidata missing; GPKG empty
pair,yearbuilt,07004004,San Jose,[blank],,Unidata missing; GPKG empty
pair,yearbuilt,07004005,San Jose,[blank],,Unidata missing; GPKG empty
pair,yearbuilt,07004007,San Jose,[blank],,Unidata missing; GPKG empty
pair,yearbuilt,07004008,San Jose,[blank],,Unidata missing; GPKG empty
pair,yearbuilt,07004009,San Jose,[blank],,Unidata missing; GPKG empty
pair,yearbuilt,07004010,San Jose,[blank],,Unidata missing; GPKG empty
pair,yearbuilt,07004011,San Jose,[blank],,Unidata missing; GPKG empty
pair,yearbuilt,07004012,San Jose,[blank],,Unidata missing; GPKG empty
pair,yearbuilt,07004013,San Jose,[blank],,Unidata missing; GPKG empty
pair,yearbuilt,07004014,San Jose,[blank],,Unidata missing; GPKG empty
pair,yearbuilt,07004015,San Jose,[blank],,Unidata missing; GPKG empty
pair,yearbuilt,07004016,San Jose,[blank],,Unidata missing; GPKG empty
pair,yearbuilt,07004017,San Jose,[blank],,Unidata missing; GPKG empty
pair,yearbuilt,07004018,San Jose,[blank],,Unidata missing; GPKG empty
pair,yearbuilt,07004023,San Jose,[blank],,Unidata missing; GPKG empty
pair,yearbuilt,07004025,San Jose,[blank],,Unidata missing; GPKG empty
pair,yearbuilt,07004030,San Jose,[blank],,Unidata missing; GPKG empty
pair,yearbuilt,07004032,Livermore,[blank],,Unidata missing; GPKG empty
pair,yearbuilt,07004033,San Jose,[blank],,Unidata missing; GPKG empty
pair,yearbuilt,07004034,San Jose,[blank],,Unidata missing; GPKG empty
pair,yearbuilt,07004035,San Jose,[blank],,Unidata missing; GPKG empty
pair,yearbuilt,07005001,San Jose,[blank],,Unidata missing; GPKG empty
pair,yearbuilt,07005002,San Jose,[blank],,Unidata missing; GPKG empty
pair,yearbuilt,07005003,San Jose,[blank],,Unidata missing; GPKG empty
pair,address,07005004,,[blank],,Unidata missing; GPKG empty
pair,scity,07005004,,[blank],,Unidata missing; GPKG empty
pair,yearbuilt,07005005,San Jose,[blank],,Unidata missing; GPKG empty
pair,yearbuilt,07005008,San Jose,[blank],,Unidata missing; GPKG empty
pair,yearbuilt,07005009,San Jose,[blank],,Unidata missing; GPKG empty
pair,yearbuilt,07005013,San Jose,[blank],,Unidata missing; GPKG empty
pair,yearbuilt,07005014,San Jose,[blank],,Unidata missing; GPKG empty
pair,yearbuilt,07005015,San Jose,[blank],,Unidata missing; GPKG empty
pair,yearbuilt,07005017,San Jose,[blank],,Unidata missing; GPKG empty
pair,yearbuilt,07005019,San Jose,[blank],,Unidata missing; GPKG empty
pair,yearbuilt,07005020,San Jose,[blank],,Unidata missing; GPKG empty
pair,yearbuilt,07005027,San Jose,[blank],,Unidata missing; GPKG empty
pair,yearbuilt,07005029,San Jose,[blank],,Unidata missing; GPKG empty
pair,address,07005030,,[blank],,Unidata missing; GPKG empty
pair,scity,07005030,,[blank],,Unidata missing; GPKG empty
pair,yearbuilt,07005030,,[blank],,Unidata missing; GPKG empty
pair,yearbuilt,07005034,San Jose,[blank],,Unidata missing; GPKG empty
pair,yearbuilt,07005046,San Jose,[blank],,Unidata missing; GPKG empty
pair,address,07005047,,[blank],,Unidata missing; GPKG empty
pair,scity,07005047,,[blank],,Unidata missing; GPKG empty
pair,yearbuilt,07005047,,[blank],,Unidata missing; GPKG empty
pair,address,07005048,,[blank],,Unidata missing; GPKG empty
pair,scity,07005048,,[blank],,Unidata missing; GPKG empty
pair,yearbuilt,07005048,,[blank],,Unidata missing; GPKG empty
pair,address,07005052,,[blank],,Unidata missing; GPKG empty
pair,scity,07005052,,[blank],,Unidata missing; GPKG empty
pair,yearbuilt,07005052,,[blank],,Unidata missing; GPKG empty
pair,yearbuilt,07005053,San Jose,[blank],,Unidata missing; GPKG empty
pair,yearbuilt,07006001,San Jose,[blank],,Unidata missing; GPKG empty
pair,yearbuilt,07006006,San Jose,[blank],,Unidata missing; GPKG empty
pair,yearbuilt,07006007,San Jose,[blank],,Unidata missing; GPKG empty
pair,yearbuilt,07006009,San Jose,[blank],,Unidata missing; GPKG empty
pair,yearbuilt,07006011,San Jose,[blank],,Unidata missing; GPKG empty
pair,yearbuilt,07006012,San Jose,[blank],,Unidata missing; GPKG empty
pair,yearbuilt,07006013,San Jose,[blank],,Unidata missing; GPKG empty
pair,yearbuilt,07006020,Livermore,[blank],,Unidata missing; GPKG empty
pair,yearbuilt,07006021,Livermore,[blank],,Unidata missing; GPKG empty
pair,yearbuilt,07006046,San Jose,[blank],,Unidata missing; GPKG empty
pair,yearbuilt,07006060,San Jose,[blank],,Unidata missing; GPKG empty
pair,yearbuilt,07006065,San Jose,[blank],,Unidata missing; GPKG empty
pair,yearbuilt,07006066,San Jose,[blank],,Unidata missing; GPKG empty
pair,address,07006067,,[blank],,Unidata missing; GPKG empty
pair,scity,07006067,,[blank],,Unidata missing; GPKG empty
pair,yearbuilt,07006067,,[blank],,Unidata missing; GPKG empty
pair,yearbuilt,07006071,San Jose,[blank],,Unidata missing; GPKG empty
pair,address,07006072,,[blank],,Unidata missing; GPKG empty
pair,scity,07006072,,[blank],,Unidata missing; GPKG empty
pair,yearbuilt,07006072,,[blank],,Unidata missing; GPKG empty
pair,yearbuilt,07006075,San Jose,[blank],,Unidata missing; GPKG empty
pair,yearbuilt,07006076,San Jose,[blank],,Unidata missing; GPKG empty
pair,yearbuilt,07006077,Livermore,[blank],,Unidata missing; GPKG empty
pair,address,07006078,,[blank],,Unidata missing; GPKG empty
pair,scity,07006078,,[blank],,Unidata missing; GPKG empty
pair,yearbuilt,07006078,,[blank],,Unidata missing; GPKG empty
pair,yearbuilt,07006079,San Jose,[blank],,Unidata missing; GPKG empty
pair,yearbuilt,07006080,Livermore,[blank],,Unidata missing; GPKG empty
pair,yearbuilt,07006081,San Jose,[blank],,Unidata missing; GPKG empty
pair,yearbuilt,07006084,San Jose,[blank],,Unidata missing; GPKG empty
pair,yearbuilt,07006085,San Jose,[blank],,Unidata missing; GPKG empty
pair,address,07006089,,[blank],,Unidata missing; GPKG empty
pair,scity,07006089,,[blank],,Unidata missing; GPKG empty
pair,address,07006091,,[blank],,Unidata missing; GPKG empty
pair,scity,07006091,,[blank],,Unidata missing; GPKG empty
pair,yearbuilt,07006091,,[blank],,Unidata missing; GPKG empty
pair,yearbuilt,07006094,San Jose,[blank],,Unidata missing; GPKG empty
pair,yearbuilt,07006096,San Jose,[blank],,Unidata missing; GPKG empty
pair,yearbuilt,07006097,San Jose,[blank],,Unidata missing; GPKG empty
pair,yearbuilt,07006098,San Jose,[blank],,Unidata missing; GPKG empty
pair,yearbuilt,07006099,Livermore,[blank],,Unidata missing; GPKG empty
pair,address,07006102,,[blank],,Unidata missing; GPKG empty
pair,scity,07006102,,[blank],,Unidata missing; GPKG empty
pair,yearbuilt,07006102,,[blank],,Unidata missing; GPKG empty
pair,address,07006103,,[blank],,Unidata missing; GPKG empty
pair,scity,07006103,,[blank],,Unidata missing; GPKG empty
pair,yearbuilt,07006103,,[blank],,Unidata missing; GPKG empty
pair,yearbuilt,07007012,San Jose,[blank],,Unidata missing; GPKG empty
pair,yearbuilt,07007013,San Jose,[blank],,Unidata missing; GPKG empty
pair,yearbuilt,07007017,San Jose,[blank],,Unidata missing; GPKG empty
pair,yearbuilt,07007022,Livermore,[blank],,Unidata missing; GPKG empty
pair,yearbuilt,07007030,San Jose,[blank],,Unidata missing; GPKG empty
pair,yearbuilt,07007033,San Jose,[blank],,Unidata missing; GPKG empty
pair,address,07007034,,[blank],,Unidata missing; GPKG empty
pair,scity,07007034,,[blank],,Unidata missing; GPKG empty
pair,yearbuilt,07007034,,[blank],,Unidata missing; GPKG empty
pair,yearbuilt,07007035,San Jose,[blank],,Unidata missing; GPKG empty
pair,yearbuilt,07007036,Livermore,[blank],,Unidata missing; GPKG empty
pair,yearbuilt,07007040,San Jose,[blank],,Unidata missing; GPKG empty
pair,yearbuilt,07007041,Livermore,[blank],,Unidata missing; GPKG empty
pair,yearbuilt,07007042,San Jose,[blank],,Unidata missing; GPKG empty
pair,yearbuilt,07007047,San Jose,[blank],,Unidata missing; GPKG empty
pair,yearbuilt,07007049,San Jose,[blank],,Unidata missing; GPKG empty
pair,yearbuilt,07007050,San Jose,[blank],,Unidata missing; GPKG empty
pair,yearbuilt,07007051,San Jose,[blank],,Unidata missing; GPKG empty
pair,yearbuilt,07007056,San Jose,[blank],,Unidata missing; GPKG empty
pair,yearbuilt,07007057,San Jose,[blank],,Unidata missing; GPKG empty
pair,yearbuilt,07007058,San Jose,[blank],,Unidata missing; GPKG empty
pair,yearbuilt,07007059,San Jose,[blank],,Unidata missing; GPKG empty
pair,yearbuilt,07007060,San Jose,[blank],,Unidata missing; GPKG empty
pair,yearbuilt,07007061,San Jose,[blank],,Unidata missing; GPKG empty
pair,address,07007063,,[blank],,Unidata missing; GPKG empty
pair,scity,07007063,,[blank],,Unidata missing; GPKG empty
pair,yearbuilt,07007063,,[blank],,Unidata missing; GPKG empty
pair,yearbuilt,07007064,San Jose,[blank],,Unidata missing; GPKG empty
pair,yearbuilt,07007065,San Jose,[blank],,Unidata missing; GPKG empty
pair,yearbuilt,07007066,Livermore,[blank],,Unidata missing; GPKG empty
pair,yearbuilt,07008001,San Jose,[blank],,Unidata missing; GPKG empty
pair,yearbuilt,07008006,San Jose,[blank],,Unidata missing; GPKG empty
pair,yearbuilt,07008007,San Jose,[blank],,Unidata missing; GPKG empty
pair,yearbuilt,07008008,San Jose,[blank],,Unidata missing; GPKG empty
pair,yearbuilt,07008009,San Jose,[blank],,Unidata missing; GPKG empty
pair,yearbuilt,07008010,San Jose,[blank],,Unidata missing; GPKG empty
pair,yearbuilt,07008011,San Jose,[blank],,Unidata missing; GPKG empty
pair,yearbuilt,07008013,San Jose,[blank],,Unidata missing; GPKG empty
pair,address,07008014,,[blank],,Unidata missing; GPKG empty
pair,scity,07008014,,[blank],,Unidata missing; GPKG empty
pair,yearbuilt,07008014,,[blank],,Unidata missing; GPKG empty
pair,yearbuilt,07008015,San Jose,[blank],,Unidata missing; GPKG empty
pair,yearbuilt,07008016,San Jose,[blank],,Unidata missing; GPKG empty
pair,yearbuilt,07008017,Livermore,[blank],,Unidata missing; GPKG empty
pair,yearbuilt,07008018,San Jose,[blank],,Unidata missing; GPKG empty
pair,yearbuilt,07009003,San Jose,[blank],,Unidata missing; GPKG empty
pair,yearbuilt,07009015,San Jose,[blank],,Unidata missing; GPKG empty
pair,yearbuilt,07009022,San Jose,[blank],,Unidata missing; GPKG empty
pair,yearbuilt,07009024,San Jose,[blank],,Unidata missing; GPKG empty
pair,yearbuilt,07009025,San Jose,[blank],,Unidata missing; GPKG empty
pair,address,07009026,,[blank],,Unidata missing; GPKG empty
pair,scity,07009026,,[blank],,Unidata missing; GPKG empty
pair,yearbuilt,07009026,,[blank],,Unidata missing; GPKG empty
pair,yearbuilt,07009027,San Jose,[blank],,Unidata missing; GPKG empty
pair,yearbuilt,07009033,San Jose,[blank],,Unidata missing; GPKG empty
pair,yearbuilt,07009035,San Jose,[blank],,Unidata missing; GPKG empty
pair,yearbuilt,07009043,San Jose,[blank],,Unidata missing; GPKG empty
pair,yearbuilt,07009044,Livermore,[blank],,Unidata missing; GPKG empty
pair,yearbuilt,07009045,San Jose,[blank],,Unidata missing; GPKG empty
pair,yearbuilt,07009046,San Jose,[blank],,Unidata missing; GPKG empty
pair,yearbuilt,07009048,San Jose,[blank],,Unidata missing; GPKG empty
pair,yearbuilt,07009049,San Jose,[blank],,Unidata missing; GPKG empty
pair,yearbuilt,07009051,San Jose,[blank],,Unidata missing; GPKG empty
pair,yearbuilt,07009052,San Jose,[blank],,Unidata missing; GPKG empty
pair,yearbuilt,07009053,San Jose,[blank],,Unidata missing; GPKG empty
pair,yearbuilt,07009054,San Jose,[blank],,Unidata missing; GPKG empty
pair,address,07009061,,[blank],,Unidata missing; GPKG empty
pair,scity,07009061,,[blank],,Unidata missing; GPKG empty
pair,yearbuilt,07009061,,[blank],,Unidata missing; GPKG empty
pair,address,07009063,,[blank],,Unidata missing; GPKG empty
pair,scity,07009063,,[blank],,Unidata missing; GPKG empty
pair,yearbuilt,07009063,,[blank],,Unidata missing; GPKG empty
pair,address,07009064,,[blank],,Unidata missing; GPKG empty
pair,scity,07009064,,[blank],,Unidata missing; GPKG empty
pair,yearbuilt,07009064,,[blank],,Unidata missing; GPKG empty
pair,address,07009065,,[blank],,Unidata missing; GPKG empty
pair,scity,07009065,,[blank],,Unidata missing; GPKG empty
pair,yearbuilt,07009065,,[blank],,Unidata missing; GPKG empty
pair,yearbuilt,07009066,San Jose,[blank],,Unidata missing; GPKG empty
pair,yearbuilt,07010001,San Jose,[blank],,Unidata missing; GPKG empty
pair,yearbuilt,07010002,San Jose,[blank],,Unidata missing; GPKG empty
pair,address,07010008,,[blank],,Unidata missing; GPKG empty
pair,scity,07010008,,[blank],,Unidata missing; GPKG empty
pair,yearbuilt,07010008,,[blank],,Unidata missing; GPKG empty
pair,yearbuilt,07010009,San Jose,[blank],,Unidata missing; GPKG empty
pair,yearbuilt,07010010,San Jose,[blank],,Unidata missing; GPKG empty
pair,yearbuilt,07010012,San Jose,[blank],,Unidata missing; GPKG empty
pair,yearbuilt,07010013,San Jose,[blank],,Unidata missing; GPKG empty
pair,yearbuilt,07010018,San Jose,[blank],,Unidata missing; GPKG empty
pair,yearbuilt,07010019,San Jose,[blank],,Unidata missing; GPKG empty
pair,yearbuilt,07010024,San Jose,[blank],,Unidata missing; GPKG empty
pair,yearbuilt,07010025,San Jose,[blank],,Unidata missing; GPKG empty
pair,yearbuilt,07010026,San Jose,[blank],,Unidata missing; GPKG empty
pair,yearbuilt,07010027,San Jose,[blank],,Unidata missing; GPKG empty
pair,yearbuilt,07010032,San Jose,[blank],,Unidata missing; GPKG empty
pair,address,07010034,,[blank],,Unidata missing; GPKG empty
pair,scity,07010034,,[blank],,Unidata missing; GPKG empty
pair,yearbuilt,07010034,,[blank],,Unidata missing; GPKG empty
pair,yearbuilt,07010038,Livermore,[blank],,Unidata missing; GPKG empty
pair,yearbuilt,07010039,San Jose,[blank],,Unidata missing; GPKG empty
pair,address,07010043,,[blank],,Unidata missing; GPKG empty
pair,scity,07010043,,[blank],,Unidata missing; GPKG empty
pair,yearbuilt,07010043,,[blank],,Unidata missing; GPKG empty
pair,yearbuilt,07010044,San Jose,[blank],,Unidata missing; GPKG empty
pair,yearbuilt,07010046,San Jose,[blank],,Unidata missing; GPKG empty
pair,yearbuilt,07010047,San Jose,[blank],,Unidata missing; GPKG empty
pair,yearbuilt,07010048,San Jose,[blank],,Unidata missing; GPKG empty
pair,address,07010049,,[blank],,Unidata missing; GPKG empty
pair,scity,07010049,,[blank],,Unidata missing; GPKG empty
pair,yearbuilt,07010049,,[blank],,Unidata missing; GPKG empty
pair,yearbuilt,07010051,San Jose,[blank],,Unidata missing; GPKG empty
pair,yearbuilt,07010052,San Jose,[blank],,Unidata missing; GPKG empty
pair,yearbuilt,07010053,San Jose,[blank],,Unidata missing; GPKG empty
pair,yearbuilt,07010054,San Jose,[blank],,Unidata missing; GPKG empty
pair,yearbuilt,07010056,San Jose,[blank],,Unidata missing; GPKG empty
pair,yearbuilt,07010057,San Jose,[blank],,Unidata missing; GPKG empty
pair,yearbuilt,07010058,San Jose,[blank],,Unidata missing; GPKG empty
pair,address,07010059,,[blank],,Unidata missing; GPKG empty
pair,scity,07010059,,[blank],,Unidata missing; GPKG empty
pair,yearbuilt,07010059,,[blank],,Unidata missing; GPKG empty
pair,yearbuilt,07010060,Livermore,[blank],,Unidata missing; GPKG empty
pair,yearbuilt,07010061,Livermore,[blank],,Unidata missing; GPKG empty
pair,yearbuilt,07010063,San Jose,[blank],,Unidata missing; GPKG empty
pair,address,07010064,,[blank],,Unidata missing; GPKG empty
pair,scity,07010064,,[blank],,Unidata missing; GPKG empty
pair,yearbuilt,07010064,,[blank],,Unidata missing; GPKG empty
pair,yearbuilt,07011001,San Jose,[blank],,Unidata missing; GPKG empty
pair,yearbuilt,07011002,San Jose,[blank],,Unidata missing; GPKG empty
pair,yearbuilt,07011003,San Jose,[blank],,Unidata missing; GPKG empty
pair,yearbuilt,07011004,San Jose,[blank],,Unidata missing; GPKG empty
pair,yearbuilt,07011005,San Jose,[blank],,Unidata missing; GPKG empty
pair,yearbuilt,07011009,San Jose,[blank],,Unidata missing; GPKG empty
pair,yearbuilt,07011010,San Jose,[blank],,Unidata missing; GPKG empty
pair,yearbuilt,07011011,San Jose,[blank],,Unidata missing; GPKG empty
pair,yearbuilt,07011013,San Jose,[blank],,Unidata missing; GPKG empty
pair,yearbuilt,07011016,San Jose,[blank],,Unidata missing; GPKG empty
pair,yearbuilt,07011019,San Jose,[blank],,Unidata missing; GPKG empty
pair,yearbuilt,07011020,San Jose,[blank],,Unidata missing; GPKG empty
pair,yearbuilt,07011021,San Jose,[blank],,Unidata missing; GPKG empty
pair,yearbuilt,07011022,San Jose,[blank],,Unidata missing; GPKG empty
pair,yearbuilt,07012001,San Jose,[blank],,Unidata missing; GPKG empty
pair,yearbuilt,07012003,San Jose,[blank],,Unidata missing; GPKG empty
pair,yearbuilt,07012004,San Jose,[blank],,Unidata missing; GPKG empty
pair,yearbuilt,07012005,San Jose,[blank],,Unidata missing; GPKG empty
pair,yearbuilt,07012006,San Jose,[blank],,Unidata missing; GPKG empty
pair,yearbuilt,07012007,San Jose,[blank],,Unidata missing; GPKG empty
pair,yearbuilt,07012008,San Jose,[blank],,Unidata missing; GPKG empty
pair,yearbuilt,07012009,San Jose,[blank],,Unidata missing; GPKG empty
pair,yearbuilt,07012013,Livermore,[blank],,Unidata missing; GPKG empty
pair,yearbuilt,07012015,San Jose,[blank],,Unidata missing; GPKG empty
pair,address,07012016,,[blank],,Unidata missing; GPKG empty
pair,scity,07012016,,[blank],,Unidata missing; GPKG empty
pair,yearbuilt,07012016,,[blank],,Unidata missing; GPKG empty
pair,yearbuilt,07012020,San Jose,[blank],,Unidata missing; GPKG empty
pair,yearbuilt,07012021,San Jose,[blank],,Unidata missing; GPKG empty
pair,yearbuilt,07012022,San Jose,[blank],,Unidata missing; GPKG empty
pair,yearbuilt,07012028,San Jose,[blank],,Unidata missing; GPKG empty
pair,yearbuilt,07012029,San Jose,[blank],,Unidata missing; GPKG empty
pair,yearbuilt,07012030,Livermore,[blank],,Unidata missing; GPKG empty
pair,yearbuilt,07012031,San Jose,[blank],,Unidata missing; GPKG empty
pair,yearbuilt,07012033,San Jose,[blank],,Unidata missing; GPKG empty
pair,yearbuilt,07012036,San Jose,[blank],,Unidata missing; GPKG empty
pair,yearbuilt,07012037,Livermore,[blank],,Unidata missing; GPKG empty
pair,yearbuilt,07012038,San Jose,[blank],,Unidata missing; GPKG empty
pair,address,07012039,,[blank],,Unidata missing; GPKG empty
pair,scity,07012039,,[blank],,Unidata missing; GPKG empty
pair,yearbuilt,07012039,,[blank],,Unidata missing; GPKG empty
pair,address,07012042,,[blank],,Unidata missing; GPKG empty
pair,scity,07012042,,[blank],,Unidata missing; GPKG empty
pair,yearbuilt,07012042,,[blank],,Unidata missing; GPKG empty
pair,yearbuilt,07012044,San Jose,[blank],,Unidata missing; GPKG empty
pair,yearbuilt,07012046,San Jose,[blank],,Unidata missing; GPKG empty
pair,yearbuilt,07012049,Livermore,[blank],,Unidata missing; GPKG empty
pair,yearbuilt,07012050,San Jose,[blank],,Unidata missing; GPKG empty
pair,yearbuilt,07012051,San Jose,[blank],,Unidata missing; GPKG empty
pair,yearbuilt,07012052,San Jose,[blank],,Unidata missing; GPKG empty
pair,yearbuilt,07012053,San Jose,[blank],,Unidata missing; GPKG empty
pair,yearbuilt,07012055,San Jose,[blank],,Unidata missing; GPKG empty
pair,yearbuilt,07012056,San Jose,[blank],,Unidata missing; GPKG empty
pair,yearbuilt,07012058,San Jose,[blank],,Unidata missing; GPKG empty
pair,yearbuilt,07012060,San Jose,[blank],,Unidata missing; GPKG empty
pair,address,07012061,,[blank],,Unidata missing; GPKG empty
pair,scity,07012061,,[blank],,Unidata missing; GPKG empty
pair,yearbuilt,07012061,,[blank],,Unidata missing; GPKG empty
pair,yearbuilt,07012063,San Jose,[blank],,Unidata missing; GPKG empty
pair,address,07012064,,[blank],,Unidata missing; GPKG empty
pair,scity,07012064,,[blank],,Unidata missing; GPKG empty
pair,yearbuilt,07012064,,[blank],,Unidata missing; GPKG empty
pair,yearbuilt,07012065,San Jose,[blank],,Unidata missing; GPKG empty
pair,address,07012066,,[blank],,Unidata missing; GPKG empty
pair,scity,07012066,,[blank],,Unidata missing; GPKG empty
pair,yearbuilt,07012066,,[blank],,Unidata missing; GPKG empty
pair,yearbuilt,07012067,San Jose,[blank],,Unidata missing; GPKG empty
pair,yearbuilt,07013001,San Jose,[blank],,Unidata missing; GPKG empty
pair,yearbuilt,07013003,San Jose,[blank],,Unidata missing; GPKG empty
pair,yearbuilt,07013004,San Jose,[blank],,Unidata missing; GPKG empty
pair,yearbuilt,07013005,San Jose,[blank],,Unidata missing; GPKG empty
pair,yearbuilt,07013006,San Jose,[blank],,Unidata missing; GPKG empty
pair,yearbuilt,07013007,San Jose,[blank],,Unidata missing; GPKG empty
pair,yearbuilt,07013014,San Jose,[blank],,Unidata missing; GPKG empty
pair,yearbuilt,07013015,San Jose,[blank],,Unidata missing; GPKG empty
pair,yearbuilt,07013016,San Jose,[blank],,Unidata missing; GPKG empty
pair,yearbuilt,07013019,San Jose,[blank],,Unidata missing; GPKG empty
pair,yearbuilt,07013020,San Jose,[blank],,Unidata missing; GPKG empty
pair,address,07013022,,[blank],,Unidata missing; GPKG empty
pair,scity,07013022,,[blank],,Unidata missing; GPKG empty
pair,yearbuilt,07013022,,[blank],,Unidata missing; GPKG empty
pair,yearbuilt,07013023,San Jose,[blank],,Unidata missing; GPKG empty
pair,yearbuilt,07013024,San Jose,[blank],,Unidata missing; GPKG empty
pair,yearbuilt,07013025,San Jose,[blank],,Unidata missing; GPKG empty
pair,yearbuilt,07013026,San Jose,[blank],,Unidata missing; GPKG empty
pair,yearbuilt,07014002,San Jose,[blank],,Unidata missing; GPKG empty
pair,yearbuilt,07014004,San Jose,[blank],,Unidata missing; GPKG empty
pair,yearbuilt,07014005,San Jose,[blank],,Unidata missing; GPKG empty
pair,yearbuilt,07014006,San Jose,[blank],,Unidata missing; GPKG empty
pair,yearbuilt,07015003,Mount Hamilton,[blank],,Unidata missing; GPKG empty
pair,yearbuilt,07015006,San Jose,[blank],,Unidata missing; GPKG empty
pair,yearbuilt,07015008,San Jose,[blank],,Unidata missing; GPKG empty
pair,yearbuilt,07016003,San Jose,[blank],,Unidata missing; GPKG empty
pair,yearbuilt,07016004,San Jose,[blank],,Unidata missing; GPKG empty
pair,yearbuilt,07017001,San Jose,[blank],,Unidata missing; GPKG empty
pair,yearbuilt,07018001,San Jose,[blank],,Unidata missing; GPKG empty
pair,yearbuilt,07018005,San Jose,[blank],,Unidata missing; GPKG empty
pair,yearbuilt,07018006,San Jose,[blank],,Unidata missing; GPKG empty
pair,yearbuilt,07018008,San Jose,[blank],,Unidata missing; GPKG empty
pair,yearbuilt,07018009,San Jose,[blank],,Unidata missing; GPKG empty
pair,yearbuilt,07018010,San Jose,[blank],,Unidata missing; GPKG empty
pair,yearbuilt,07018011,San Jose,[blank],,Unidata missing; GPKG empty
pair,yearbuilt,07018012,San Jose,[blank],,Unidata missing; GPKG empty
pair,yearbuilt,07018013,San Jose,[blank],,Unidata missing; GPKG empty
pair,address,07018015,,[blank],,Unidata missing; GPKG empty
pair,scity,07018015,,[blank],,Unidata missing; GPKG empty
pair,yearbuilt,07018015,,[blank],,Unidata missing; GPKG empty
pair,address,07018016,,[blank],,Unidata missing; GPKG empty
pair,scity,07018016,,[blank],,Unidata missing; GPKG empty
pair,yearbuilt,07018016,,[blank],,Unidata missing; GPKG empty
pair,yearbuilt,07019001,San Jose,[blank],,Unidata missing; GPKG empty
pair,yearbuilt,07019002,San Jose,[blank],,Unidata missing; GPKG empty
pair,yearbuilt,07019003,San Jose,[blank],,Unidata missing; GPKG empty
pair,yearbuilt,07019004,San Jose,[blank],,Unidata missing; GPKG empty
pair,yearbuilt,07019005,San Jose,[blank],,Unidata missing; GPKG empty
pair,yearbuilt,07019006,San Jose,[blank],,Unidata missing; GPKG empty
pair,yearbuilt,07019007,San Jose,[blank],,Unidata missing; GPKG empty
pair,address,07020001,,[blank],,Unidata missing; GPKG empty
pair,scity,07020001,,[blank],,Unidata missing; GPKG empty
pair,yearbuilt,07020001,,[blank],,Unidata missing; GPKG empty
pair,address,07020002,,[blank],,Unidata missing; GPKG empty
pair,scity,07020002,,[blank],,Unidata missing; GPKG empty
pair,yearbuilt,07020002,,[blank],,Unidata missing; GPKG empty
pair,yearbuilt,07020003,San Jose,[blank],,Unidata missing; GPKG empty
pair,address,07021001,,[blank],,Unidata missing; GPKG empty
pair,scity,07021001,,[blank],,Unidata missing; GPKG empty
pair,yearbuilt,07021001,,[blank],,Unidata missing; GPKG empty
pair,yearbuilt,07021002,San Jose,[blank],,Unidata missing; GPKG empty
pair,yearbuilt,07021007,San Jose,[blank],,Unidata missing; GPKG empty
pair,yearbuilt,07021008,San Jose,[blank],,Unidata missing; GPKG empty
pair,yearbuilt,07022001,San Jose,[blank],,Unidata missing; GPKG empty
pair,yearbuilt,07022002,San Jose,[blank],,Unidata missing; GPKG empty
pair,yearbuilt,07022003,San Jose,[blank],,Unidata missing; GPKG empty
pair,yearbuilt,07022004,San Jose,[blank],,Unidata missing; GPKG empty
pair,yearbuilt,07022005,San Jose,[blank],,Unidata missing; GPKG empty
pair,yearbuilt,07023001,San Jose,[blank],,Unidata missing; GPKG empty
pair,yearbuilt,07023002,San Jose,[blank],,Unidata missing; GPKG empty
pair,yearbuilt,07023003,San Jose,[blank],,Unidata missing; GPKG empty
pair,yearbuilt,07023004,San Jose,[blank],,Unidata missing; GPKG empty
pair,yearbuilt,07023005,San Jose,[blank],,Unidata missing; GPKG empty
pair,yearbuilt,07023006,San Jose,[blank],,Unidata missing; GPKG empty
pair,yearbuilt,07023007,San Jose,[blank],,Unidata missing; GPKG empty
pair,yearbuilt,07023008,San Jose,[blank],,Unidata missing; GPKG empty
pair,yearbuilt,07023009,San Jose,[blank],,Unidata missing; GPKG empty
pair,yearbuilt,07023010,San Jose,[blank],,Unidata missing; GPKG empty
pair,yearbuilt,07023011,San Jose,[blank],,Unidata missing; GPKG empty
pair,address,07023012,,[blank],,Unidata missing; GPKG empty
pair,scity,07023012,,[blank],,Unidata missing; GPKG empty
pair,yearbuilt,07023012,,[blank],,Unidata missing; GPKG empty
pair,yearbuilt,07023013,San Jose,[blank],,Unidata missing; GPKG empty
pair,yearbuilt,07023014,San Jose,[blank],,Unidata missing; GPKG empty
pair,yearbuilt,07023015,San Jose,[blank],,Unidata missing; GPKG empty
pair,yearbuilt,07023016,San Jose,[blank],,Unidata missing; GPKG empty
pair,yearbuilt,07023017,San Jose,[blank],,Unidata missing; GPKG empty
pair,yearbuilt,07023018,San Jose,[blank],,Unidata missing; GPKG empty
pair,yearbuilt,07024001,San Jose,[blank],,Unidata missing; GPKG empty
pair,yearbuilt,07024005,Livermore,[blank],,Unidata missing; GPKG empty
pair,address,07024007,,[blank],,Unidata missing; GPKG empty
pair,scity,07024007,,[blank],,Unidata missing; GPKG empty
pair,yearbuilt,07024007,,[blank],,Unidata missing; GPKG empty
pair,yearbuilt,07024010,San Jose,[blank],,Unidata missing; GPKG empty
pair,yearbuilt,07024013,San Jose,[blank],,Unidata missing; GPKG empty
pair,yearbuilt,07024014,San Jose,[blank],,Unidata missing; GPKG empty
pair,address,07024015,,[blank],,Unidata missing; GPKG empty
pair,scity,07024015,,[blank],,Unidata missing; GPKG empty
pair,yearbuilt,07024015,,[blank],,Unidata missing; GPKG empty
pair,yearbuilt,07024017,San Jose,[blank],,Unidata missing; GPKG empty
pair,address,07024018,,[blank],,Unidata missing; GPKG empty
pair,scity,07024018,,[blank],,Unidata missing; GPKG empty
pair,yearbuilt,07024019,San Jose,[blank],,Unidata missing; GPKG empty
pair,address,07024021,,[blank],,Unidata missing; GPKG empty
pair,scity,07024021,,[blank],,Unidata missing; GPKG empty
pair,yearbuilt,07024021,,[blank],,Unidata missing; GPKG empty
pair,address,07024022,,[blank],,Unidata missing; GPKG empty
pair,scity,07024022,,[blank],,Unidata missing; GPKG empty
pair,yearbuilt,07024022,,[blank],,Unidata missing; GPKG empty
pair,address,07024023,,[blank],,Unidata missing; GPKG empty
pair,scity,07024023,,[blank],,Unidata missing; GPKG empty
pair,yearbuilt,07024023,,[blank],,Unidata missing; GPKG empty
pair,address,07024024,,[blank],,Unidata missing; GPKG empty
pair,scity,07024024,,[blank],,Unidata missing; GPKG empty
pair,yearbuilt,07024024,,[blank],,Unidata missing; GPKG empty
pair,yearbuilt,07024025,San Jose,[blank],,Unidata missing; GPKG empty
pair,yearbuilt,07024026,San Jose,[blank],,Unidata missing; GPKG empty
pair,yearbuilt,08301001,San Jose,[blank],,Unidata missing; GPKG empty
pair,yearbuilt,08301002,Milpitas,[blank],,Unidata missing; GPKG empty
pair,address,08301003,Milpitas,[blank],,Unidata missing; GPKG empty
pair,yearbuilt,08301003,Milpitas,[blank],,Unidata missing; GPKG empty
pair,yearbuilt,08301004,Milpitas,[blank],,Unidata missing; GPKG empty
pair,address,08301005,Milpitas,[blank],,Unidata missing; GPKG empty
pair,yearbuilt,08301005,Milpitas,[blank],,Unidata missing; GPKG empty
pair,yearbuilt,08301006,Milpitas,[blank],,Unidata missing; GPKG empty
pair,address,08302004,Milpitas,[blank],,Unidata missing; GPKG empty
pair,yearbuilt,08302004,Milpitas,[blank],,Unidata missing; GPKG empty
pair,address,08303001,Milpitas,[blank],,Unidata missing; GPKG empty
pair,yearbuilt,08303001,Milpitas,[blank],,Unidata missing; GPKG empty
pair,yearbuilt,08303002,Milpitas,[blank],,Unidata missing; GPKG empty
pair,address,08303004,Milpitas,[blank],,Unidata missing; GPKG empty
pair,yearbuilt,08303004,Milpitas,[blank],,Unidata missing; GPKG empty
pair,yearbuilt,08303013,Milpitas,[blank],,Unidata missing; GPKG empty
pair,address,08305002,Milpitas,[blank],,Unidata missing; GPKG empty
pair,yearbuilt,08305002,Milpitas,[blank],,Unidata missing; GPKG empty
pair,yearbuilt,08305003,Milpitas,[blank],,Unidata missing; GPKG empty
pair,yearbuilt,08305007,Milpitas,[blank],,Unidata missing; GPKG empty
pair,yearbuilt,08305009,Milpitas,[blank],,Unidata missing; GPKG empty
pair,yearbuilt,08305011,Milpitas,[blank],,Unidata missing; GPKG empty
pair,yearbuilt,08305015,Milpitas,[blank],,Unidata missing; GPKG empty
pair,yearbuilt,08305016,Milpitas,[blank],,Unidata missing; GPKG empty
pair,yearbuilt,08305017,Milpitas,[blank],,Unidata missing; GPKG empty
pair,address,08305018,Milpitas,[blank],,Unidata missing; GPKG empty
pair,yearbuilt,08305018,Milpitas,[blank],,Unidata missing; GPKG empty
pair,zoning,08305018,Milpitas,[blank],,Unidata missing; GPKG empty
pair,yearbuilt,08306006,Milpitas,[blank],,Unidata missing; GPKG empty
pair,yearbuilt,08306008,Milpitas,[blank],,Unidata missing; GPKG empty
pair,yearbuilt,08306016,Milpitas,[blank],,Unidata missing; GPKG empty
pair,yearbuilt,08307001,Milpitas,[blank],,Unidata missing; GPKG empty
pair,zoning,08307001,Milpitas,[blank],,Unidata missing; GPKG empty
pair,yearbuilt,08307005,Milpitas,[blank],,Unidata missing; GPKG empty
pair,yearbuilt,08307006,Milpitas,[blank],,Unidata missing; GPKG empty
pair,yearbuilt,08307008,Milpitas,[blank],,Unidata missing; GPKG empty
pair,yearbuilt,08307015,Milpitas,[blank],,Unidata missing; GPKG empty
pair,yearbuilt,08307017,Milpitas,[blank],,Unidata missing; GPKG empty
pair,address,08311001,Milpitas,[blank],,Unidata missing; GPKG empty
pair,yearbuilt,08311001,Milpitas,[blank],,Unidata missing; GPKG empty
pair,zoning,08311001,Milpitas,[blank],,Unidata missing; GPKG empty
pair,address,08311105,Milpitas,[blank],,Unidata missing; GPKG empty
pair,yearbuilt,08311105,Milpitas,[blank],,Unidata missing; GPKG empty
pair,zoning,08311105,Milpitas,[blank],,Unidata missing; GPKG empty
pair,yearbuilt,08311106,Milpitas,[blank],,Unidata missing; GPKG empty
pair,address,08311107,Milpitas,[blank],,Unidata missing; GPKG empty
pair,yearbuilt,08311107,Milpitas,[blank],,Unidata missing; GPKG empty
pair,zoning,08311107,Milpitas,[blank],,Unidata missing; GPKG empty
pair,yearbuilt,08313009,Milpitas,[blank],,Unidata missing; GPKG empty
pair,yearbuilt,08313012,Milpitas,[blank],,Unidata missing; GPKG empty
pair,address,08313014,Milpitas,[blank],,Unidata missing; GPKG empty
pair,yearbuilt,08313014,Milpitas,[blank],,Unidata missing; GPKG empty
pair,yearbuilt,08313015,Milpitas,[blank],,Unidata missing; GPKG empty
pair,address,08319001,Milpitas,[blank],,Unidata missing; GPKG empty
pair,yearbuilt,08319001,Milpitas,[blank],,Unidata missing; GPKG empty
pair,address,08319002,Milpitas,[blank],,Unidata missing; GPKG empty
pair,yearbuilt,08319002,Milpitas,[blank],,Unidata missing; GPKG empty
pair,address,08319003,Milpitas,[blank],,Unidata missing; GPKG empty
pair,yearbuilt,08319003,Milpitas,[blank],,Unidata missing; GPKG empty
pair,address,08319010,Milpitas,[blank],,Unidata missing; GPKG empty
pair,yearbuilt,08319010,Milpitas,[blank],,Unidata missing; GPKG empty
pair,yearbuilt,08319012,Milpitas,[blank],,Unidata missing; GPKG empty
pair,address,08319023,Milpitas,[blank],,Unidata missing; GPKG empty
pair,yearbuilt,08319023,Milpitas,[blank],,Unidata missing; GPKG empty
pair,yearbuilt,08319027,Milpitas,[blank],,Unidata missing; GPKG empty
pair,yearbuilt,08319029,Milpitas,[blank],,Unidata missing; GPKG empty
pair,address,08319030,Milpitas,[blank],,Unidata missing; GPKG empty
pair,yearbuilt,08319030,Milpitas,[blank],,Unidata missing; GPKG empty
pair,zoning,08319030,Milpitas,[blank],,Unidata missing; GPKG empty
pair,yearbuilt,08319031,Milpitas,[blank],,Unidata missing; GPKG empty
pair,address,08319032,Milpitas,[blank],,Unidata missing; GPKG empty
pair,yearbuilt,08319032,Milpitas,[blank],,Unidata missing; GPKG empty
pair,zoning,08319032,Milpitas,[blank],,Unidata missing; GPKG empty
pair,address,08319033,Milpitas,[blank],,Unidata missing; GPKG empty
pair,yearbuilt,08319033,Milpitas,[blank],,Unidata missing; GPKG empty
pair,yearbuilt,08319034,Milpitas,[blank],,Unidata missing; GPKG empty
pair,address,08319036,Milpitas,[blank],,Unidata missing; GPKG empty
pair,yearbuilt,08319036,Milpitas,[blank],,Unidata missing; GPKG empty
pair,address,08320002,Milpitas,[blank],,Unidata missing; GPKG empty
pair,yearbuilt,08320002,Milpitas,[blank],,Unidata missing; GPKG empty
pair,address,08320003,Milpitas,[blank],,Unidata missing; GPKG empty
pair,yearbuilt,08320003,Milpitas,[blank],,Unidata missing; GPKG empty
pair,zoning,08320003,Milpitas,[blank],,Unidata missing; GPKG empty
pair,address,08320004,Milpitas,[blank],,Unidata missing; GPKG empty
pair,yearbuilt,08320004,Milpitas,[blank],,Unidata missing; GPKG empty
pair,address,08320005,Milpitas,[blank],,Unidata missing; GPKG empty
pair,yearbuilt,08320005,Milpitas,[blank],,Unidata missing; GPKG empty
pair,yearbuilt,08320006,Milpitas,[blank],,Unidata missing; GPKG empty
pair,yearbuilt,08320007,Milpitas,[blank],,Unidata missing; GPKG empty
pair,yearbuilt,08322003,Milpitas,[blank],,Unidata missing; GPKG empty
pair,address,08322006,Milpitas,[blank],,Unidata missing; GPKG empty
pair,yearbuilt,08322006,Milpitas,[blank],,Unidata missing; GPKG empty
pair,yearbuilt,08322007,Milpitas,[blank],,Unidata missing; GPKG empty
pair,yearbuilt,08322008,Milpitas,[blank],,Unidata missing; GPKG empty
pair,address,08325065,Milpitas,[blank],,Unidata missing; GPKG empty
pair,yearbuilt,08325065,Milpitas,[blank],,Unidata missing; GPKG empty
pair,address,08326002,Milpitas,[blank],,Unidata missing; GPKG empty
pair,yearbuilt,08326002,Milpitas,[blank],,Unidata missing; GPKG empty
pair,address,08327051,Milpitas,[blank],,Unidata missing; GPKG empty
pair,yearbuilt,08327051,Milpitas,[blank],,Unidata missing; GPKG empty
pair,yearbuilt,08331014,Milpitas,[blank],,Unidata missing; GPKG empty
pair,yearbuilt,08331022,Milpitas,[blank],,Unidata missing; GPKG empty
pair,yearbuilt,08331032,Milpitas,[blank],,Unidata missing; GPKG empty
pair,yearbuilt,08331034,Milpitas,[blank],,Unidata missing; GPKG empty
pair,yearbuilt,08331044,Milpitas,[blank],,Unidata missing; GPKG empty
pair,zoning,08331044,Milpitas,[blank],,Unidata missing; GPKG empty
pair,address,08331052,Milpitas,[blank],,Unidata missing; GPKG empty
pair,yearbuilt,08331052,Milpitas,[blank],,Unidata missing; GPKG empty
pair,address,08332049,Milpitas,[blank],,Unidata missing; GPKG empty
pair,yearbuilt,08332049,Milpitas,[blank],,Unidata missing; GPKG empty
pair,address,08332067,Milpitas,[blank],,Unidata missing; GPKG empty
pair,yearbuilt,08332067,Milpitas,[blank],,Unidata missing; GPKG empty
pair,address,08332068,Milpitas,[blank],,Unidata missing; GPKG empty
pair,yearbuilt,08332068,Milpitas,[blank],,Unidata missing; GPKG empty
pair,address,08334002,Milpitas,[blank],,Unidata missing; GPKG empty
pair,yearbuilt,08334002,Milpitas,[blank],,Unidata missing; GPKG empty
pair,address,08336001,Milpitas,[blank],,Unidata missing; GPKG empty
pair,yearbuilt,08336001,Milpitas,[blank],,Unidata missing; GPKG empty
pair,zoning,08336001,Milpitas,[blank],,Unidata missing; GPKG empty
pair,yearbuilt,08336003,Milpitas,[blank],,Unidata missing; GPKG empty
pair,yearbuilt,08336004,Milpitas,[blank],,Unidata missing; GPKG empty
pair,yearbuilt,08337001,Milpitas,[blank],,Unidata missing; GPKG empty
pair,yearbuilt,08338113,Milpitas,[blank],,Unidata missing; GPKG empty
pair,yearbuilt,08341013,Milpitas,[blank],,Unidata missing; GPKG empty
pair,yearbuilt,08342002,Milpitas,[blank],,Unidata missing; GPKG empty
pair,address,08342003,Milpitas,[blank],,Unidata missing; GPKG empty
pair,yearbuilt,08342003,Milpitas,[blank],,Unidata missing; GPKG empty
pair,zoning,08342003,Milpitas,[blank],,Unidata missing; GPKG empty
pair,address,08342005,Milpitas,[blank],,Unidata missing; GPKG empty
pair,yearbuilt,08342005,Milpitas,[blank],,Unidata missing; GPKG empty
pair,yearbuilt,08605083,Milpitas,[blank],,Unidata missing; GPKG empty
pair,yearbuilt,08605084,Milpitas,[blank],,Unidata missing; GPKG empty
pair,yearbuilt,08605085,Milpitas,[blank],,Unidata missing; GPKG empty
pair,yearbuilt,08605086,Milpitas,[blank],,Unidata missing; GPKG empty
pair,yearbuilt,08605087,Milpitas,[blank],,Unidata missing; GPKG empty
pair,yearbuilt,08605088,Milpitas,[blank],,Unidata missing; GPKG empty
pair,yearbuilt,08605089,Milpitas,[blank],,Unidata missing; GPKG empty
pair,yearbuilt,08605090,Milpitas,[blank],,Unidata missing; GPKG empty
pair,yearbuilt,08624004,Milpitas,[blank],,Unidata missing; GPKG empty
pair,zoning,08624004,Milpitas,[blank],,Unidata missing; GPKG empty
pair,address,08624034,Milpitas,[blank],,Unidata missing; GPKG empty
pair,yearbuilt,08624034,Milpitas,[blank],,Unidata missing; GPKG empty
pair,zoning,08624034,Milpitas,[blank],,Unidata missing; GPKG empty
pair,yearbuilt,08624039,Milpitas,[blank],,Unidata missing; GPKG empty
pair,zoning,08624039,Milpitas,[blank],,Unidata missing; GPKG empty
pair,yearbuilt,08624043,Milpitas,[blank],,Unidata missing; GPKG empty
pair,yearbuilt,08624045,Milpitas,[blank],,Unidata missing; GPKG empty
pair,address,08624058,Milpitas,[blank],,Unidata missing; GPKG empty
pair,yearbuilt,08624058,Milpitas,[blank],,Unidata missing; GPKG empty
pair,yearbuilt,08624059,Milpitas,[blank],,Unidata missing; GPKG empty
pair,address,08624062,Milpitas,[blank],,Unidata missing; GPKG empty
pair,yearbuilt,08624062,Milpitas,[blank],,Unidata missing; GPKG empty
pair,zoning,08624062,Milpitas,[blank],,Unidata missing; GPKG empty
pair,address,08624064,Milpitas,[blank],,Unidata missing; GPKG empty
pair,yearbuilt,08624064,Milpitas,[blank],,Unidata missing; GPKG empty
pair,address,08624065,Milpitas,[blank],,Unidata missing; GPKG empty
pair,yearbuilt,08624065,Milpitas,[blank],,Unidata missing; GPKG empty
pair,yearbuilt,08625006,Milpitas,[blank],,Unidata missing; GPKG empty
pair,yearbuilt,08625010,Milpitas,[blank],,Unidata missing; GPKG empty
pair,address,08625015,Milpitas,[blank],,Unidata missing; GPKG empty
pair,yearbuilt,08625015,Milpitas,[blank],,Unidata missing; GPKG empty
pair,address,08625018,Milpitas,[blank],,Unidata missing; GPKG empty
pair,yearbuilt,08625018,Milpitas,[blank],,Unidata missing; GPKG empty
pair,zoning,08625018,Milpitas,[blank],,Unidata missing; GPKG empty
pair,yearbuilt,08625028,Milpitas,[blank],,Unidata missing; GPKG empty
pair,address,08625029,Milpitas,[blank],,Unidata missing; GPKG empty
pair,yearbuilt,08625029,Milpitas,[blank],,Unidata missing; GPKG empty
pair,address,08625030,Milpitas,[blank],,Unidata missing; GPKG empty
pair,yearbuilt,08625030,Milpitas,[blank],,Unidata missing; GPKG empty
pair,address,08625031,Milpitas,[blank],,Unidata missing; GPKG empty
pair,yearbuilt,08625031,Milpitas,[blank],,Unidata missing; GPKG empty
pair,address,08625032,Milpitas,[blank],,Unidata missing; GPKG empty
pair,yearbuilt,08625032,Milpitas,[blank],,Unidata missing; GPKG empty
pair,address,08625033,Milpitas,[blank],,Unidata missing; GPKG empty
pair,yearbuilt,08625033,Milpitas,[blank],,Unidata missing; GPKG empty
pair,yearbuilt,08625051,Milpitas,[blank],,Unidata missing; GPKG empty
pair,address,08626023,Milpitas,[blank],,Unidata missing; GPKG empty
pair,yearbuilt,08626023,Milpitas,[blank],,Unidata missing; GPKG empty
pair,address,08626031,Milpitas,[blank],,Unidata missing; GPKG empty
pair,yearbuilt,08626031,Milpitas,[blank],,Unidata missing; GPKG empty
pair,yearbuilt,08626037,Milpitas,[blank],,Unidata missing; GPKG empty
pair,address,08626038,Milpitas,[blank],,Unidata missing; GPKG empty
pair,yearbuilt,08626038,Milpitas,[blank],,Unidata missing; GPKG empty
pair,address,08626039,Milpitas,[blank],,Unidata missing; GPKG empty
pair,yearbuilt,08626039,Milpitas,[blank],,Unidata missing; GPKG empty
pair,address,08626040,Milpitas,[blank],,Unidata missing; GPKG empty
pair,yearbuilt,08626040,Milpitas,[blank],,Unidata missing; GPKG empty
pair,yearbuilt,08626042,Milpitas,[blank],,Unidata missing; GPKG empty
pair,yearbuilt,08628006,Milpitas,[blank],,Unidata missing; GPKG empty
pair,yearbuilt,08628048,Milpitas,[blank],,Unidata missing; GPKG empty
pair,address,08629022,Milpitas,[blank],,Unidata missing; GPKG empty
pair,yearbuilt,08629022,Milpitas,[blank],,Unidata missing; GPKG empty
pair,yearbuilt,08629036,Milpitas,[blank],,Unidata missing; GPKG empty
pair,address,08629038,Milpitas,[blank],,Unidata missing; GPKG empty
pair,yearbuilt,08629038,Milpitas,[blank],,Unidata missing; GPKG empty
pair,yearbuilt,08629044,Milpitas,[blank],,Unidata missing; GPKG empty
pair,yearbuilt,08629047,Milpitas,[blank],,Unidata missing; GPKG empty
pair,yearbuilt,08629070,Milpitas,[blank],,Unidata missing; GPKG empty
pair,yearbuilt,08629077,Milpitas,[blank],,Unidata missing; GPKG empty
pair,yearbuilt,08630017,Milpitas,[blank],,Unidata missing; GPKG empty
pair,yearbuilt,08630028,Milpitas,[blank],,Unidata missing; GPKG empty
pair,yearbuilt,08630045,Milpitas,[blank],,Unidata missing; GPKG empty
pair,yearbuilt,08630048,Milpitas,[blank],,Unidata missing; GPKG empty
pair,yearbuilt,08630060,Milpitas,[blank],,Unidata missing; GPKG empty
pair,yearbuilt,08630062,Milpitas,[blank],,Unidata missing; GPKG empty
pair,address,08631003,Milpitas,[blank],,Unidata missing; GPKG empty
pair,yearbuilt,08631003,Milpitas,[blank],,Unidata missing; GPKG empty
pair,yearbuilt,08631048,Milpitas,[blank],,Unidata missing; GPKG empty
pair,yearbuilt,08631055,Milpitas,[blank],,Unidata missing; GPKG empty
pair,yearbuilt,08631080,Milpitas,[blank],,Unidata missing; GPKG empty
pair,address,08632003,Milpitas,[blank],,Unidata missing; GPKG empty
pair,yearbuilt,08632003,Milpitas,[blank],,Unidata missing; GPKG empty
pair,address,08632019,Milpitas,[blank],,Unidata missing; GPKG empty
pair,yearbuilt,08632019,Milpitas,[blank],,Unidata missing; GPKG empty
pair,address,08632052,Milpitas,[blank],,Unidata missing; GPKG empty
pair,yearbuilt,08632052,Milpitas,[blank],,Unidata missing; GPKG empty
pair,address,08632053,Milpitas,[blank],,Unidata missing; GPKG empty
pair,yearbuilt,08632053,Milpitas,[blank],,Unidata missing; GPKG empty
pair,address,08632054,Milpitas,[blank],,Unidata missing; GPKG empty
pair,yearbuilt,08632054,Milpitas,[blank],,Unidata missing; GPKG empty
pair,address,08632055,Milpitas,[blank],,Unidata missing; GPKG empty
pair,yearbuilt,08632055,Milpitas,[blank],,Unidata missing; GPKG empty
pair,address,08632056,Milpitas,[blank],,Unidata missing; GPKG empty
pair,yearbuilt,08632056,Milpitas,[blank],,Unidata missing; GPKG empty
pair,address,08632069,Milpitas,[blank],,Unidata missing; GPKG empty
pair,yearbuilt,08632069,Milpitas,[blank],,Unidata missing; GPKG empty
pair,zoning,08632069,Milpitas,[blank],,Unidata missing; GPKG empty
pair,yearbuilt,08632071,Milpitas,[blank],,Unidata missing; GPKG empty
pair,address,08632083,Milpitas,[blank],,Unidata missing; GPKG empty
pair,yearbuilt,08632083,Milpitas,[blank],,Unidata missing; GPKG empty
pair,address,08632084,Milpitas,[blank],,Unidata missing; GPKG empty
pair,yearbuilt,08632084,Milpitas,[blank],,Unidata missing; GPKG empty
pair,address,08632085,Milpitas,[blank],,Unidata missing; GPKG empty
pair,yearbuilt,08632085,Milpitas,[blank],,Unidata missing; GPKG empty
pair,yearbuilt,08633096,Milpitas,[blank],,Unidata missing; GPKG empty
pair,yearbuilt,08633097,Milpitas,[blank],,Unidata missing; GPKG empty
pair,address,08633106,Milpitas,[blank],,Unidata missing; GPKG empty
pair,yearbuilt,08633106,Milpitas,[blank],,Unidata missing; GPKG empty
pair,yearbuilt,08633110,Milpitas,[blank],,Unidata missing; GPKG empty
pair,yearbuilt,08633112,Milpitas,[blank],,Unidata missing; GPKG empty
pair,yearbuilt,08633113,Milpitas,[blank],,Unidata missing; GPKG empty
pair,yearbuilt,08633114,Milpitas,[blank],,Unidata missing; GPKG empty
pair,address,08636011,Milpitas,[blank],,Unidata missing; GPKG empty
pair,yearbuilt,08636011,Milpitas,[blank],,Unidata missing; GPKG empty
pair,address,08636022,Milpitas,[blank],,Unidata missing; GPKG empty
pair,yearbuilt,08636022,Milpitas,[blank],,Unidata missing; GPKG empty
pair,address,08636023,Milpitas,[blank],,Unidata missing; GPKG empty
pair,yearbuilt,08636023,Milpitas,[blank],,Unidata missing; GPKG empty
pair,yearbuilt,08636053,Milpitas,[blank],,Unidata missing; GPKG empty
pair,address,08637001,Milpitas,[blank],,Unidata missing; GPKG empty
pair,yearbuilt,08637001,Milpitas,[blank],,Unidata missing; GPKG empty
pair,address,08637007,Milpitas,[blank],,Unidata missing; GPKG empty
pair,yearbuilt,08637007,Milpitas,[blank],,Unidata missing; GPKG empty
pair,zoning,08637007,Milpitas,[blank],,Unidata missing; GPKG empty
pair,address,08637018,Milpitas,[blank],,Unidata missing; GPKG empty
pair,yearbuilt,08637018,Milpitas,[blank],,Unidata missing; GPKG empty
pair,yearbuilt,08637039,Milpitas,[blank],,Unidata missing; GPKG empty
pair,yearbuilt,08637040,Milpitas,[blank],,Unidata missing; GPKG empty
pair,yearbuilt,08638006,Milpitas,[blank],,Unidata missing; GPKG empty
pair,yearbuilt,08639030,Milpitas,[blank],,Unidata missing; GPKG empty
pair,address,08641013,Milpitas,[blank],,Unidata missing; GPKG empty
pair,yearbuilt,08641013,Milpitas,[blank],,Unidata missing; GPKG empty
pair,address,08641014,Milpitas,[blank],,Unidata missing; GPKG empty
pair,yearbuilt,08641014,Milpitas,[blank],,Unidata missing; GPKG empty
pair,zoning,08641014,Milpitas,[blank],,Unidata missing; GPKG empty
pair,yearbuilt,08641043,Milpitas,[blank],,Unidata missing; GPKG empty
pair,yearbuilt,08641044,Milpitas,[blank],,Unidata missing; GPKG empty
pair,yearbuilt,08642023,Milpitas,[blank],,Unidata missing; GPKG empty
pair,yearbuilt,08642031,Milpitas,[blank],,Unidata missing; GPKG empty
pair,yearbuilt,08642032,Milpitas,[blank],,Unidata missing; GPKG empty
pair,address,08649079,Milpitas,[blank],,Unidata missing; GPKG empty
pair,yearbuilt,08649079,Milpitas,[blank],,Unidata missing; GPKG empty
pair,address,08649080,Milpitas,[blank],,Unidata missing; GPKG empty
pair,yearbuilt,08649080,Milpitas,[blank],,Unidata missing; GPKG empty
pair,address,08649081,Milpitas,[blank],,Unidata missing; GPKG empty
pair,yearbuilt,08649081,Milpitas,[blank],,Unidata missing; GPKG empty
pair,address,08651012,Milpitas,[blank],,Unidata missing; GPKG empty
pair,yearbuilt,08651012,Milpitas,[blank],,Unidata missing; GPKG empty
pair,address,08652015,Milpitas,[blank],,Unidata missing; GPKG empty
pair,yearbuilt,08652015,Milpitas,[blank],,Unidata missing; GPKG empty
pair,address,08668084,Milpitas,[blank],,Unidata missing; GPKG empty
pair,yearbuilt,08668084,Milpitas,[blank],,Unidata missing; GPKG empty
pair,address,08668086,Milpitas,[blank],,Unidata missing; GPKG empty
pair,yearbuilt,08668086,Milpitas,[blank],,Unidata missing; GPKG empty
pair,yearbuilt,08668090,Milpitas,[blank],,Unidata missing; GPKG empty
pair,zoning,08670080,Milpitas,[blank],,Unidata missing; GPKG empty
pair,address,08677047,Milpitas,[blank],,Unidata missing; GPKG empty
pair,yearbuilt,08677047,Milpitas,[blank],,Unidata missing; GPKG empty
pair,address,08677048,Milpitas,[blank],,Unidata missing; GPKG empty
pair,yearbuilt,08677048,Milpitas,[blank],,Unidata missing; GPKG empty
pair,address,08679084,Milpitas,[blank],,Unidata missing; GPKG empty
pair,yearbuilt,08679084,Milpitas,[blank],,Unidata missing; GPKG empty
pair,address,08679085,Milpitas,[blank],,Unidata missing; GPKG empty
pair,yearbuilt,08679085,Milpitas,[blank],,Unidata missing; GPKG empty
pair,address,08679087,Milpitas,[blank],,Unidata missing; GPKG empty
pair,yearbuilt,08679087,Milpitas,[blank],,Unidata missing; GPKG empty
pair,address,08686016,Milpitas,[blank],,Unidata missing; GPKG empty
pair,yearbuilt,08686016,Milpitas,[blank],,Unidata missing; GPKG empty
pair,address,08694014,Milpitas,[blank],,Unidata missing; GPKG empty
pair,yearbuilt,08694014,Milpitas,[blank],,Unidata missing; GPKG empty
pair,yearbuilt,08801002,Milpitas,[blank],,Unidata missing; GPKG empty
pair,address,08801003,Milpitas,[blank],,Unidata missing; GPKG empty
pair,yearbuilt,08801003,Milpitas,[blank],,Unidata missing; GPKG empty
pair,address,08801005,Milpitas,[blank],,Unidata missing; GPKG empty
pair,yearbuilt,08801005,Milpitas,[blank],,Unidata missing; GPKG empty
pair,zoning,08801005,Milpitas,[blank],,Unidata missing; GPKG empty
pair,address,08802002,Milpitas,[blank],,Unidata missing; GPKG empty
pair,yearbuilt,08802002,Milpitas,[blank],,Unidata missing; GPKG empty
pair,zoning,08802002,Milpitas,[blank],,Unidata missing; GPKG empty
pair,yearbuilt,08802026,Milpitas,[blank],,Unidata missing; GPKG empty
pair,yearbuilt,08803051,Milpitas,[blank],,Unidata missing; GPKG empty
pair,yearbuilt,08803076,Milpitas,[blank],,Unidata missing; GPKG empty
pair,yearbuilt,08804060,Milpitas,[blank],,Unidata missing; GPKG empty
pair,address,08804061,Milpitas,[blank],,Unidata missing; GPKG empty
pair,yearbuilt,08804061,Milpitas,[blank],,Unidata missing; GPKG empty
pair,zoning,08804061,Milpitas,[blank],,Unidata missing; GPKG empty
pair,yearbuilt,08804062,Milpitas,[blank],,Unidata missing; GPKG empty
pair,zoning,08804062,Milpitas,[blank],,Unidata missing; GPKG empty
pair,address,08804063,Milpitas,[blank],,Unidata missing; GPKG empty
pair,yearbuilt,08804063,Milpitas,[blank],,Unidata missing; GPKG empty
pair,zoning,08804063,Milpitas,[blank],,Unidata missing; GPKG empty
pair,yearbuilt,08804072,Milpitas,[blank],,Unidata missing; GPKG empty
pair,yearbuilt,08804076,Milpitas,[blank],,Unidata missing; GPKG empty
pair,yearbuilt,08806001,Milpitas,[blank],,Unidata missing; GPKG empty
pair,address,08806014,Milpitas,[blank],,Unidata missing; GPKG empty
pair,yearbuilt,08806014,Milpitas,[blank],,Unidata missing; GPKG empty
pair,zoning,08806014,Milpitas,[blank],,Unidata missing; GPKG empty
pair,yearbuilt,08807005,Milpitas,[blank],,Unidata missing; GPKG empty
pair,zoning,08807005,Milpitas,[blank],,Unidata missing; GPKG empty
pair,yearbuilt,08807006,Milpitas,[blank],,Unidata missing; GPKG empty
pair,yearbuilt,08807061,Milpitas,[blank],,Unidata missing; GPKG empty
pair,yearbuilt,08809059,Milpitas,[blank],,Unidata missing; GPKG empty
pair,zoning,08809059,Milpitas,[blank],,Unidata missing; GPKG empty
pair,yearbuilt,08810041,Milpitas,[blank],,Unidata missing; GPKG empty
pair,zoning,08810041,Milpitas,[blank],,Unidata missing; GPKG empty
pair,yearbuilt,08812053,Milpitas,[blank],,Unidata missing; GPKG empty
pair,yearbuilt,08812054,Milpitas,[blank],,Unidata missing; GPKG empty
pair,address,08815133,Milpitas,[blank],,Unidata missing; GPKG empty
pair,yearbuilt,08815133,Milpitas,[blank],,Unidata missing; GPKG empty
pair,zoning,08815141,Milpitas,[blank],,Unidata missing; GPKG empty
pair,zoning,08815144,Milpitas,[blank],,Unidata missing; GPKG empty
pair,address,08816080,Milpitas,[blank],,Unidata missing; GPKG empty
pair,yearbuilt,08816080,Milpitas,[blank],,Unidata missing; GPKG empty
pair,zoning,08816080,Milpitas,[blank],,Unidata missing; GPKG empty
pair,yearbuilt,08818014,Milpitas,[blank],,Unidata missing; GPKG empty
pair,yearbuilt,08818015,Milpitas,[blank],,Unidata missing; GPKG empty
pair,yearbuilt,08818017,Milpitas,[blank],,Unidata missing; GPKG empty
pair,yearbuilt,08818018,Milpitas,[blank],,Unidata missing; GPKG empty
pair,zoning,08818018,Milpitas,[blank],,Unidata missing; GPKG empty
pair,yearbuilt,08820096,Milpitas,[blank],,Unidata missing; GPKG empty
pair,yearbuilt,08820130,Milpitas,[blank],,Unidata missing; GPKG empty
pair,yearbuilt,08821065,Milpitas,[blank],,Unidata missing; GPKG empty
pair,address,08822005,Milpitas,[blank],,Unidata missing; GPKG empty
pair,yearbuilt,08822012,Milpitas,[blank],,Unidata missing; GPKG empty
pair,yearbuilt,08823019,Milpitas,[blank],,Unidata missing; GPKG empty
pair,yearbuilt,08824005,Milpitas,[blank],,Unidata missing; GPKG empty
pair,yearbuilt,08825024,Milpitas,[blank],,Unidata missing; GPKG empty
pair,yearbuilt,08829061,Milpitas,[blank],,Unidata missing; GPKG empty
pair,address,08832079,Milpitas,[blank],,Unidata missing; GPKG empty
pair,yearbuilt,08832079,Milpitas,[blank],,Unidata missing; GPKG empty
pair,yearbuilt,08833203,Milpitas,[blank],,Unidata missing; GPKG empty
pair,yearbuilt,08834111,Milpitas,[blank],,Unidata missing; GPKG empty
pair,yearbuilt,08837058,Milpitas,[blank],,Unidata missing; GPKG empty
pair,yearbuilt,08837076,Milpitas,[blank],,Unidata missing; GPKG empty
pair,yearbuilt,08838092,Milpitas,[blank],,Unidata missing; GPKG empty
pair,yearbuilt,08843029,Milpitas,[blank],,Unidata missing; GPKG empty
pair,yearbuilt,09203001,San Jose,[blank],,Unidata missing; GPKG empty
pair,yearbuilt,09204034,San Jose,[blank],,Unidata missing; GPKG empty
pair,address,09204080,Milpitas,[blank],,Unidata missing; GPKG empty
pair,yearbuilt,09204080,Milpitas,[blank],,Unidata missing; GPKG empty
pair,yearbuilt,09206020,San Jose,[blank],,Unidata missing; GPKG empty
pair,yearbuilt,09206031,San Jose,[blank],,Unidata missing; GPKG empty
pair,address,09207007,Milpitas,[blank],,Unidata missing; GPKG empty
pair,yearbuilt,09207007,Milpitas,[blank],,Unidata missing; GPKG empty
pair,zoning,09207007,Milpitas,[blank],,Unidata missing; GPKG empty
pair,address,09207010,Milpitas,[blank],,Unidata missing; GPKG empty
pair,yearbuilt,09207010,Milpitas,[blank],,Unidata missing; GPKG empty
pair,yearbuilt,09208016,Milpitas,[blank],,Unidata missing; GPKG empty
pair,address,09208018,Milpitas,[blank],,Unidata missing; GPKG empty
pair,yearbuilt,09208018,Milpitas,[blank],,Unidata missing; GPKG empty
pair,yearbuilt,09208094,Milpitas,[blank],,Unidata missing; GPKG empty
pair,address,09208099,Milpitas,[blank],,Unidata missing; GPKG empty
pair,yearbuilt,09208099,Milpitas,[blank],,Unidata missing; GPKG empty
pair,address,09208103,Milpitas,[blank],,Unidata missing; GPKG empty
pair,yearbuilt,09208103,Milpitas,[blank],,Unidata missing; GPKG empty
pair,address,09208104,Milpitas,[blank],,Unidata missing; GPKG empty
pair,yearbuilt,09208104,Milpitas,[blank],,Unidata missing; GPKG empty
pair,yearbuilt,09208106,Milpitas,[blank],,Unidata missing; GPKG empty
pair,address,09208108,Milpitas,[blank],,Unidata missing; GPKG empty
pair,yearbuilt,09208108,Milpitas,[blank],,Unidata missing; GPKG empty
pair,address,09208109,Milpitas,[blank],,Unidata missing; GPKG empty
pair,yearbuilt,09208109,Milpitas,[blank],,Unidata missing; GPKG empty
pair,yearbuilt,09209014,San Jose,[blank],,Unidata missing; GPKG empty
pair,yearbuilt,09212012,San Jose,[blank],,Unidata missing; GPKG empty
pair,yearbuilt,09213070,San Jose,[blank],,Unidata missing; GPKG empty
pair,yearbuilt,09214056,San Jose,[blank],,Unidata missing; GPKG empty
pair,yearbuilt,09217036,San Jose,[blank],,Unidata missing; GPKG empty
pair,yearbuilt,09219011,San Jose,[blank],,Unidata missing; GPKG empty
pair,yearbuilt,09220008,San Jose,[blank],,Unidata missing; GPKG empty
pair,yearbuilt,09227025,San Jose,[blank],,Unidata missing; GPKG empty
pair,yearbuilt,09232117,San Jose,[blank],,Unidata missing; GPKG empty
pair,yearbuilt,09233037,San Jose,[blank],,Unidata missing; GPKG empty
pair,yearbuilt,09233038,San Jose,[blank],,Unidata missing; GPKG empty
pair,yearbuilt,09233048,San Jose,[blank],,Unidata missing; GPKG empty
pair,yearbuilt,09233049,San Jose,[blank],,Unidata missing; GPKG empty
pair,yearbuilt,09233073,San Jose,[blank],,Unidata missing; GPKG empty
pair,yearbuilt,09234002,Milpitas,[blank],,Unidata missing; GPKG empty
pair,yearbuilt,09234008,Milpitas,[blank],,Unidata missing; GPKG empty
pair,yearbuilt,09234010,Milpitas,[blank],,Unidata missing; GPKG empty
pair,yearbuilt,09234011,Milpitas,[blank],,Unidata missing; GPKG empty
pair,yearbuilt,09234014,Milpitas,[blank],,Unidata missing; GPKG empty
pair,yearbuilt,09235002,Milpitas,[blank],,Unidata missing; GPKG empty
pair,yearbuilt,09236006,Milpitas,[blank],,Unidata missing; GPKG empty
pair,address,09236007,Milpitas,[blank],,Unidata missing; GPKG empty
pair,yearbuilt,09236007,Milpitas,[blank],,Unidata missing; GPKG empty
pair,yearbuilt,09237008,San Jose,[blank],,Unidata missing; GPKG empty
pair,yearbuilt,09237021,Milpitas,[blank],,Unidata missing; GPKG empty
pair,yearbuilt,09237029,Milpitas,[blank],,Unidata missing; GPKG empty
pair,yearbuilt,09237033,Milpitas,[blank],,Unidata missing; GPKG empty
pair,address,09237034,Milpitas,[blank],,Unidata missing; GPKG empty
pair,yearbuilt,09237034,Milpitas,[blank],,Unidata missing; GPKG empty
pair,zoning,09237034,Milpitas,[blank],,Unidata missing; GPKG empty
pair,address,09237035,Milpitas,[blank],,Unidata missing; GPKG empty
pair,yearbuilt,09237035,Milpitas,[blank],,Unidata missing; GPKG empty
pair,zoning,09237035,Milpitas,[blank],,Unidata missing; GPKG empty
pair,yearbuilt,09237044,Milpitas,[blank],,Unidata missing; GPKG empty
pair,address,09238058,San Jose,[blank],,Unidata missing; GPKG empty
pair,yearbuilt,09238058,San Jose,[blank],,Unidata missing; GPKG empty
pair,address,09242002,,[blank],,Unidata missing; GPKG empty
pair,scity,09242002,,[blank],,Unidata missing; GPKG empty
pair,yearbuilt,09242002,,[blank],,Unidata missing; GPKG empty
pair,yearbuilt,09242003,Milpitas,[blank],,Unidata missing; GPKG empty
pair,yearbuilt,09242004,Milpitas,[blank],,Unidata missing; GPKG empty
pair,address,09242005,,[blank],,Unidata missing; GPKG empty
pair,scity,09242005,,[blank],,Unidata missing; GPKG empty
pair,yearbuilt,09242005,,[blank],,Unidata missing; GPKG empty
pair,yearbuilt,09242006,Milpitas,[blank],,Unidata missing; GPKG empty
pair,address,09242007,,[blank],,Unidata missing; GPKG empty
pair,scity,09242007,,[blank],,Unidata missing; GPKG empty
pair,yearbuilt,09242007,,[blank],,Unidata missing; GPKG empty
pair,address,09242008,,[blank],,Unidata missing; GPKG empty
pair,scity,09242008,,[blank],,Unidata missing; GPKG empty
pair,yearbuilt,09242008,,[blank],,Unidata missing; GPKG empty
pair,address,09242009,,[blank],,Unidata missing; GPKG empty
pair,scity,09242009,,[blank],,Unidata missing; GPKG empty
pair,yearbuilt,09242009,,[blank],,Unidata missing; GPKG empty
pair,yearbuilt,09242010,Milpitas,[blank],,Unidata missing; GPKG empty
pair,yearbuilt,09242013,Milpitas,[blank],,Unidata missing; GPKG empty
pair,address,09242017,Milpitas,[blank],,Unidata missing; GPKG empty
pair,yearbuilt,09242017,Milpitas,[blank],,Unidata missing; GPKG empty
pair,yearbuilt,09243001,San Jose,[blank],,Unidata missing; GPKG empty
pair,yearbuilt,09243013,San Jose,[blank],,Unidata missing; GPKG empty
pair,yearbuilt,09244001,San Jose,[blank],,Unidata missing; GPKG empty
pair,yearbuilt,09701027,San Jose,[blank],,Unidata missing; GPKG empty
pair,yearbuilt,09701028,San Jose,[blank],,Unidata missing; GPKG empty
pair,yearbuilt,09701039,Santa Clara,[blank],,Unidata missing; GPKG empty
pair,yearbuilt,09701071,San Jose,[blank],,Unidata missing; GPKG empty
pair,yearbuilt,09701072,Santa Clara,[blank],,Unidata missing; GPKG empty
pair,yearbuilt,09701073,Santa Clara,[blank],,Unidata missing; GPKG empty
pair,yearbuilt,09702026,San Jose,[blank],,Unidata missing; GPKG empty
pair,yearbuilt,09702042,San Jose,[blank],,Unidata missing; GPKG empty
pair,yearbuilt,09702059,San Jose,[blank],,Unidata missing; GPKG empty
pair,yearbuilt,09702060,San Jose,[blank],,Unidata missing; GPKG empty
pair,zoning,09702060,San Jose,[blank],,Unidata missing; GPKG empty
pair,yearbuilt,09702061,San Jose,[blank],,Unidata missing; GPKG empty
pair,zoning,09702061,San Jose,[blank],,Unidata missing; GPKG empty
pair,address,09704015,San Jose,[blank],,Unidata missing; GPKG empty
pair,yearbuilt,09704015,San Jose,[blank],,Unidata missing; GPKG empty
pair,yearbuilt,09704017,San Jose,[blank],,Unidata missing; GPKG empty
pair,zoning,09704017,San Jose,[blank],,Unidata missing; GPKG empty
pair,address,09704018,San Jose,[blank],,Unidata missing; GPKG empty
pair,yearbuilt,09704018,San Jose,[blank],,Unidata missing; GPKG empty
pair,address,09704019,San Jose,[blank],,Unidata missing; GPKG empty
pair,yearbuilt,09704019,San Jose,[blank],,Unidata missing; GPKG empty
pair,yearbuilt,09704020,San Jose,[blank],,Unidata missing; GPKG empty
pair,yearbuilt,09704021,San Jose,[blank],,Unidata missing; GPKG empty
pair,yearbuilt,09704037,San Jose,[blank],,Unidata missing; GPKG empty
pair,address,09704038,San Jose,[blank],,Unidata missing; GPKG empty
pair,yearbuilt,09704038,San Jose,[blank],,Unidata missing; GPKG empty
pair,yearbuilt,09704039,Milpitas,[blank],,Unidata missing; GPKG empty
pair,yearbuilt,09704041,San Jose,[blank],,Unidata missing; GPKG empty
pair,yearbuilt,09704042,San Jose,[blank],,Unidata missing; GPKG empty
pair,address,09704043,San Jose,[blank],,Unidata missing; GPKG empty
pair,yearbuilt,09704043,San Jose,[blank],,Unidata missing; GPKG empty
pair,yearbuilt,09705002,Santa Clara,[blank],,Unidata missing; GPKG empty
pair,address,09705015,San Jose,[blank],,Unidata missing; GPKG empty
pair,yearbuilt,09705015,San Jose,[blank],,Unidata missing; GPKG empty
pair,yearbuilt,09705028,Santa Clara,[blank],,Unidata missing; GPKG empty
pair,zoning,09705028,Santa Clara,[blank],,Unidata missing; GPKG empty
pair,address,09705046,Santa Clara,[blank],,Unidata missing; GPKG empty
pair,yearbuilt,09705046,Santa Clara,[blank],,Unidata missing; GPKG empty
pair,yearbuilt,09705082,Santa Clara,[blank],,Unidata missing; GPKG empty
pair,yearbuilt,09705083,San Jose,[blank],,Unidata missing; GPKG empty
pair,yearbuilt,09705084,Santa Clara,[blank],,Unidata missing; GPKG empty
pair,yearbuilt,09705085,San Jose,[blank],,Unidata missing; GPKG empty
pair,yearbuilt,09705086,Santa Clara,[blank],,Unidata missing; GPKG empty
pair,yearbuilt,09705087,San Jose,[blank],,Unidata missing; GPKG empty
pair,yearbuilt,09705088,Santa Clara,[blank],,Unidata missing; GPKG empty
pair,yearbuilt,09705089,San Jose,[blank],,Unidata missing; GPKG empty
pair,yearbuilt,09705090,Santa Clara,[blank],,Unidata missing; GPKG empty
pair,yearbuilt,09705091,San Jose,[blank],,Unidata missing; GPKG empty
pair,yearbuilt,09705096,Santa Clara,[blank],,Unidata missing; GPKG empty
pair,yearbuilt,09705098,Santa Clara,[blank],,Unidata missing; GPKG empty
pair,address,09705100,Santa Clara,[blank],,Unidata missing; GPKG empty
pair,yearbuilt,09705100,Santa Clara,[blank],,Unidata missing; GPKG empty
pair,yearbuilt,09705106,Santa Clara,[blank],,Unidata missing; GPKG empty
pair,yearbuilt,09705110,Santa Clara,[blank],,Unidata missing; GPKG empty
pair,yearbuilt,09705111,Santa Clara,[blank],,Unidata missing; GPKG empty
pair,yearbuilt,09706004,San Jose,[blank],,Unidata missing; GPKG empty
pair,address,09706028,San Jose,[blank],,Unidata missing; GPKG empty
pair,yearbuilt,09706028,San Jose,[blank],,Unidata missing; GPKG empty
pair,yearbuilt,09706037,San Jose,[blank],,Unidata missing; GPKG empty
pair,yearbuilt,09706051,San Jose,[blank],,Unidata missing; GPKG empty
pair,yearbuilt,09706055,San Jose,[blank],,Unidata missing; GPKG empty
pair,yearbuilt,09706056,San Jose,[blank],,Unidata missing; GPKG empty
pair,yearbuilt,09706059,San Jose,[blank],,Unidata missing; GPKG empty
pair,address,09706068,San Jose,[blank],,Unidata missing; GPKG empty
pair,yearbuilt,09706068,San Jose,[blank],,Unidata missing; GPKG empty
pair,address,09706069,San Jose,[blank],,Unidata missing; GPKG empty
pair,yearbuilt,09706069,San Jose,[blank],,Unidata missing; GPKG empty
pair,address,09706070,San Jose,[blank],,Unidata missing; GPKG empty
pair,yearbuilt,09706070,San Jose,[blank],,Unidata missing; GPKG empty
pair,yearbuilt,09707004,San Jose,[blank],,Unidata missing; GPKG empty
pair,yearbuilt,09707008,San Jose,[blank],,Unidata missing; GPKG empty
pair,zoning,09707008,San Jose,[blank],,Unidata missing; GPKG empty
pair,yearbuilt,09707013,San Jose,[blank],,Unidata missing; GPKG empty
pair,yearbuilt,09707028,San Jose,[blank],,Unidata missing; GPKG empty
pair,yearbuilt,09707037,San Jose,[blank],,Unidata missing; GPKG empty
pair,yearbuilt,09707039,San Jose,[blank],,Unidata missing; GPKG empty
pair,yearbuilt,09707047,San Jose,[blank],,Unidata missing; GPKG empty
pair,yearbuilt,09707060,San Jose,[blank],,Unidata missing; GPKG empty
pair,yearbuilt,09707062,San Jose,[blank],,Unidata missing; GPKG empty
pair,yearbuilt,09707063,San Jose,[blank],,Unidata missing; GPKG empty
pair,yearbuilt,09707068,San Jose,[blank],,Unidata missing; GPKG empty
pair,yearbuilt,09707069,San Jose,[blank],,Unidata missing; GPKG empty
pair,yearbuilt,09707073,San Jose,[blank],,Unidata missing; GPKG empty
pair,yearbuilt,09707083,San Jose,[blank],,Unidata missing; GPKG empty
pair,yearbuilt,09707085,San Jose,[blank],,Unidata missing; GPKG empty
pair,yearbuilt,09707091,San Jose,[blank],,Unidata missing; GPKG empty
pair,yearbuilt,09707092,San Jose,[blank],,Unidata missing; GPKG empty
pair,yearbuilt,09707095,San Jose,[blank],,Unidata missing; GPKG empty
pair,address,09708006,Santa Clara,[blank],,Unidata missing; GPKG empty
pair,yearbuilt,09708006,Santa Clara,[blank],,Unidata missing; GPKG empty
pair,address,09708016,Santa Clara,[blank],,Unidata missing; GPKG empty
pair,yearbuilt,09708016,Santa Clara,[blank],,Unidata missing; GPKG empty
pair,address,09708017,San Jose,[blank],,Unidata missing; GPKG empty
pair,yearbuilt,09708017,San Jose,[blank],,Unidata missing; GPKG empty
pair,address,09708019,San Jose,[blank],,Unidata missing; GPKG empty
pair,yearbuilt,09708019,San Jose,[blank],,Unidata missing; GPKG empty
pair,address,09708020,San Jose,[blank],,Unidata missing; GPKG empty
pair,yearbuilt,09708020,San Jose,[blank],,Unidata missing; GPKG empty
pair,address,09708027,Santa Clara,[blank],,Unidata missing; GPKG empty
pair,yearbuilt,09708027,Santa Clara,[blank],,Unidata missing; GPKG empty
pair,zoning,09708027,Santa Clara,[blank],,Unidata missing; GPKG empty
pair,address,09708034,San Jose,[blank],,Unidata missing; GPKG empty
pair,yearbuilt,09708034,San Jose,[blank],,Unidata missing; GPKG empty
pair,yearbuilt,09708053,Santa Clara,[blank],,Unidata missing; GPKG empty
pair,yearbuilt,09708061,Santa Clara,[blank],,Unidata missing; GPKG empty
pair,yearbuilt,09708064,San Jose,[blank],,Unidata missing; GPKG empty
pair,yearbuilt,09708073,Santa Clara,[blank],,Unidata missing; GPKG empty
pair,yearbuilt,09708089,Santa Clara,[blank],,Unidata missing; GPKG empty
pair,yearbuilt,09708093,Santa Clara,[blank],,Unidata missing; GPKG empty
pair,yearbuilt,09708094,Santa Clara,[blank],,Unidata missing; GPKG empty
pair,yearbuilt,09708095,Santa Clara,[blank],,Unidata missing; GPKG empty
pair,yearbuilt,09708111,Santa Clara,[blank],,Unidata missing; GPKG empty
pair,yearbuilt,09708112,San Jose,[blank],,Unidata missing; GPKG empty
pair,yearbuilt,09708113,Santa Clara,[blank],,Unidata missing; GPKG empty
pair,yearbuilt,09709024,San Jose,[blank],,Unidata missing; GPKG empty
pair,yearbuilt,09709027,San Jose,[blank],,Unidata missing; GPKG empty
pair,yearbuilt,09709029,San Jose,[blank],,Unidata missing; GPKG empty
pair,yearbuilt,09709030,San Jose,[blank],,Unidata missing; GPKG empty
pair,yearbuilt,09709034,San Jose,[blank],,Unidata missing; GPKG empty
pair,yearbuilt,09709044,San Jose,[blank],,Unidata missing; GPKG empty
pair,yearbuilt,09709048,San Jose,[blank],,Unidata missing; GPKG empty
pair,yearbuilt,09709051,San Jose,[blank],,Unidata missing; GPKG empty
pair,yearbuilt,09714090,San Jose,[blank],,Unidata missing; GPKG empty
pair,yearbuilt,09714097,San Jose,[blank],,Unidata missing; GPKG empty
pair,yearbuilt,09715025,San Jose,[blank],,Unidata missing; GPKG empty
pair,yearbuilt,09715029,San Jose,[blank],,Unidata missing; GPKG empty
pair,yearbuilt,09715033,San Jose,[blank],,Unidata missing; GPKG empty
pair,yearbuilt,09715034,San Jose,[blank],,Unidata missing; GPKG empty
pair,address,09715038,San Jose,[blank],,Unidata missing; GPKG empty
pair,yearbuilt,09715038,San Jose,[blank],,Unidata missing; GPKG empty
pair,address,09718002,Santa Clara,[blank],,Unidata missing; GPKG empty
pair,yearbuilt,09718002,Santa Clara,[blank],,Unidata missing; GPKG empty
pair,yearbuilt,09733030,San Jose,[blank],,Unidata missing; GPKG empty
pair,yearbuilt,09733032,Milpitas,[blank],,Unidata missing; GPKG empty
pair,address,09733110,San Jose,[blank],,Unidata missing; GPKG empty
pair,yearbuilt,09733110,San Jose,[blank],,Unidata missing; GPKG empty
pair,yearbuilt,09733124,San Jose,[blank],,Unidata missing; GPKG empty
pair,yearbuilt,09743001,Santa Clara,[blank],,Unidata missing; GPKG empty
pair,yearbuilt,09743002,Santa Clara,[blank],,Unidata missing; GPKG empty
pair,address,09746022,Santa Clara,[blank],,Unidata missing; GPKG empty
pair,yearbuilt,09746022,Santa Clara,[blank],,Unidata missing; GPKG empty
pair,yearbuilt,09746031,Santa Clara,[blank],,Unidata missing; GPKG empty
pair,yearbuilt,09746032,Santa Clara,[blank],,Unidata missing; GPKG empty
pair,yearbuilt,09746034,Santa Clara,[blank],,Unidata missing; GPKG empty
pair,address,09746035,Santa Clara,[blank],,Unidata missing; GPKG empty
pair,yearbuilt,09746035,Santa Clara,[blank],,Unidata missing; GPKG empty
pair,yearbuilt,09750002,San Jose,[blank],,Unidata missing; GPKG empty
pair,yearbuilt,09752039,San Jose,[blank],,Unidata missing; GPKG empty
pair,yearbuilt,09752042,San Jose,[blank],,Unidata missing; GPKG empty
pair,yearbuilt,09753015,San Jose,[blank],,Unidata missing; GPKG empty
pair,yearbuilt,09753021,San Jose,[blank],,Unidata missing; GPKG empty
pair,yearbuilt,09771021,San Jose,[blank],,Unidata missing; GPKG empty
pair,yearbuilt,09778005,San Jose,[blank],,Unidata missing; GPKG empty
pair,yearbuilt,09779001,San Jose,[blank],,Unidata missing; GPKG empty
pair,yearbuilt,09779008,San Jose,[blank],,Unidata missing; GPKG empty
pair,yearbuilt,09779009,San Jose,[blank],,Unidata missing; GPKG empty
pair,yearbuilt,09780003,San Jose,[blank],,Unidata missing; GPKG empty
pair,yearbuilt,09780004,San Jose,[blank],,Unidata missing; GPKG empty
pair,yearbuilt,09780005,San Jose,[blank],,Unidata missing; GPKG empty
pair,yearbuilt,09783002,Santa Clara,[blank],,Unidata missing; GPKG empty
pair,address,09784011,San Jose,[blank],,Unidata missing; GPKG empty
pair,yearbuilt,09784011,San Jose,[blank],,Unidata missing; GPKG empty
pair,address,09784014,San Jose,[blank],,Unidata missing; GPKG empty
pair,yearbuilt,09784014,San Jose,[blank],,Unidata missing; GPKG empty
pair,yearbuilt,09784022,San Jose,[blank],,Unidata missing; GPKG empty
pair,yearbuilt,09784023,San Jose,[blank],,Unidata missing; GPKG empty
pair,yearbuilt,09784024,San Jose,[blank],,Unidata missing; GPKG empty
pair,yearbuilt,09784028,San Jose,[blank],,Unidata missing; GPKG empty
pair,yearbuilt,09784029,San Jose,[blank],,Unidata missing; GPKG empty
pair,yearbuilt,09785004,San Jose,[blank],,Unidata missing; GPKG empty
pair,address,09785005,San Jose,[blank],,Unidata missing; GPKG empty
pair,yearbuilt,09785005,San Jose,[blank],,Unidata missing; GPKG empty
pair,address,09796067,Santa Clara,[blank],,Unidata missing; GPKG empty
pair,yearbuilt,09796067,Santa Clara,[blank],,Unidata missing; GPKG empty
pair,address,09796069,Santa Clara,[blank],,Unidata missing; GPKG empty
pair,yearbuilt,09796069,Santa Clara,[blank],,Unidata missing; GPKG empty
pair,yearbuilt,10102001,San Jose,[blank],,Unidata missing; GPKG empty
pair,yearbuilt,10102016,San Jose,[blank],,Unidata missing; GPKG empty
pair,yearbuilt,10102021,San Jose,[blank],,Unidata missing; GPKG empty
pair,yearbuilt,10102022,San Jose,[blank],,Unidata missing; GPKG empty
pair,yearbuilt,10103001,San Jose,[blank],,Unidata missing; GPKG empty
pair,yearbuilt,10103007,San Jose,[blank],,Unidata missing; GPKG empty
pair,yearbuilt,10103008,San Jose,[blank],,Unidata missing; GPKG empty
pair,yearbuilt,10103009,San Jose,[blank],,Unidata missing; GPKG empty
pair,yearbuilt,10103010,San Jose,[blank],,Unidata missing; GPKG empty
pair,yearbuilt,10103011,San Jose,[blank],,Unidata missing; GPKG empty
pair,yearbuilt,10104001,San Jose,[blank],,Unidata missing; GPKG empty
pair,address,10104002,San Jose,[blank],,Unidata missing; GPKG empty
pair,yearbuilt,10104002,San Jose,[blank],,Unidata missing; GPKG empty
pair,address,10104003,San Jose,[blank],,Unidata missing; GPKG empty
pair,yearbuilt,10104003,San Jose,[blank],,Unidata missing; GPKG empty
pair,yearbuilt,10104004,San Jose,[blank],,Unidata missing; GPKG empty
pair,yearbuilt,10104008,San Jose,[blank],,Unidata missing; GPKG empty
pair,yearbuilt,10105008,San Jose,[blank],,Unidata missing; GPKG empty
pair,yearbuilt,10108009,Santa Clara,[blank],,Unidata missing; GPKG empty
pair,yearbuilt,10109027,Santa Clara,[blank],,Unidata missing; GPKG empty
pair,yearbuilt,10109028,Santa Clara,[blank],,Unidata missing; GPKG empty
pair,yearbuilt,10110053,Santa Clara,[blank],,Unidata missing; GPKG empty
pair,address,10111001,Santa Clara,[blank],,Unidata missing; GPKG empty
pair,yearbuilt,10111001,Santa Clara,[blank],,Unidata missing; GPKG empty
pair,address,10111002,Santa Clara,[blank],,Unidata missing; GPKG empty
pair,yearbuilt,10111002,Santa Clara,[blank],,Unidata missing; GPKG empty
pair,yearbuilt,10111005,Santa Clara,[blank],,Unidata missing; GPKG empty
pair,address,10111006,Santa Clara,[blank],,Unidata missing; GPKG empty
pair,yearbuilt,10111006,Santa Clara,[blank],,Unidata missing; GPKG empty
pair,yearbuilt,10111007,Santa Clara,[blank],,Unidata missing; GPKG empty
pair,yearbuilt,10111008,Santa Clara,[blank],,Unidata missing; GPKG empty
pair,yearbuilt,10111047,Santa Clara,[blank],,Unidata missing; GPKG empty
pair,address,10113002,Santa Clara,[blank],,Unidata missing; GPKG empty
pair,yearbuilt,10113002,Santa Clara,[blank],,Unidata missing; GPKG empty
pair,yearbuilt,10115019,Santa Clara,[blank],,Unidata missing; GPKG empty
pair,yearbuilt,10115027,Santa Clara,[blank],,Unidata missing; GPKG empty
pair,yearbuilt,10115049,Santa Clara,[blank],,Unidata missing; GPKG empty
pair,yearbuilt,10116002,Santa Clara,[blank],,Unidata missing; GPKG empty
pair,yearbuilt,10118004,San Jose,[blank],,Unidata missing; GPKG empty
pair,yearbuilt,10118005,San Jose,[blank],,Unidata missing; GPKG empty
pair,yearbuilt,10118006,San Jose,[blank],,Unidata missing; GPKG empty
pair,yearbuilt,10118007,San Jose,[blank],,Unidata missing; GPKG empty
pair,yearbuilt,10119007,San Jose,[blank],,Unidata missing; GPKG empty
pair,yearbuilt,10125001,Santa Clara,[blank],,Unidata missing; GPKG empty
pair,yearbuilt,10128007,San Jose,[blank],,Unidata missing; GPKG empty
pair,yearbuilt,10128008,San Jose,[blank],,Unidata missing; GPKG empty
pair,yearbuilt,10129014,San Jose,[blank],,Unidata missing; GPKG empty
pair,yearbuilt,10129015,San Jose,[blank],,Unidata missing; GPKG empty
pair,yearbuilt,10130003,San Jose,[blank],,Unidata missing; GPKG empty
pair,yearbuilt,10130005,San Jose,[blank],,Unidata missing; GPKG empty
pair,yearbuilt,10130007,San Jose,[blank],,Unidata missing; GPKG empty
pair,yearbuilt,10130009,San Jose,[blank],,Unidata missing; GPKG empty
pair,yearbuilt,10130011,San Jose,[blank],,Unidata missing; GPKG empty
pair,yearbuilt,10130029,San Jose,[blank],,Unidata missing; GPKG empty
pair,address,10131017,San Jose,[blank],,Unidata missing; GPKG empty
pair,yearbuilt,10131017,San Jose,[blank],,Unidata missing; GPKG empty
pair,yearbuilt,10131024,San Jose,[blank],,Unidata missing; GPKG empty
pair,yearbuilt,10131025,San Jose,[blank],,Unidata missing; GPKG empty
pair,yearbuilt,10401001,Sunnyvale,[blank],,Unidata missing; GPKG empty
pair,yearbuilt,10401002,Sunnyvale,[blank],,Unidata missing; GPKG empty
pair,yearbuilt,10401003,Sunnyvale,[blank],,Unidata missing; GPKG empty
pair,address,10401004,Sunnyvale,[blank],,Unidata missing; GPKG empty
pair,yearbuilt,10401004,Sunnyvale,[blank],,Unidata missing; GPKG empty
pair,yearbuilt,10401005,Sunnyvale,[blank],,Unidata missing; GPKG empty
pair,yearbuilt,10401027,Sunnyvale,[blank],,Unidata missing; GPKG empty
pair,yearbuilt,10401029,San Jose,[blank],,Unidata missing; GPKG empty
pair,address,10401049,Sunnyvale,[blank],,Unidata missing; GPKG empty
pair,yearbuilt,10401049,Sunnyvale,[blank],,Unidata missing; GPKG empty
pair,address,10401050,Sunnyvale,[blank],,Unidata missing; GPKG empty
pair,yearbuilt,10401050,Sunnyvale,[blank],,Unidata missing; GPKG empty
pair,address,10401059,Sunnyvale,[blank],,Unidata missing; GPKG empty
pair,yearbuilt,10401059,Sunnyvale,[blank],,Unidata missing; GPKG empty
pair,address,10401064,Sunnyvale,[blank],,Unidata missing; GPKG empty
pair,yearbuilt,10401064,Sunnyvale,[blank],,Unidata missing; GPKG empty
pair,yearbuilt,10401077,San Jose,[blank],,Unidata missing; GPKG empty
pair,yearbuilt,10401085,San Jose,[blank],,Unidata missing; GPKG empty
pair,yearbuilt,10401086,San Jose,[blank],,Unidata missing; GPKG empty
pair,address,10401097,Sunnyvale,[blank],,Unidata missing; GPKG empty
pair,yearbuilt,10401097,Sunnyvale,[blank],,Unidata missing; GPKG empty
pair,yearbuilt,10401102,Santa Clara,[blank],,Unidata missing; GPKG empty
pair,address,10401104,Santa Clara,[blank],,Unidata missing; GPKG empty
pair,yearbuilt,10401104,Santa Clara,[blank],,Unidata missing; GPKG empty
pair,address,10401107,Santa Clara,[blank],,Unidata missing; GPKG empty
pair,yearbuilt,10401107,Santa Clara,[blank],,Unidata missing; GPKG empty
pair,address,10401109,Sunnyvale,[blank],,Unidata missing; GPKG empty
pair,yearbuilt,10401109,Sunnyvale,[blank],,Unidata missing; GPKG empty
pair,yearbuilt,10402115,Santa Clara,[blank],,Unidata missing; GPKG empty
pair,zoning,10402115,Santa Clara,[blank],,Unidata missing; GPKG empty
pair,yearbuilt,10402125,Sunnyvale,[blank],,Unidata missing; GPKG empty
pair,yearbuilt,10403030,Santa Clara,[blank],,Unidata missing; GPKG empty
pair,yearbuilt,10403036,Santa Clara,[blank],,Unidata missing; GPKG empty
pair,yearbuilt,10403041,Santa Clara,[blank],,Unidata missing; GPKG empty
pair,zoning,10403041,Santa Clara,[blank],,Unidata missing; GPKG empty
pair,yearbuilt,10403042,Santa Clara,[blank],,Unidata missing; GPKG empty
pair,yearbuilt,10403043,Santa Clara,[blank],,Unidata missing; GPKG empty
pair,yearbuilt,10403044,Santa Clara,[blank],,Unidata missing; GPKG empty
pair,yearbuilt,10404027,Sunnyvale,[blank],,Unidata missing; GPKG empty
pair,yearbuilt,10404028,Santa Clara,[blank],,Unidata missing; GPKG empty
pair,yearbuilt,10404029,Sunnyvale,[blank],,Unidata missing; GPKG empty
pair,yearbuilt,10404030,Santa Clara,[blank],,Unidata missing; GPKG empty
pair,yearbuilt,10404064,Santa Clara,[blank],,Unidata missing; GPKG empty
pair,yearbuilt,10404065,Santa Clara,[blank],,Unidata missing; GPKG empty
pair,yearbuilt,10404072,Santa Clara,[blank],,Unidata missing; GPKG empty
pair,yearbuilt,10404074,Santa Clara,[blank],,Unidata missing; GPKG empty
pair,yearbuilt,10404087,Santa Clara,[blank],,Unidata missing; GPKG empty
pair,yearbuilt,10404088,Santa Clara,[blank],,Unidata missing; GPKG empty
pair,yearbuilt,10404089,Santa Clara,[blank],,Unidata missing; GPKG empty
pair,yearbuilt,10404104,Santa Clara,[blank],,Unidata missing; GPKG empty
pair,yearbuilt,10404111,Santa Clara,[blank],,Unidata missing; GPKG empty
pair,yearbuilt,10404112,Santa Clara,[blank],,Unidata missing; GPKG empty
pair,yearbuilt,10404113,Santa Clara,[blank],,Unidata missing; GPKG empty
pair,address,10404130,Santa Clara,[blank],,Unidata missing; GPKG empty
pair,yearbuilt,10404130,Santa Clara,[blank],,Unidata missing; GPKG empty
pair,address,10404146,Santa Clara,[blank],,Unidata missing; GPKG empty
pair,yearbuilt,10404146,Santa Clara,[blank],,Unidata missing; GPKG empty
pair,yearbuilt,10404147,Santa Clara,[blank],,Unidata missing; GPKG empty
pair,yearbuilt,10405052,Santa Clara,[blank],,Unidata missing; GPKG empty
pair,yearbuilt,10405054,Santa Clara,[blank],,Unidata missing; GPKG empty
pair,yearbuilt,10405122,Santa Clara,[blank],,Unidata missing; GPKG empty
pair,yearbuilt,10406019,Santa Clara,[blank],,Unidata missing; GPKG empty
pair,zoning,10406019,Santa Clara,[blank],,Unidata missing; GPKG empty
pair,yearbuilt,10406020,Santa Clara,[blank],,Unidata missing; GPKG empty
pair,zoning,10406020,Santa Clara,[blank],,Unidata missing; GPKG empty
pair,yearbuilt,10406041,Santa Clara,[blank],,Unidata missing; GPKG empty
pair,yearbuilt,10406090,Santa Clara,[blank],,Unidata missing; GPKG empty
pair,zoning,10406090,Santa Clara,[blank],,Unidata missing; GPKG empty
pair,yearbuilt,10407005,Santa Clara,[blank],,Unidata missing; GPKG empty
pair,yearbuilt,10410077,Santa Clara,[blank],,Unidata missing; GPKG empty
pair,yearbuilt,10411081,Santa Clara,[blank],,Unidata missing; GPKG empty
pair,zoning,10411081,Santa Clara,[blank],,Unidata missing; GPKG empty
pair,yearbuilt,10411082,Santa Clara,[blank],,Unidata missing; GPKG empty
pair,zoning,10411082,Santa Clara,[blank],,Unidata missing; GPKG empty
pair,yearbuilt,10411116,Santa Clara,[blank],,Unidata missing; GPKG empty
pair,yearbuilt,10411117,Santa Clara,[blank],,Unidata missing; GPKG empty
pair,yearbuilt,10412017,Santa Clara,[blank],,Unidata missing; GPKG empty
pair,yearbuilt,10412025,Santa Clara,[blank],,Unidata missing; GPKG empty
pair,yearbuilt,10412026,Santa Clara,[blank],,Unidata missing; GPKG empty
pair,yearbuilt,10412154,Santa Clara,[blank],,Unidata missing; GPKG empty
pair,zoning,10412154,Santa Clara,[blank],,Unidata missing; GPKG empty
pair,yearbuilt,10412162,Santa Clara,[blank],,Unidata missing; GPKG empty
pair,zoning,10412162,Santa Clara,[blank],,Unidata missing; GPKG empty
pair,yearbuilt,10412203,Santa Clara,[blank],,Unidata missing; GPKG empty
pair,yearbuilt,10413063,Santa Clara,[blank],,Unidata missing; GPKG empty
pair,yearbuilt,10413067,Santa Clara,[blank],,Unidata missing; GPKG empty
pair,yearbuilt,10413075,Santa Clara,[blank],,Unidata missing; GPKG empty
pair,yearbuilt,10413076,Santa Clara,[blank],,Unidata missing; GPKG empty
pair,yearbuilt,10413078,Santa Clara,[blank],,Unidata missing; GPKG empty
pair,yearbuilt,10413086,Santa Clara,[blank],,Unidata missing; GPKG empty
pair,yearbuilt,10413100,Santa Clara,[blank],,Unidata missing; GPKG empty
pair,yearbuilt,10413103,Santa Clara,[blank],,Unidata missing; GPKG empty
pair,address,10414088,Santa Clara,[blank],,Unidata missing; GPKG empty
pair,yearbuilt,10414088,Santa Clara,[blank],,Unidata missing; GPKG empty
pair,zoning,10414088,Santa Clara,[blank],,Unidata missing; GPKG empty
pair,yearbuilt,10414132,Santa Clara,[blank],,Unidata missing; GPKG empty
pair,yearbuilt,10414145,Santa Clara,[blank],,Unidata missing; GPKG empty
pair,zoning,10414145,Santa Clara,[blank],,Unidata missing; GPKG empty
pair,yearbuilt,10414146,Santa Clara,[blank],,Unidata missing; GPKG empty
pair,yearbuilt,10414160,Santa Clara,[blank],,Unidata missing; GPKG empty
pair,yearbuilt,10414168,Santa Clara,[blank],,Unidata missing; GPKG empty
pair,yearbuilt,10415081,Santa Clara,[blank],,Unidata missing; GPKG empty
pair,zoning,10415081,Santa Clara,[blank],,Unidata missing; GPKG empty
pair,yearbuilt,10415089,Santa Clara,[blank],,Unidata missing; GPKG empty
pair,yearbuilt,10415101,Santa Clara,[blank],,Unidata missing; GPKG empty
pair,yearbuilt,10415105,Santa Clara,[blank],,Unidata missing; GPKG empty
pair,yearbuilt,10415127,Santa Clara,[blank],,Unidata missing; GPKG empty
pair,yearbuilt,10415132,Santa Clara,[blank],,Unidata missing; GPKG empty
pair,yearbuilt,10415142,Santa Clara,[blank],,Unidata missing; GPKG empty
pair,yearbuilt,10416087,Santa Clara,[blank],,Unidata missing; GPKG empty
pair,yearbuilt,10416089,Santa Clara,[blank],,Unidata missing; GPKG empty
pair,address,10416110,Santa Clara,[blank],,Unidata missing; GPKG empty
pair,yearbuilt,10416110,Santa Clara,[blank],,Unidata missing; GPKG empty
pair,yearbuilt,10416111,Santa Clara,[blank],,Unidata missing; GPKG empty
pair,yearbuilt,10416115,Santa Clara,[blank],,Unidata missing; GPKG empty
pair,yearbuilt,10416116,Santa Clara,[blank],,Unidata missing; GPKG empty
pair,yearbuilt,10416120,Santa Clara,[blank],,Unidata missing; GPKG empty
pair,yearbuilt,10416121,Santa Clara,[blank],,Unidata missing; GPKG empty
pair,yearbuilt,10417121,Sunnyvale,[blank],,Unidata missing; GPKG empty
pair,yearbuilt,10418063,Sunnyvale,[blank],,Unidata missing; GPKG empty
pair,yearbuilt,10418064,Sunnyvale,[blank],,Unidata missing; GPKG empty
pair,yearbuilt,10420119,Sunnyvale,[blank],,Unidata missing; GPKG empty
pair,yearbuilt,10425008,Sunnyvale,[blank],,Unidata missing; GPKG empty
pair,yearbuilt,10425042,Sunnyvale,[blank],,Unidata missing; GPKG empty
pair,yearbuilt,10425119,Sunnyvale,[blank],,Unidata missing; GPKG empty
pair,yearbuilt,10427067,Sunnyvale,[blank],,Unidata missing; GPKG empty
pair,address,10428001,Sunnyvale,[blank],,Unidata missing; GPKG empty
pair,yearbuilt,10428001,Sunnyvale,[blank],,Unidata missing; GPKG empty
pair,yearbuilt,10428053,Sunnyvale,[blank],,Unidata missing; GPKG empty
pair,yearbuilt,10428067,Sunnyvale,[blank],,Unidata missing; GPKG empty
pair,yearbuilt,10428070,Sunnyvale,[blank],,Unidata missing; GPKG empty
pair,yearbuilt,10428073,Sunnyvale,[blank],,Unidata missing; GPKG empty
pair,yearbuilt,10428074,Sunnyvale,[blank],,Unidata missing; GPKG empty
pair,yearbuilt,10429023,Sunnyvale,[blank],,Unidata missing; GPKG empty
pair,yearbuilt,10430032,Sunnyvale,[blank],,Unidata missing; GPKG empty
pair,yearbuilt,10430036,Sunnyvale,[blank],,Unidata missing; GPKG empty
pair,address,10430037,Sunnyvale,[blank],,Unidata missing; GPKG empty
pair,yearbuilt,10430037,Sunnyvale,[blank],,Unidata missing; GPKG empty
pair,yearbuilt,10430039,Sunnyvale,[blank],,Unidata missing; GPKG empty
pair,yearbuilt,10431001,Sunnyvale,[blank],,Unidata missing; GPKG empty
pair,yearbuilt,10431060,Sunnyvale,[blank],,Unidata missing; GPKG empty
pair,yearbuilt,10431061,Sunnyvale,[blank],,Unidata missing; GPKG empty
pair,yearbuilt,10431066,Sunnyvale,[blank],,Unidata missing; GPKG empty
pair,yearbuilt,10433002,Sunnyvale,[blank],,Unidata missing; GPKG empty
pair,yearbuilt,10433006,Sunnyvale,[blank],,Unidata missing; GPKG empty
pair,yearbuilt,10434052,Santa Clara,[blank],,Unidata missing; GPKG empty
pair,yearbuilt,10434053,Santa Clara,[blank],,Unidata missing; GPKG empty
pair,yearbuilt,10438001,Santa Clara,[blank],,Unidata missing; GPKG empty
pair,zoning,10438001,Santa Clara,[blank],,Unidata missing; GPKG empty
pair,yearbuilt,10439018,Santa Clara,[blank],,Unidata missing; GPKG empty
pair,yearbuilt,10439019,Santa Clara,[blank],,Unidata missing; GPKG empty
pair,yearbuilt,10439020,Santa Clara,[blank],,Unidata missing; GPKG empty
pair,yearbuilt,10439022,Santa Clara,[blank],,Unidata missing; GPKG empty
pair,yearbuilt,10439024,Santa Clara,[blank],,Unidata missing; GPKG empty
pair,yearbuilt,10440008,Santa Clara,[blank],,Unidata missing; GPKG empty
pair,yearbuilt,10440021,Santa Clara,[blank],,Unidata missing; GPKG empty
pair,yearbuilt,10440032,Santa Clara,[blank],,Unidata missing; GPKG empty
pair,yearbuilt,10440036,Santa Clara,[blank],,Unidata missing; GPKG empty
pair,yearbuilt,10440037,Santa Clara,[blank],,Unidata missing; GPKG empty
pair,yearbuilt,10441018,Santa Clara,[blank],,Unidata missing; GPKG empty
pair,yearbuilt,10441033,Santa Clara,[blank],,Unidata missing; GPKG empty
pair,yearbuilt,10441037,Santa Clara,[blank],,Unidata missing; GPKG empty
pair,yearbuilt,10442005,Santa Clara,[blank],,Unidata missing; GPKG empty
pair,address,10442008,Santa Clara,[blank],,Unidata missing; GPKG empty
pair,yearbuilt,10442008,Santa Clara,[blank],,Unidata missing; GPKG empty
pair,yearbuilt,10442014,Santa Clara,[blank],,Unidata missing; GPKG empty
pair,yearbuilt,10442019,Santa Clara,[blank],,Unidata missing; GPKG empty
pair,yearbuilt,10443002,Santa Clara,[blank],,Unidata missing; GPKG empty
pair,yearbuilt,10443003,Santa Clara,[blank],,Unidata missing; GPKG empty
pair,yearbuilt,10443004,Santa Clara,[blank],,Unidata missing; GPKG empty
pair,yearbuilt,10443008,Santa Clara,[blank],,Unidata missing; GPKG empty
pair,zoning,10443008,Santa Clara,[blank],,Unidata missing; GPKG empty
pair,yearbuilt,10443009,Santa Clara,[blank],,Unidata missing; GPKG empty
pair,zoning,10443009,Santa Clara,[blank],,Unidata missing; GPKG empty
pair,yearbuilt,10443024,Santa Clara,[blank],,Unidata missing; GPKG empty
pair,yearbuilt,10443025,Santa Clara,[blank],,Unidata missing; GPKG empty
pair,yearbuilt,10443038,Santa Clara,[blank],,Unidata missing; GPKG empty
pair,yearbuilt,10443051,Santa Clara,[blank],,Unidata missing; GPKG empty
pair,yearbuilt,10443052,Santa Clara,[blank],,Unidata missing; GPKG empty
pair,yearbuilt,10443058,Santa Clara,[blank],,Unidata missing; GPKG empty
pair,yearbuilt,10443059,Santa Clara,[blank],,Unidata missing; GPKG empty
pair,yearbuilt,10443060,Santa Clara,[blank],,Unidata missing; GPKG empty
pair,yearbuilt,10443061,Santa Clara,[blank],,Unidata missing; GPKG empty
pair,yearbuilt,10443062,Santa Clara,[blank],,Unidata missing; GPKG empty
pair,yearbuilt,10445009,Santa Clara,[blank],,Unidata missing; GPKG empty
pair,yearbuilt,10445014,Santa Clara,[blank],,Unidata missing; GPKG empty
pair,yearbuilt,10448009,Santa Clara,[blank],,Unidata missing; GPKG empty
pair,yearbuilt,10449009,Santa Clara,[blank],,Unidata missing; GPKG empty
pair,yearbuilt,10449010,Santa Clara,[blank],,Unidata missing; GPKG empty
pair,yearbuilt,10450021,Sunnyvale,[blank],,Unidata missing; GPKG empty
pair,yearbuilt,10450022,Sunnyvale,[blank],,Unidata missing; GPKG empty
pair,yearbuilt,10450023,Sunnyvale,[blank],,Unidata missing; GPKG empty
pair,yearbuilt,10450024,Sunnyvale,[blank],,Unidata missing; GPKG empty
pair,yearbuilt,10452002,Santa Clara,[blank],,Unidata missing; GPKG empty
pair,yearbuilt,10452005,Santa Clara,[blank],,Unidata missing; GPKG empty
pair,yearbuilt,10452006,Santa Clara,[blank],,Unidata missing; GPKG empty
pair,yearbuilt,10452025,Santa Clara,[blank],,Unidata missing; GPKG empty
pair,yearbuilt,10455016,Santa Clara,[blank],,Unidata missing; GPKG empty
pair,yearbuilt,10455017,Santa Clara,[blank],,Unidata missing; GPKG empty
pair,yearbuilt,10458005,Sunnyvale,[blank],,Unidata missing; GPKG empty
pair,yearbuilt,10464029,Santa Clara,[blank],,Unidata missing; GPKG empty
pair,yearbuilt,11001041,Sunnyvale,[blank],,Unidata missing; GPKG empty
pair,yearbuilt,11001053,Sunnyvale,[blank],,Unidata missing; GPKG empty
pair,yearbuilt,11001054,Sunnyvale,[blank],,Unidata missing; GPKG empty
pair,yearbuilt,11002041,Sunnyvale,[blank],,Unidata missing; GPKG empty
pair,yearbuilt,11002070,Sunnyvale,[blank],,Unidata missing; GPKG empty
pair,address,11002071,Sunnyvale,[blank],,Unidata missing; GPKG empty
pair,yearbuilt,11002071,Sunnyvale,[blank],,Unidata missing; GPKG empty
pair,address,11002072,Sunnyvale,[blank],,Unidata missing; GPKG empty
pair,yearbuilt,11002072,Sunnyvale,[blank],,Unidata missing; GPKG empty
pair,yearbuilt,11002073,Sunnyvale,[blank],,Unidata missing; GPKG empty
pair,yearbuilt,11003001,Sunnyvale,[blank],,Unidata missing; GPKG empty
pair,yearbuilt,11003047,Sunnyvale,[blank],,Unidata missing; GPKG empty
pair,yearbuilt,11003051,Sunnyvale,[blank],,Unidata missing; GPKG empty
pair,yearbuilt,11003064,Sunnyvale,[blank],,Unidata missing; GPKG empty
pair,yearbuilt,11003143,Sunnyvale,[blank],,Unidata missing; GPKG empty
pair,yearbuilt,11003144,Sunnyvale,[blank],,Unidata missing; GPKG empty
pair,yearbuilt,11004021,Sunnyvale,[blank],,Unidata missing; GPKG empty
pair,yearbuilt,11004022,Sunnyvale,[blank],,Unidata missing; GPKG empty
pair,yearbuilt,11004028,Sunnyvale,[blank],,Unidata missing; GPKG empty
pair,yearbuilt,11004069,Sunnyvale,[blank],,Unidata missing; GPKG empty
pair,yearbuilt,11005003,Sunnyvale,[blank],,Unidata missing; GPKG empty
pair,yearbuilt,11005012,Sunnyvale,[blank],,Unidata missing; GPKG empty
pair,yearbuilt,11005014,Sunnyvale,[blank],,Unidata missing; GPKG empty
pair,address,11006023,Sunnyvale,[blank],,Unidata missing; GPKG empty
pair,yearbuilt,11006023,Sunnyvale,[blank],,Unidata missing; GPKG empty
pair,yearbuilt,11007013,Sunnyvale,[blank],,Unidata missing; GPKG empty
pair,yearbuilt,11007021,Sunnyvale,[blank],,Unidata missing; GPKG empty
pair,yearbuilt,11007022,Sunnyvale,[blank],,Unidata missing; GPKG empty
pair,yearbuilt,11007038,Sunnyvale,[blank],,Unidata missing; GPKG empty
pair,address,11009052,Sunnyvale,[blank],,Unidata missing; GPKG empty
pair,yearbuilt,11009052,Sunnyvale,[blank],,Unidata missing; GPKG empty
pair,yearbuilt,11012039,Sunnyvale,[blank],,Unidata missing; GPKG empty
pair,yearbuilt,11012066,Sunnyvale,[blank],,Unidata missing; GPKG empty
pair,yearbuilt,11012086,Sunnyvale,[blank],,Unidata missing; GPKG empty
pair,yearbuilt,11012088,Sunnyvale,[blank],,Unidata missing; GPKG empty
pair,yearbuilt,11012094,Sunnyvale,[blank],,Unidata missing; GPKG empty
pair,yearbuilt,11013036,Sunnyvale,[blank],,Unidata missing; GPKG empty
pair,yearbuilt,11014189,Sunnyvale,[blank],,Unidata missing; GPKG empty
pair,yearbuilt,11014202,Sunnyvale,[blank],,Unidata missing; GPKG empty
pair,yearbuilt,11015011,Sunnyvale,[blank],,Unidata missing; GPKG empty
pair,yearbuilt,11015019,Sunnyvale,[blank],,Unidata missing; GPKG empty
pair,yearbuilt,11015059,Sunnyvale,[blank],,Unidata missing; GPKG empty
pair,yearbuilt,11015064,Sunnyvale,[blank],,Unidata missing; GPKG empty
pair,yearbuilt,11015067,Sunnyvale,[blank],,Unidata missing; GPKG empty
pair,yearbuilt,11016041,Sunnyvale,[blank],,Unidata missing; GPKG empty
pair,yearbuilt,11016049,Sunnyvale,[blank],,Unidata missing; GPKG empty
pair,yearbuilt,11016122,Sunnyvale,[blank],,Unidata missing; GPKG empty
pair,address,11020012,Sunnyvale,[blank],,Unidata missing; GPKG empty
pair,yearbuilt,11020012,Sunnyvale,[blank],,Unidata missing; GPKG empty
pair,yearbuilt,11020013,Sunnyvale,[blank],,Unidata missing; GPKG empty
pair,yearbuilt,11020014,Sunnyvale,[blank],,Unidata missing; GPKG empty
pair,yearbuilt,11023104,Sunnyvale,[blank],,Unidata missing; GPKG empty
pair,yearbuilt,11024038,Sunnyvale,[blank],,Unidata missing; GPKG empty
pair,yearbuilt,11024039,Sunnyvale,[blank],,Unidata missing; GPKG empty
pair,yearbuilt,11025042,Sunnyvale,[blank],,Unidata missing; GPKG empty
pair,address,11025045,Sunnyvale,[blank],,Unidata missing; GPKG empty
pair,yearbuilt,11025045,Sunnyvale,[blank],,Unidata missing; GPKG empty
pair,address,11025050,Sunnyvale,[blank],,Unidata missing; GPKG empty
pair,yearbuilt,11025050,Sunnyvale,[blank],,Unidata missing; GPKG empty
pair,address,11025052,Sunnyvale,[blank],,Unidata missing; GPKG empty
pair,yearbuilt,11025052,Sunnyvale,[blank],,Unidata missing; GPKG empty
pair,yearbuilt,11025058,Sunnyvale,[blank],,Unidata missing; GPKG empty
pair,yearbuilt,11025060,Sunnyvale,[blank],,Unidata missing; GPKG empty
pair,yearbuilt,11025061,Sunnyvale,[blank],,Unidata missing; GPKG empty
pair,yearbuilt,11026040,Sunnyvale,[blank],,Unidata missing; GPKG empty
pair,yearbuilt,11026049,Sunnyvale,[blank],,Unidata missing; GPKG empty
pair,yearbuilt,11027039,Sunnyvale,[blank],,Unidata missing; GPKG empty
pair,yearbuilt,11027040,Sunnyvale,[blank],,Unidata missing; GPKG empty
pair,yearbuilt,11027041,Sunnyvale,[blank],,Unidata missing; GPKG empty
pair,yearbuilt,11027042,Sunnyvale,[blank],,Unidata missing; GPKG empty
pair,yearbuilt,11027047,Sunnyvale,[blank],,Unidata missing; GPKG empty
pair,yearbuilt,11027048,Sunnyvale,[blank],,Unidata missing; GPKG empty
pair,yearbuilt,11028002,Sunnyvale,[blank],,Unidata missing; GPKG empty
pair,yearbuilt,11028003,Sunnyvale,[blank],,Unidata missing; GPKG empty
pair,yearbuilt,11028009,Sunnyvale,[blank],,Unidata missing; GPKG empty
pair,address,11029034,Sunnyvale,[blank],,Unidata missing; GPKG empty
pair,yearbuilt,11029034,Sunnyvale,[blank],,Unidata missing; GPKG empty
pair,yearbuilt,11029035,Sunnyvale,[blank],,Unidata missing; GPKG empty
pair,yearbuilt,11029036,Sunnyvale,[blank],,Unidata missing; GPKG empty
pair,yearbuilt,11029037,Sunnyvale,[blank],,Unidata missing; GPKG empty
pair,yearbuilt,11029039,Sunnyvale,[blank],,Unidata missing; GPKG empty
pair,yearbuilt,11031002,Sunnyvale,[blank],,Unidata missing; GPKG empty
pair,yearbuilt,11032032,Sunnyvale,[blank],,Unidata missing; GPKG empty
pair,yearbuilt,11032033,Sunnyvale,[blank],,Unidata missing; GPKG empty
pair,yearbuilt,11032034,Sunnyvale,[blank],,Unidata missing; GPKG empty
pair,yearbuilt,11032036,Sunnyvale,[blank],,Unidata missing; GPKG empty
pair,yearbuilt,11032037,Sunnyvale,[blank],,Unidata missing; GPKG empty
pair,yearbuilt,11033002,Sunnyvale,[blank],,Unidata missing; GPKG empty
pair,yearbuilt,11033029,Sunnyvale,[blank],,Unidata missing; GPKG empty
pair,yearbuilt,11033032,Sunnyvale,[blank],,Unidata missing; GPKG empty
pair,yearbuilt,11033037,Sunnyvale,[blank],,Unidata missing; GPKG empty
pair,yearbuilt,11034008,Sunnyvale,[blank],,Unidata missing; GPKG empty
pair,yearbuilt,11034014,Sunnyvale,[blank],,Unidata missing; GPKG empty
pair,yearbuilt,11034015,Sunnyvale,[blank],,Unidata missing; GPKG empty
pair,yearbuilt,11034016,Sunnyvale,[blank],,Unidata missing; GPKG empty
pair,yearbuilt,11035012,Sunnyvale,[blank],,Unidata missing; GPKG empty
pair,yearbuilt,11036016,Sunnyvale,[blank],,Unidata missing; GPKG empty
pair,yearbuilt,11036017,Sunnyvale,[blank],,Unidata missing; GPKG empty
pair,yearbuilt,11036021,Sunnyvale,[blank],,Unidata missing; GPKG empty
pair,address,11039001,Sunnyvale,[blank],,Unidata missing; GPKG empty
pair,yearbuilt,11039001,Sunnyvale,[blank],,Unidata missing; GPKG empty
pair,address,11039002,Sunnyvale,[blank],,Unidata missing; GPKG empty
pair,yearbuilt,11039002,Sunnyvale,[blank],,Unidata missing; GPKG empty
pair,yearbuilt,11044004,Sunnyvale,[blank],,Unidata missing; GPKG empty
pair,yearbuilt,11044007,Sunnyvale,[blank],,Unidata missing; GPKG empty
pair,yearbuilt,11601008,Palo Alto,[blank],,Unidata missing; GPKG empty
pair,yearbuilt,11601013,Palo Alto,[blank],,Unidata missing; GPKG empty
pair,yearbuilt,11601014,Palo Alto,[blank],,Unidata missing; GPKG empty
pair,yearbuilt,11601047,Palo Alto,[blank],,Unidata missing; GPKG empty
pair,yearbuilt,11601049,Palo Alto,[blank],,Unidata missing; GPKG empty
pair,yearbuilt,11602091,Mountain View,[blank],,Unidata missing; GPKG empty
pair,address,11603013,Mountain View,[blank],,Unidata missing; GPKG empty
pair,yearbuilt,11603013,Mountain View,[blank],,Unidata missing; GPKG empty
pair,address,11603014,Mountain View,[blank],,Unidata missing; GPKG empty
pair,yearbuilt,11603014,Mountain View,[blank],,Unidata missing; GPKG empty
pair,yearbuilt,11603015,Mountain View,[blank],,Unidata missing; GPKG empty
pair,address,11603030,Mountain View,[blank],,Unidata missing; GPKG empty
pair,yearbuilt,11603030,Mountain View,[blank],,Unidata missing; GPKG empty
pair,yearbuilt,11603032,Mountain View,[blank],,Unidata missing; GPKG empty
pair,yearbuilt,11604004,Mountain View,[blank],,Unidata missing; GPKG empty
pair,yearbuilt,11604007,Mountain View,[blank],,Unidata missing; GPKG empty
pair,yearbuilt,11604017,Mountain View,[blank],,Unidata missing; GPKG empty
pair,yearbuilt,11605062,Mountain View,[blank],,Unidata missing; GPKG empty
pair,yearbuilt,11605070,Mountain View,[blank],,Unidata missing; GPKG empty
pair,yearbuilt,11605076,Mountain View,[blank],,Unidata missing; GPKG empty
pair,yearbuilt,11606010,Mountain View,[blank],,Unidata missing; GPKG empty
pair,yearbuilt,11606018,Mountain View,[blank],,Unidata missing; GPKG empty
pair,yearbuilt,11606019,Mountain View,[blank],,Unidata missing; GPKG empty
pair,yearbuilt,11606021,Mountain View,[blank],,Unidata missing; GPKG empty
pair,yearbuilt,11606024,Mountain View,[blank],,Unidata missing; GPKG empty
pair,yearbuilt,11607011,Mountain View,[blank],,Unidata missing; GPKG empty
pair,yearbuilt,11608098,Mountain View,[blank],,Unidata missing; GPKG empty
pair,yearbuilt,11608103,Mountain View,[blank],,Unidata missing; GPKG empty
pair,yearbuilt,11608106,Mountain View,[blank],,Unidata missing; GPKG empty
pair,yearbuilt,11609094,Mountain View,[blank],,Unidata missing; GPKG empty
pair,yearbuilt,11609108,Mountain View,[blank],,Unidata missing; GPKG empty
pair,yearbuilt,11609110,Mountain View,[blank],,Unidata missing; GPKG empty
pair,yearbuilt,11610078,Mountain View,[blank],,Unidata missing; GPKG empty
pair,yearbuilt,11610110,Mountain View,[blank],,Unidata missing; GPKG empty
pair,yearbuilt,11610112,Mountain View,[blank],,Unidata missing; GPKG empty
pair,yearbuilt,11611007,Mountain View,[blank],,Unidata missing; GPKG empty
pair,yearbuilt,11611008,Mountain View,[blank],,Unidata missing; GPKG empty
pair,yearbuilt,11611027,Mountain View,[blank],,Unidata missing; GPKG empty
pair,yearbuilt,11611031,Mountain View,[blank],,Unidata missing; GPKG empty
pair,yearbuilt,11611032,Mountain View,[blank],,Unidata missing; GPKG empty
pair,yearbuilt,11612010,Mountain View,[blank],,Unidata missing; GPKG empty
pair,yearbuilt,11612011,Mountain View,[blank],,Unidata missing; GPKG empty
pair,yearbuilt,11613037,Mountain View,[blank],,Unidata missing; GPKG empty
pair,yearbuilt,11613038,Mountain View,[blank],,Unidata missing; GPKG empty
pair,yearbuilt,11614077,Mountain View,[blank],,Unidata missing; GPKG empty
pair,yearbuilt,11614096,Mountain View,[blank],,Unidata missing; GPKG empty
pair,yearbuilt,11614142,Mountain View,[blank],,Unidata missing; GPKG empty
pair,yearbuilt,11614143,Mountain View,[blank],,Unidata missing; GPKG empty
pair,yearbuilt,11614144,Mountain View,[blank],,Unidata missing; GPKG empty
pair,yearbuilt,11615006,Mountain View,[blank],,Unidata missing; GPKG empty
pair,address,11615014,Mountain View,[blank],,Unidata missing; GPKG empty
pair,yearbuilt,11615014,Mountain View,[blank],,Unidata missing; GPKG empty
pair,yearbuilt,11615016,Mountain View,[blank],,Unidata missing; GPKG empty
pair,yearbuilt,11616035,Mountain View,[blank],,Unidata missing; GPKG empty
pair,yearbuilt,11616053,Mountain View,[blank],,Unidata missing; GPKG empty
pair,yearbuilt,11616062,Mountain View,[blank],,Unidata missing; GPKG empty
pair,yearbuilt,11616068,Mountain View,[blank],,Unidata missing; GPKG empty
pair,yearbuilt,11616073,Mountain View,[blank],,Unidata missing; GPKG empty
pair,yearbuilt,11617005,Mountain View,[blank],,Unidata missing; GPKG empty
pair,yearbuilt,11617006,Mountain View,[blank],,Unidata missing; GPKG empty
pair,yearbuilt,11618002,Mountain View,[blank],,Unidata missing; GPKG empty
pair,address,11618004,Mountain View,[blank],,Unidata missing; GPKG empty
pair,yearbuilt,11618004,Mountain View,[blank],,Unidata missing; GPKG empty
pair,address,11618006,Mountain View,[blank],,Unidata missing; GPKG empty
pair,yearbuilt,11618006,Mountain View,[blank],,Unidata missing; GPKG empty
pair,yearbuilt,11618010,Mountain View,[blank],,Unidata missing; GPKG empty
pair,address,11618011,Mountain View,[blank],,Unidata missing; GPKG empty
pair,yearbuilt,11618011,Mountain View,[blank],,Unidata missing; GPKG empty
pair,yearbuilt,11618012,Mountain View,[blank],,Unidata missing; GPKG empty
pair,address,11618013,Mountain View,[blank],,Unidata missing; GPKG empty
pair,yearbuilt,11618013,Mountain View,[blank],,Unidata missing; GPKG empty
pair,address,11618014,Mountain View,[blank],,Unidata missing; GPKG empty
pair,yearbuilt,11618014,Mountain View,[blank],,Unidata missing; GPKG empty
pair,yearbuilt,11619002,Mountain View,[blank],,Unidata missing; GPKG empty
pair,yearbuilt,11620042,Mountain View,[blank],,Unidata missing; GPKG empty
pair,yearbuilt,11620043,Mountain View,[blank],,Unidata missing; GPKG empty
pair,yearbuilt,11621048,Mountain View,[blank],,Unidata missing; GPKG empty
pair,yearbuilt,11621053,Mountain View,[blank],,Unidata missing; GPKG empty
pair,yearbuilt,11621054,Mountain View,[blank],,Unidata missing; GPKG empty
pair,yearbuilt,11621055,Mountain View,[blank],,Unidata missing; GPKG empty
pair,yearbuilt,11622027,Mountain View,[blank],,Unidata missing; GPKG empty
pair,yearbuilt,12001001,Palo Alto,[blank],,Unidata missing; GPKG empty
pair,yearbuilt,12001051,Palo Alto,[blank],,Unidata missing; GPKG empty
pair,yearbuilt,12003056,Palo Alto,[blank],,Unidata missing; GPKG empty
pair,yearbuilt,12003070,Palo Alto,[blank],,Unidata missing; GPKG empty
pair,yearbuilt,12003072,Palo Alto,[blank],,Unidata missing; GPKG empty
pair,yearbuilt,12003084,Palo Alto,[blank],,Unidata missing; GPKG empty
pair,yearbuilt,12005004,Palo Alto,[blank],,Unidata missing; GPKG empty
pair,yearbuilt,12005076,Palo Alto,[blank],,Unidata missing; GPKG empty
pair,yearbuilt,12006010,Palo Alto,[blank],,Unidata missing; GPKG empty
pair,yearbuilt,12006076,Palo Alto,[blank],,Unidata missing; GPKG empty
pair,yearbuilt,12006077,Palo Alto,[blank],,Unidata missing; GPKG empty
pair,yearbuilt,12009058,Palo Alto,[blank],,Unidata missing; GPKG empty
pair,yearbuilt,12012063,Palo Alto,[blank],,Unidata missing; GPKG empty
pair,yearbuilt,12012064,Palo Alto,[blank],,Unidata missing; GPKG empty
pair,yearbuilt,12012065,Palo Alto,[blank],,Unidata missing; GPKG empty
pair,yearbuilt,12014016,Palo Alto,[blank],,Unidata missing; GPKG empty
pair,yearbuilt,12014047,Palo Alto,[blank],,Unidata missing; GPKG empty
pair,yearbuilt,12014048,Palo Alto,[blank],,Unidata missing; GPKG empty
pair,yearbuilt,12014088,Palo Alto,[blank],,Unidata missing; GPKG empty
pair,yearbuilt,12014095,Palo Alto,[blank],,Unidata missing; GPKG empty
pair,yearbuilt,12015053,Palo Alto,[blank],,Unidata missing; GPKG empty
pair,yearbuilt,12015054,Palo Alto,[blank],,Unidata missing; GPKG empty
pair,yearbuilt,12015073,Palo Alto,[blank],,Unidata missing; GPKG empty
pair,yearbuilt,12015078,Palo Alto,[blank],,Unidata missing; GPKG empty
pair,yearbuilt,12015079,Palo Alto,[blank],,Unidata missing; GPKG empty
pair,yearbuilt,12015086,Palo Alto,[blank],,Unidata missing; GPKG empty
pair,yearbuilt,12015098,Palo Alto,[blank],,Unidata missing; GPKG empty
pair,yearbuilt,12015100,Palo Alto,[blank],,Unidata missing; GPKG empty
pair,yearbuilt,12015102,Palo Alto,[blank],,Unidata missing; GPKG empty
pair,yearbuilt,12015107,Palo Alto,[blank],,Unidata missing; GPKG empty
pair,yearbuilt,12015110,Palo Alto,[blank],,Unidata missing; GPKG empty
pair,yearbuilt,12016002,Palo Alto,[blank],,Unidata missing; GPKG empty
pair,yearbuilt,12016029,Palo Alto,[blank],,Unidata missing; GPKG empty
pair,yearbuilt,12016036,Palo Alto,[blank],,Unidata missing; GPKG empty
pair,yearbuilt,12016070,Palo Alto,[blank],,Unidata missing; GPKG empty
pair,yearbuilt,12016095,Palo Alto,[blank],,Unidata missing; GPKG empty
pair,yearbuilt,12016099,Palo Alto,[blank],,Unidata missing; GPKG empty
pair,yearbuilt,12017035,Palo Alto,[blank],,Unidata missing; GPKG empty
pair,yearbuilt,12017088,Palo Alto,[blank],,Unidata missing; GPKG empty
pair,yearbuilt,12018011,Palo Alto,[blank],,Unidata missing; GPKG empty
pair,yearbuilt,12018048,Palo Alto,[blank],,Unidata missing; GPKG empty
pair,yearbuilt,12019015,Palo Alto,[blank],,Unidata missing; GPKG empty
pair,yearbuilt,12020027,Palo Alto,[blank],,Unidata missing; GPKG empty
pair,yearbuilt,12025034,Palo Alto,[blank],,Unidata missing; GPKG empty
pair,yearbuilt,12025060,Palo Alto,[blank],,Unidata missing; GPKG empty
pair,yearbuilt,12025061,Palo Alto,[blank],,Unidata missing; GPKG empty
pair,yearbuilt,12026005,Palo Alto,[blank],,Unidata missing; GPKG empty
pair,yearbuilt,12026027,Palo Alto,[blank],,Unidata missing; GPKG empty
pair,yearbuilt,12026076,Palo Alto,[blank],,Unidata missing; GPKG empty
pair,yearbuilt,12026087,Palo Alto,[blank],,Unidata missing; GPKG empty
pair,yearbuilt,12026088,Palo Alto,[blank],,Unidata missing; GPKG empty
pair,yearbuilt,12026099,Palo Alto,[blank],,Unidata missing; GPKG empty
pair,yearbuilt,12026104,Palo Alto,[blank],,Unidata missing; GPKG empty
pair,yearbuilt,12027011,Palo Alto,[blank],,Unidata missing; GPKG empty
pair,yearbuilt,12027021,Palo Alto,[blank],,Unidata missing; GPKG empty
pair,yearbuilt,12027053,Palo Alto,[blank],,Unidata missing; GPKG empty
pair,yearbuilt,12027063,Palo Alto,[blank],,Unidata missing; GPKG empty
pair,yearbuilt,12028084,Palo Alto,[blank],,Unidata missing; GPKG empty
pair,yearbuilt,12028091,Palo Alto,[blank],,Unidata missing; GPKG empty
pair,yearbuilt,12031001,Palo Alto,[blank],,Unidata missing; GPKG empty
pair,yearbuilt,12031003,Palo Alto,[blank],,Unidata missing; GPKG empty
pair,yearbuilt,12031008,Palo Alto,[blank],,Unidata missing; GPKG empty
pair,yearbuilt,12031009,Palo Alto,[blank],,Unidata missing; GPKG empty
pair,yearbuilt,12031010,Palo Alto,[blank],,Unidata missing; GPKG empty
pair,address,12031014,Palo Alto,[blank],,Unidata missing; GPKG empty
pair,yearbuilt,12031014,Palo Alto,[blank],,Unidata missing; GPKG empty
pair,address,12031015,Palo Alto,[blank],,Unidata missing; GPKG empty
pair,yearbuilt,12031015,Palo Alto,[blank],,Unidata missing; GPKG empty
pair,address,12031016,Palo Alto,[blank],,Unidata missing; GPKG empty
pair,yearbuilt,12031016,Palo Alto,[blank],,Unidata missing; GPKG empty
pair,address,12031017,Palo Alto,[blank],,Unidata missing; GPKG empty
pair,yearbuilt,12031017,Palo Alto,[blank],,Unidata missing; GPKG empty
pair,yearbuilt,12031018,Palo Alto,[blank],,Unidata missing; GPKG empty
pair,address,12031019,Palo Alto,[blank],,Unidata missing; GPKG empty
pair,yearbuilt,12031019,Palo Alto,[blank],,Unidata missing; GPKG empty
pair,address,12031020,Palo Alto,[blank],,Unidata missing; GPKG empty
pair,yearbuilt,12031020,Palo Alto,[blank],,Unidata missing; GPKG empty
pair,yearbuilt,12031021,Palo Alto,[blank],,Unidata missing; GPKG empty
pair,address,12032015,Palo Alto,[blank],,Unidata missing; GPKG empty
pair,yearbuilt,12032015,Palo Alto,[blank],,Unidata missing; GPKG empty
pair,address,12032023,Palo Alto,[blank],,Unidata missing; GPKG empty
pair,yearbuilt,12032023,Palo Alto,[blank],,Unidata missing; GPKG empty
pair,address,12032024,Palo Alto,[blank],,Unidata missing; GPKG empty
pair,yearbuilt,12032024,Palo Alto,[blank],,Unidata missing; GPKG empty
pair,address,12032025,Palo Alto,[blank],,Unidata missing; GPKG empty
pair,yearbuilt,12032025,Palo Alto,[blank],,Unidata missing; GPKG empty
pair,address,12032027,Palo Alto,[blank],,Unidata missing; GPKG empty
pair,yearbuilt,12032027,Palo Alto,[blank],,Unidata missing; GPKG empty
pair,address,12032028,Palo Alto,[blank],,Unidata missing; GPKG empty
pair,yearbuilt,12032028,Palo Alto,[blank],,Unidata missing; GPKG empty
pair,address,12032029,Palo Alto,[blank],,Unidata missing; GPKG empty
pair,yearbuilt,12032029,Palo Alto,[blank],,Unidata missing; GPKG empty
pair,address,12032030,Palo Alto,[blank],,Unidata missing; GPKG empty
pair,yearbuilt,12032030,Palo Alto,[blank],,Unidata missing; GPKG empty
pair,yearbuilt,12032031,Menlo Park,[blank],,Unidata missing; GPKG empty
pair,yearbuilt,12032032,Palo Alto,[blank],,Unidata missing; GPKG empty
pair,yearbuilt,12033036,Palo Alto,[blank],,Unidata missing; GPKG empty
pair,yearbuilt,12033041,Palo Alto,[blank],,Unidata missing; GPKG empty
pair,yearbuilt,12033042,Palo Alto,[blank],,Unidata missing; GPKG empty
pair,yearbuilt,12033043,Palo Alto,[blank],,Unidata missing; GPKG empty
pair,yearbuilt,12033046,Palo Alto,[blank],,Unidata missing; GPKG empty
pair,yearbuilt,12034002,Palo Alto,[blank],,Unidata missing; GPKG empty
pair,yearbuilt,12034003,Palo Alto,[blank],,Unidata missing; GPKG empty
pair,yearbuilt,12034004,Palo Alto,[blank],,Unidata missing; GPKG empty
pair,yearbuilt,12034005,Palo Alto,[blank],,Unidata missing; GPKG empty
pair,yearbuilt,12034006,Palo Alto,[blank],,Unidata missing; GPKG empty
pair,yearbuilt,12034007,Palo Alto,[blank],,Unidata missing; GPKG empty
pair,yearbuilt,12034008,Palo Alto,[blank],,Unidata missing; GPKG empty
pair,yearbuilt,12034009,Palo Alto,[blank],,Unidata missing; GPKG empty
pair,yearbuilt,12034010,Palo Alto,[blank],,Unidata missing; GPKG empty
pair,yearbuilt,12034014,Palo Alto,[blank],,Unidata missing; GPKG empty
pair,yearbuilt,12068047,Palo Alto,[blank],,Unidata missing; GPKG empty
pair,yearbuilt,12403002,Palo Alto,[blank],,Unidata missing; GPKG empty
pair,yearbuilt,12407032,Palo Alto,[blank],,Unidata missing; GPKG empty
pair,yearbuilt,12407040,Palo Alto,[blank],,Unidata missing; GPKG empty
pair,yearbuilt,12408019,Palo Alto,[blank],,Unidata missing; GPKG empty
pair,yearbuilt,12409026,Palo Alto,[blank],,Unidata missing; GPKG empty
pair,yearbuilt,12410018,Palo Alto,[blank],,Unidata missing; GPKG empty
pair,yearbuilt,12410059,Palo Alto,[blank],,Unidata missing; GPKG empty
pair,yearbuilt,12410064,Palo Alto,[blank],,Unidata missing; GPKG empty
pair,yearbuilt,12410065,Palo Alto,[blank],,Unidata missing; GPKG empty
pair,yearbuilt,12412029,Palo Alto,[blank],,Unidata missing; GPKG empty
pair,yearbuilt,12412034,Palo Alto,[blank],,Unidata missing; GPKG empty
pair,yearbuilt,12414081,Palo Alto,[blank],,Unidata missing; GPKG empty
pair,yearbuilt,12414084,Palo Alto,[blank],,Unidata missing; GPKG empty
pair,yearbuilt,12415044,Palo Alto,[blank],,Unidata missing; GPKG empty
pair,yearbuilt,12416023,Palo Alto,[blank],,Unidata missing; GPKG empty
pair,yearbuilt,12416066,Palo Alto,[blank],,Unidata missing; GPKG empty
pair,yearbuilt,12416106,Palo Alto,[blank],,Unidata missing; GPKG empty
pair,yearbuilt,12417053,Palo Alto,[blank],,Unidata missing; GPKG empty
pair,yearbuilt,12417081,Palo Alto,[blank],,Unidata missing; GPKG empty
pair,yearbuilt,12420040,Palo Alto,[blank],,Unidata missing; GPKG empty
pair,yearbuilt,12421001,Palo Alto,[blank],,Unidata missing; GPKG empty
pair,address,12421002,Palo Alto,[blank],,Unidata missing; GPKG empty
pair,yearbuilt,12421002,Palo Alto,[blank],,Unidata missing; GPKG empty
pair,yearbuilt,12422044,Palo Alto,[blank],,Unidata missing; GPKG empty
pair,address,12422045,Palo Alto,[blank],,Unidata missing; GPKG empty
pair,yearbuilt,12422045,Palo Alto,[blank],,Unidata missing; GPKG empty
pair,address,12422046,Palo Alto,[blank],,Unidata missing; GPKG empty
pair,yearbuilt,12422046,Palo Alto,[blank],,Unidata missing; GPKG empty
pair,yearbuilt,12426025,Palo Alto,[blank],,Unidata missing; GPKG empty
pair,yearbuilt,12428008,Palo Alto,[blank],,Unidata missing; GPKG empty
pair,yearbuilt,12428049,Palo Alto,[blank],,Unidata missing; GPKG empty
pair,yearbuilt,12428051,Palo Alto,[blank],,Unidata missing; GPKG empty
pair,address,12428054,Palo Alto,[blank],,Unidata missing; GPKG empty
pair,yearbuilt,12428054,Palo Alto,[blank],,Unidata missing; GPKG empty
pair,address,12428055,Palo Alto,[blank],,Unidata missing; GPKG empty
pair,yearbuilt,12428055,Palo Alto,[blank],,Unidata missing; GPKG empty
pair,yearbuilt,12429008,Palo Alto,[blank],,Unidata missing; GPKG empty
pair,yearbuilt,12429017,Palo Alto,[blank],,Unidata missing; GPKG empty
pair,yearbuilt,12429023,Palo Alto,[blank],,Unidata missing; GPKG empty
pair,yearbuilt,12429025,Palo Alto,[blank],,Unidata missing; GPKG empty
pair,address,12429026,Palo Alto,[blank],,Unidata missing; GPKG empty
pair,yearbuilt,12429026,Palo Alto,[blank],,Unidata missing; GPKG empty
pair,address,12429027,Palo Alto,[blank],,Unidata missing; GPKG empty
pair,yearbuilt,12429027,Palo Alto,[blank],,Unidata missing; GPKG empty
pair,yearbuilt,12430066,Palo Alto,[blank],,Unidata missing; GPKG empty
pair,yearbuilt,12430067,Palo Alto,[blank],,Unidata missing; GPKG empty
pair,yearbuilt,12431071,Palo Alto,[blank],,Unidata missing; GPKG empty
pair,yearbuilt,12431081,Palo Alto,[blank],,Unidata missing; GPKG empty
pair,yearbuilt,12431082,Palo Alto,[blank],,Unidata missing; GPKG empty
pair,yearbuilt,12431084,Palo Alto,[blank],,Unidata missing; GPKG empty
pair,yearbuilt,12432004,Palo Alto,[blank],,Unidata missing; GPKG empty
pair,yearbuilt,12432013,Palo Alto,[blank],,Unidata missing; GPKG empty
pair,yearbuilt,12432020,Palo Alto,[blank],,Unidata missing; GPKG empty
pair,yearbuilt,12432033,Palo Alto,[blank],,Unidata missing; GPKG empty
pair,yearbuilt,12432050,Palo Alto,[blank],,Unidata missing; GPKG empty
pair,yearbuilt,12432053,Palo Alto,[blank],,Unidata missing; GPKG empty
pair,yearbuilt,12432055,Palo Alto,[blank],,Unidata missing; GPKG empty
pair,yearbuilt,12432069,Palo Alto,[blank],,Unidata missing; GPKG empty
pair,yearbuilt,12433007,Palo Alto,[blank],,Unidata missing; GPKG empty
pair,yearbuilt,12433023,Palo Alto,[blank],,Unidata missing; GPKG empty
pair,yearbuilt,12433024,Palo Alto,[blank],,Unidata missing; GPKG empty
pair,yearbuilt,12433059,Palo Alto,[blank],,Unidata missing; GPKG empty
pair,yearbuilt,12433062,Palo Alto,[blank],,Unidata missing; GPKG empty
pair,yearbuilt,12433064,Palo Alto,[blank],,Unidata missing; GPKG empty
pair,yearbuilt,12701105,Palo Alto,[blank],,Unidata missing; GPKG empty
pair,yearbuilt,12701157,Palo Alto,[blank],,Unidata missing; GPKG empty
pair,address,12702097,Palo Alto,[blank],,Unidata missing; GPKG empty
pair,yearbuilt,12702097,Palo Alto,[blank],,Unidata missing; GPKG empty
pair,address,12702128,Palo Alto,[blank],,Unidata missing; GPKG empty
pair,yearbuilt,12702128,Palo Alto,[blank],,Unidata missing; GPKG empty
pair,address,12703104,Palo Alto,[blank],,Unidata missing; GPKG empty
pair,yearbuilt,12703104,Palo Alto,[blank],,Unidata missing; GPKG empty
pair,address,12703133,Palo Alto,[blank],,Unidata missing; GPKG empty
pair,yearbuilt,12703133,Palo Alto,[blank],,Unidata missing; GPKG empty
pair,address,12703198,Palo Alto,[blank],,Unidata missing; GPKG empty
pair,yearbuilt,12703198,Palo Alto,[blank],,Unidata missing; GPKG empty
pair,yearbuilt,12703203,Palo Alto,[blank],,Unidata missing; GPKG empty
pair,yearbuilt,12706053,Palo Alto,[blank],,Unidata missing; GPKG empty
pair,yearbuilt,12706063,Palo Alto,[blank],,Unidata missing; GPKG empty
pair,yearbuilt,12706074,Palo Alto,[blank],,Unidata missing; GPKG empty
pair,yearbuilt,12707079,Palo Alto,[blank],,Unidata missing; GPKG empty
pair,yearbuilt,12708098,Palo Alto,[blank],,Unidata missing; GPKG empty
pair,yearbuilt,12708099,Palo Alto,[blank],,Unidata missing; GPKG empty
pair,yearbuilt,12710035,Palo Alto,[blank],,Unidata missing; GPKG empty
pair,yearbuilt,12710060,Palo Alto,[blank],,Unidata missing; GPKG empty
pair,yearbuilt,12710100,Palo Alto,[blank],,Unidata missing; GPKG empty
pair,yearbuilt,12710106,Palo Alto,[blank],,Unidata missing; GPKG empty
pair,yearbuilt,12710107,Palo Alto,[blank],,Unidata missing; GPKG empty
pair,yearbuilt,12711065,Palo Alto,[blank],,Unidata missing; GPKG empty
pair,yearbuilt,12712083,Palo Alto,[blank],,Unidata missing; GPKG empty
pair,yearbuilt,12713132,Palo Alto,[blank],,Unidata missing; GPKG empty
pair,yearbuilt,12719229,Palo Alto,[blank],,Unidata missing; GPKG empty
pair,yearbuilt,12719238,Palo Alto,[blank],,Unidata missing; GPKG empty
pair,yearbuilt,12720255,Palo Alto,[blank],,Unidata missing; GPKG empty
pair,yearbuilt,12720261,Palo Alto,[blank],,Unidata missing; GPKG empty
pair,yearbuilt,12723053,Palo Alto,[blank],,Unidata missing; GPKG empty
pair,yearbuilt,12724046,Palo Alto,[blank],,Unidata missing; GPKG empty
pair,yearbuilt,12724048,Palo Alto,[blank],,Unidata missing; GPKG empty
pair,yearbuilt,12725042,Palo Alto,[blank],,Unidata missing; GPKG empty
pair,yearbuilt,12726160,Palo Alto,[blank],,Unidata missing; GPKG empty
pair,yearbuilt,12726208,Palo Alto,[blank],,Unidata missing; GPKG empty
pair,yearbuilt,12728092,Palo Alto,[blank],,Unidata missing; GPKG empty
pair,address,12730044,Palo Alto,[blank],,Unidata missing; GPKG empty
pair,yearbuilt,12730044,Palo Alto,[blank],,Unidata missing; GPKG empty
pair,address,12730075,Palo Alto,[blank],,Unidata missing; GPKG empty
pair,yearbuilt,12730075,Palo Alto,[blank],,Unidata missing; GPKG empty
pair,address,12731013,Palo Alto,[blank],,Unidata missing; GPKG empty
pair,yearbuilt,12731013,Palo Alto,[blank],,Unidata missing; GPKG empty
pair,address,12731031,Palo Alto,[blank],,Unidata missing; GPKG empty
pair,yearbuilt,12731031,Palo Alto,[blank],,Unidata missing; GPKG empty
pair,yearbuilt,12731070,Palo Alto,[blank],,Unidata missing; GPKG empty
pair,yearbuilt,12733063,Palo Alto,[blank],,Unidata missing; GPKG empty
pair,yearbuilt,12733064,Palo Alto,[blank],,Unidata missing; GPKG empty
pair,yearbuilt,12734035,Palo Alto,[blank],,Unidata missing; GPKG empty
pair,yearbuilt,12734056,Palo Alto,[blank],,Unidata missing; GPKG empty
pair,yearbuilt,12734071,Palo Alto,[blank],,Unidata missing; GPKG empty
pair,yearbuilt,12735152,Palo Alto,[blank],,Unidata missing; GPKG empty
pair,yearbuilt,12735169,Palo Alto,[blank],,Unidata missing; GPKG empty
pair,yearbuilt,12736032,Palo Alto,[blank],,Unidata missing; GPKG empty
pair,yearbuilt,12736039,Palo Alto,[blank],,Unidata missing; GPKG empty
pair,yearbuilt,12737002,Palo Alto,[blank],,Unidata missing; GPKG empty
pair,yearbuilt,12737003,Palo Alto,[blank],,Unidata missing; GPKG empty
pair,yearbuilt,12737005,Palo Alto,[blank],,Unidata missing; GPKG empty
pair,yearbuilt,12737007,Palo Alto,[blank],,Unidata missing; GPKG empty
pair,yearbuilt,12737022,Palo Alto,[blank],,Unidata missing; GPKG empty
pair,yearbuilt,12738029,Palo Alto,[blank],,Unidata missing; GPKG empty
pair,yearbuilt,12740003,Palo Alto,[blank],,Unidata missing; GPKG empty
pair,yearbuilt,12745054,Palo Alto,[blank],,Unidata missing; GPKG empty
pair,yearbuilt,12746001,Palo Alto,[blank],,Unidata missing; GPKG empty
pair,yearbuilt,12746050,Palo Alto,[blank],,Unidata missing; GPKG empty
pair,yearbuilt,12747042,Palo Alto,[blank],,Unidata missing; GPKG empty
pair,yearbuilt,12747044,Palo Alto,[blank],,Unidata missing; GPKG empty
pair,yearbuilt,12747045,Palo Alto,[blank],,Unidata missing; GPKG empty
pair,yearbuilt,12747073,Palo Alto,[blank],,Unidata missing; GPKG empty
pair,yearbuilt,12748001,Palo Alto,[blank],,Unidata missing; GPKG empty
pair,yearbuilt,12748002,Palo Alto,[blank],,Unidata missing; GPKG empty
pair,yearbuilt,12748035,Palo Alto,[blank],,Unidata missing; GPKG empty
pair,yearbuilt,12750040,Palo Alto,[blank],,Unidata missing; GPKG empty
pair,yearbuilt,12751025,Palo Alto,[blank],,Unidata missing; GPKG empty
pair,yearbuilt,12753019,Palo Alto,[blank],,Unidata missing; GPKG empty
pair,yearbuilt,12754053,Palo Alto,[blank],,Unidata missing; GPKG empty
pair,yearbuilt,12754054,Palo Alto,[blank],,Unidata missing; GPKG empty
pair,yearbuilt,12756006,Palo Alto,[blank],,Unidata missing; GPKG empty
pair,yearbuilt,12756007,Palo Alto,[blank],,Unidata missing; GPKG empty
pair,yearbuilt,12757078,Palo Alto,[blank],,Unidata missing; GPKG empty
pair,yearbuilt,12769003,Palo Alto,[blank],,Unidata missing; GPKG empty
pair,yearbuilt,12769004,Palo Alto,[blank],,Unidata missing; GPKG empty
pair,yearbuilt,12769005,Palo Alto,[blank],,Unidata missing; GPKG empty
pair,yearbuilt,12769006,Palo Alto,[blank],,Unidata missing; GPKG empty
pair,yearbuilt,12772001,Palo Alto,[blank],,Unidata missing; GPKG empty
pair,yearbuilt,12772002,Palo Alto,[blank],,Unidata missing; GPKG empty
pair,yearbuilt,12772003,Palo Alto,[blank],,Unidata missing; GPKG empty
pair,yearbuilt,12772004,Palo Alto,[blank],,Unidata missing; GPKG empty
pair,yearbuilt,12772005,Palo Alto,[blank],,Unidata missing; GPKG empty
pair,yearbuilt,12772006,Palo Alto,[blank],,Unidata missing; GPKG empty
pair,yearbuilt,12772007,Palo Alto,[blank],,Unidata missing; GPKG empty
pair,yearbuilt,12772008,Palo Alto,[blank],,Unidata missing; GPKG empty
pair,yearbuilt,12772009,Palo Alto,[blank],,Unidata missing; GPKG empty
pair,yearbuilt,12772010,Palo Alto,[blank],,Unidata missing; GPKG empty
pair,yearbuilt,12772011,Palo Alto,[blank],,Unidata missing; GPKG empty
pair,yearbuilt,12772012,Palo Alto,[blank],,Unidata missing; GPKG empty
pair,yearbuilt,12772013,Palo Alto,[blank],,Unidata missing; GPKG empty
pair,yearbuilt,12772014,Palo Alto,[blank],,Unidata missing; GPKG empty
pair,yearbuilt,12772015,Palo Alto,[blank],,Unidata missing; GPKG empty
pair,yearbuilt,12772016,Palo Alto,[blank],,Unidata missing; GPKG empty
pair,yearbuilt,12772017,Palo Alto,[blank],,Unidata missing; GPKG empty
pair,yearbuilt,12772018,Palo Alto,[blank],,Unidata missing; GPKG empty
pair,yearbuilt,12772019,Palo Alto,[blank],,Unidata missing; GPKG empty
pair,yearbuilt,12772020,Palo Alto,[blank],,Unidata missing; GPKG empty
pair,yearbuilt,12772021,Palo Alto,[blank],,Unidata missing; GPKG empty
pair,yearbuilt,12772022,Palo Alto,[blank],,Unidata missing; GPKG empty
pair,yearbuilt,12772023,Palo Alto,[blank],,Unidata missing; GPKG empty
pair,yearbuilt,12772024,Palo Alto,[blank],,Unidata missing; GPKG empty
pair,yearbuilt,12772025,Palo Alto,[blank],,Unidata missing; GPKG empty
pair,yearbuilt,12772026,Palo Alto,[blank],,Unidata missing; GPKG empty
pair,yearbuilt,12772027,Palo Alto,[blank],,Unidata missing; GPKG empty
pair,yearbuilt,12772028,Palo Alto,[blank],,Unidata missing; GPKG empty
pair,yearbuilt,12772029,Palo Alto,[blank],,Unidata missing; GPKG empty
pair,yearbuilt,12772030,Palo Alto,[blank],,Unidata missing; GPKG empty
pair,yearbuilt,12772031,Palo Alto,[blank],,Unidata missing; GPKG empty
pair,yearbuilt,12772032,Palo Alto,[blank],,Unidata missing; GPKG empty
pair,yearbuilt,12772033,Palo Alto,[blank],,Unidata missing; GPKG empty
pair,yearbuilt,12772034,Palo Alto,[blank],,Unidata missing; GPKG empty
pair,yearbuilt,12772035,Palo Alto,[blank],,Unidata missing; GPKG empty
pair,yearbuilt,12772036,Palo Alto,[blank],,Unidata missing; GPKG empty
pair,yearbuilt,12772037,Palo Alto,[blank],,Unidata missing; GPKG empty
pair,yearbuilt,12772038,Palo Alto,[blank],,Unidata missing; GPKG empty
pair,yearbuilt,12772039,Palo Alto,[blank],,Unidata missing; GPKG empty
pair,yearbuilt,12772040,Palo Alto,[blank],,Unidata missing; GPKG empty
pair,yearbuilt,12772041,Palo Alto,[blank],,Unidata missing; GPKG empty
pair,yearbuilt,12772042,Palo Alto,[blank],,Unidata missing; GPKG empty
pair,yearbuilt,12772043,Palo Alto,[blank],,Unidata missing; GPKG empty
pair,yearbuilt,12772044,Palo Alto,[blank],,Unidata missing; GPKG empty
pair,yearbuilt,12772045,Palo Alto,[blank],,Unidata missing; GPKG empty
pair,yearbuilt,12772046,Palo Alto,[blank],,Unidata missing; GPKG empty
pair,yearbuilt,12772047,Palo Alto,[blank],,Unidata missing; GPKG empty
pair,yearbuilt,12772048,Palo Alto,[blank],,Unidata missing; GPKG empty
pair,yearbuilt,13201078,Palo Alto,[blank],,Unidata missing; GPKG empty
pair,yearbuilt,13201083,Palo Alto,[blank],,Unidata missing; GPKG empty
pair,address,13201085,Palo Alto,[blank],,Unidata missing; GPKG empty
pair,yearbuilt,13201085,Palo Alto,[blank],,Unidata missing; GPKG empty
pair,yearbuilt,13202013,Palo Alto,[blank],,Unidata missing; GPKG empty
pair,yearbuilt,13203162,Palo Alto,[blank],,Unidata missing; GPKG empty
pair,yearbuilt,13203193,Palo Alto,[blank],,Unidata missing; GPKG empty
pair,yearbuilt,13203194,Palo Alto,[blank],,Unidata missing; GPKG empty
pair,yearbuilt,13204091,Palo Alto,[blank],,Unidata missing; GPKG empty
pair,yearbuilt,13204106,Palo Alto,[blank],,Unidata missing; GPKG empty
pair,yearbuilt,13206001,Palo Alto,[blank],,Unidata missing; GPKG empty
pair,yearbuilt,13206003,Palo Alto,[blank],,Unidata missing; GPKG empty
pair,yearbuilt,13206012,Palo Alto,[blank],,Unidata missing; GPKG empty
pair,yearbuilt,13206029,Palo Alto,[blank],,Unidata missing; GPKG empty
pair,yearbuilt,13206033,Palo Alto,[blank],,Unidata missing; GPKG empty
pair,yearbuilt,13206038,Palo Alto,[blank],,Unidata missing; GPKG empty
pair,yearbuilt,13206039,Palo Alto,[blank],,Unidata missing; GPKG empty
pair,yearbuilt,13206040,Palo Alto,[blank],,Unidata missing; GPKG empty
pair,yearbuilt,13207001,Palo Alto,[blank],,Unidata missing; GPKG empty
pair,yearbuilt,13207061,Palo Alto,[blank],,Unidata missing; GPKG empty
pair,yearbuilt,13209047,Palo Alto,[blank],,Unidata missing; GPKG empty
pair,yearbuilt,13210192,Palo Alto,[blank],,Unidata missing; GPKG empty
pair,yearbuilt,13212001,Palo Alto,[blank],,Unidata missing; GPKG empty
pair,yearbuilt,13213053,Palo Alto,[blank],,Unidata missing; GPKG empty
pair,yearbuilt,13214025,Palo Alto,[blank],,Unidata missing; GPKG empty
pair,yearbuilt,13214061,Palo Alto,[blank],,Unidata missing; GPKG empty
pair,yearbuilt,13214062,Palo Alto,[blank],,Unidata missing; GPKG empty
pair,yearbuilt,13216020,Palo Alto,[blank],,Unidata missing; GPKG empty
pair,yearbuilt,13216037,Palo Alto,[blank],,Unidata missing; GPKG empty
pair,yearbuilt,13217039,Palo Alto,[blank],,Unidata missing; GPKG empty
pair,address,13217048,Palo Alto,[blank],,Unidata missing; GPKG empty
pair,yearbuilt,13217048,Palo Alto,[blank],,Unidata missing; GPKG empty
pair,yearbuilt,13217071,Palo Alto,[blank],,Unidata missing; GPKG empty
pair,address,13217072,Palo Alto,[blank],,Unidata missing; GPKG empty
pair,yearbuilt,13217072,Palo Alto,[blank],,Unidata missing; GPKG empty
pair,address,13217082,Palo Alto,[blank],,Unidata missing; GPKG empty
pair,yearbuilt,13217082,Palo Alto,[blank],,Unidata missing; GPKG empty
pair,yearbuilt,13217084,Palo Alto,[blank],,Unidata missing; GPKG empty
pair,yearbuilt,13219067,Palo Alto,[blank],,Unidata missing; GPKG empty
pair,yearbuilt,13219068,Palo Alto,[blank],,Unidata missing; GPKG empty
pair,yearbuilt,13220161,Palo Alto,[blank],,Unidata missing; GPKG empty
pair,yearbuilt,13222009,Palo Alto,[blank],,Unidata missing; GPKG empty
pair,yearbuilt,13222072,Palo Alto,[blank],,Unidata missing; GPKG empty
pair,yearbuilt,13225057,Palo Alto,[blank],,Unidata missing; GPKG empty
pair,yearbuilt,13226052,Palo Alto,[blank],,Unidata missing; GPKG empty
pair,yearbuilt,13226068,Palo Alto,[blank],,Unidata missing; GPKG empty
pair,yearbuilt,13226079,Palo Alto,[blank],,Unidata missing; GPKG empty
pair,yearbuilt,13227092,Palo Alto,[blank],,Unidata missing; GPKG empty
pair,yearbuilt,13228072,Palo Alto,[blank],,Unidata missing; GPKG empty
pair,yearbuilt,13228123,Palo Alto,[blank],,Unidata missing; GPKG empty
pair,yearbuilt,13230058,Palo Alto,[blank],,Unidata missing; GPKG empty
pair,yearbuilt,13231074,Palo Alto,[blank],,Unidata missing; GPKG empty
pair,yearbuilt,13231079,Palo Alto,[blank],,Unidata missing; GPKG empty
pair,address,13231080,Palo Alto,[blank],,Unidata missing; GPKG empty
pair,yearbuilt,13231080,Palo Alto,[blank],,Unidata missing; GPKG empty
pair,yearbuilt,13232037,Palo Alto,[blank],,Unidata missing; GPKG empty
pair,yearbuilt,13232042,Palo Alto,[blank],,Unidata missing; GPKG empty
pair,yearbuilt,13232043,Palo Alto,[blank],,Unidata missing; GPKG empty
pair,yearbuilt,13233037,Palo Alto,[blank],,Unidata missing; GPKG empty
pair,yearbuilt,13233060,Palo Alto,[blank],,Unidata missing; GPKG empty
pair,yearbuilt,13233061,Palo Alto,[blank],,Unidata missing; GPKG empty
pair,yearbuilt,13233062,Palo Alto,[blank],,Unidata missing; GPKG empty
pair,yearbuilt,13233063,Palo Alto,[blank],,Unidata missing; GPKG empty
pair,yearbuilt,13235033,Palo Alto,[blank],,Unidata missing; GPKG empty
pair,yearbuilt,13236024,Palo Alto,[blank],,Unidata missing; GPKG empty
pair,yearbuilt,13236025,Palo Alto,[blank],,Unidata missing; GPKG empty
pair,yearbuilt,13236092,Palo Alto,[blank],,Unidata missing; GPKG empty
pair,yearbuilt,13237067,Palo Alto,[blank],,Unidata missing; GPKG empty
pair,yearbuilt,13237074,Palo Alto,[blank],,Unidata missing; GPKG empty
pair,yearbuilt,13237075,Palo Alto,[blank],,Unidata missing; GPKG empty
pair,yearbuilt,13238041,Palo Alto,[blank],,Unidata missing; GPKG empty
pair,yearbuilt,13238055,Palo Alto,[blank],,Unidata missing; GPKG empty
pair,yearbuilt,13238074,Palo Alto,[blank],,Unidata missing; GPKG empty
pair,yearbuilt,13239065,Palo Alto,[blank],,Unidata missing; GPKG empty
pair,yearbuilt,13239075,Palo Alto,[blank],,Unidata missing; GPKG empty
pair,yearbuilt,13239082,Palo Alto,[blank],,Unidata missing; GPKG empty
pair,yearbuilt,13239084,Palo Alto,[blank],,Unidata missing; GPKG empty
pair,yearbuilt,13239089,Palo Alto,[blank],,Unidata missing; GPKG empty
pair,yearbuilt,13241090,Palo Alto,[blank],,Unidata missing; GPKG empty
pair,address,13241094,Palo Alto,[blank],,Unidata missing; GPKG empty
pair,yearbuilt,13241094,Palo Alto,[blank],,Unidata missing; GPKG empty
pair,address,13241095,Palo Alto,[blank],,Unidata missing; GPKG empty
pair,yearbuilt,13241095,Palo Alto,[blank],,Unidata missing; GPKG empty
pair,yearbuilt,13242051,Palo Alto,[blank],,Unidata missing; GPKG empty
pair,yearbuilt,13242052,Palo Alto,[blank],,Unidata missing; GPKG empty
pair,yearbuilt,13242077,Palo Alto,[blank],,Unidata missing; GPKG empty
pair,yearbuilt,13242080,Palo Alto,[blank],,Unidata missing; GPKG empty
pair,address,13242083,Palo Alto,[blank],,Unidata missing; GPKG empty
pair,yearbuilt,13242083,Palo Alto,[blank],,Unidata missing; GPKG empty
pair,address,13242084,Palo Alto,[blank],,Unidata missing; GPKG empty
pair,yearbuilt,13242084,Palo Alto,[blank],,Unidata missing; GPKG empty
pair,yearbuilt,13243096,Palo Alto,[blank],,Unidata missing; GPKG empty
pair,yearbuilt,13243120,Palo Alto,[blank],,Unidata missing; GPKG empty
pair,yearbuilt,13243123,Palo Alto,[blank],,Unidata missing; GPKG empty
pair,yearbuilt,13244014,Palo Alto,[blank],,Unidata missing; GPKG empty
pair,yearbuilt,13244099,Palo Alto,[blank],,Unidata missing; GPKG empty
pair,yearbuilt,13244104,Palo Alto,[blank],,Unidata missing; GPKG empty
pair,address,13244110,Palo Alto,[blank],,Unidata missing; GPKG empty
pair,yearbuilt,13244110,Palo Alto,[blank],,Unidata missing; GPKG empty
pair,address,13244111,Palo Alto,[blank],,Unidata missing; GPKG empty
pair,yearbuilt,13244111,Palo Alto,[blank],,Unidata missing; GPKG empty
pair,yearbuilt,13246090,Palo Alto,[blank],,Unidata missing; GPKG empty
pair,yearbuilt,13247057,Palo Alto,[blank],,Unidata missing; GPKG empty
pair,yearbuilt,13248034,Palo Alto,[blank],,Unidata missing; GPKG empty
pair,yearbuilt,13255016,Palo Alto,[blank],,Unidata missing; GPKG empty
pair,yearbuilt,13256063,Palo Alto,[blank],,Unidata missing; GPKG empty
pair,yearbuilt,13266005,Palo Alto,[blank],,Unidata missing; GPKG empty
pair,yearbuilt,13266006,Palo Alto,[blank],,Unidata missing; GPKG empty
pair,yearbuilt,13266007,Palo Alto,[blank],,Unidata missing; GPKG empty
pair,yearbuilt,13266008,Palo Alto,[blank],,Unidata missing; GPKG empty
pair,yearbuilt,13266009,Palo Alto,[blank],,Unidata missing; GPKG empty
pair,yearbuilt,13266010,Palo Alto,[blank],,Unidata missing; GPKG empty
pair,yearbuilt,13266011,Palo Alto,[blank],,Unidata missing; GPKG empty
pair,yearbuilt,13701078,Palo Alto,[blank],,Unidata missing; GPKG empty
pair,yearbuilt,13701096,Palo Alto,[blank],,Unidata missing; GPKG empty
pair,yearbuilt,13701107,Palo Alto,[blank],,Unidata missing; GPKG empty
pair,yearbuilt,13701143,Palo Alto,[blank],,Unidata missing; GPKG empty
pair,yearbuilt,13701150,Palo Alto,[blank],,Unidata missing; GPKG empty
pair,yearbuilt,13701151,Palo Alto,[blank],,Unidata missing; GPKG empty
pair,yearbuilt,13702024,Palo Alto,[blank],,Unidata missing; GPKG empty
pair,yearbuilt,13702025,Palo Alto,[blank],,Unidata missing; GPKG empty
pair,yearbuilt,13702053,Palo Alto,[blank],,Unidata missing; GPKG empty
pair,yearbuilt,13702088,Palo Alto,[blank],,Unidata missing; GPKG empty
pair,yearbuilt,13703008,Palo Alto,[blank],,Unidata missing; GPKG empty
pair,yearbuilt,13704092,Palo Alto,[blank],,Unidata missing; GPKG empty
pair,yearbuilt,13704093,Palo Alto,[blank],,Unidata missing; GPKG empty
pair,yearbuilt,13705028,Palo Alto,[blank],,Unidata missing; GPKG empty
pair,yearbuilt,13706028,Palo Alto,[blank],,Unidata missing; GPKG empty
pair,yearbuilt,13707065,Palo Alto,[blank],,Unidata missing; GPKG empty
pair,yearbuilt,13708016,Palo Alto,[blank],,Unidata missing; GPKG empty
pair,yearbuilt,13708033,Palo Alto,[blank],,Unidata missing; GPKG empty
pair,yearbuilt,13708080,Palo Alto,[blank],,Unidata missing; GPKG empty
pair,yearbuilt,13708100,Palo Alto,[blank],,Unidata missing; GPKG empty
pair,yearbuilt,13709001,Palo Alto,[blank],,Unidata missing; GPKG empty
pair,yearbuilt,13709004,Palo Alto,[blank],,Unidata missing; GPKG empty
pair,address,13710128,Palo Alto,[blank],,Unidata missing; GPKG empty
pair,yearbuilt,13710128,Palo Alto,[blank],,Unidata missing; GPKG empty
pair,yearbuilt,13711074,Palo Alto,[blank],,Unidata missing; GPKG empty
pair,yearbuilt,13711079,Palo Alto,[blank],,Unidata missing; GPKG empty
pair,yearbuilt,13713153,Palo Alto,[blank],,Unidata missing; GPKG empty
pair,yearbuilt,13715001,Palo Alto,[blank],,Unidata missing; GPKG empty
pair,yearbuilt,13715076,Palo Alto,[blank],,Unidata missing; GPKG empty
pair,yearbuilt,13716031,Palo Alto,[blank],,Unidata missing; GPKG empty
pair,yearbuilt,13717011,Palo Alto,[blank],,Unidata missing; GPKG empty
pair,yearbuilt,13717022,Palo Alto,[blank],,Unidata missing; GPKG empty
pair,yearbuilt,13717025,Palo Alto,[blank],,Unidata missing; GPKG empty
pair,yearbuilt,13724015,Palo Alto,[blank],,Unidata missing; GPKG empty
pair,yearbuilt,13724034,Palo Alto,[blank],,Unidata missing; GPKG empty
pair,yearbuilt,13724045,Palo Alto,[blank],,Unidata missing; GPKG empty
pair,yearbuilt,13725088,Palo Alto,[blank],,Unidata missing; GPKG empty
pair,yearbuilt,13726031,Palo Alto,[blank],,Unidata missing; GPKG empty
pair,yearbuilt,13726080,Palo Alto,[blank],,Unidata missing; GPKG empty
pair,yearbuilt,13728040,Palo Alto,[blank],,Unidata missing; GPKG empty
pair,yearbuilt,13729016,Palo Alto,[blank],,Unidata missing; GPKG empty
pair,yearbuilt,14201007,Palo Alto,[blank],,Unidata missing; GPKG empty
pair,yearbuilt,14201008,Palo Alto,[blank],,Unidata missing; GPKG empty
pair,yearbuilt,14201009,Palo Alto,[blank],,Unidata missing; GPKG empty
pair,yearbuilt,14202009,Palo Alto,[blank],,Unidata missing; GPKG empty
pair,yearbuilt,14202024,Palo Alto,[blank],,Unidata missing; GPKG empty
pair,yearbuilt,14202025,Menlo Park,[blank],,Unidata missing; GPKG empty
pair,yearbuilt,14202026,Palo Alto,[blank],,Unidata missing; GPKG empty
pair,yearbuilt,14203039,Palo Alto,[blank],,Unidata missing; GPKG empty
pair,yearbuilt,14203042,Palo Alto,[blank],,Unidata missing; GPKG empty
pair,yearbuilt,14203043,Palo Alto,[blank],,Unidata missing; GPKG empty
pair,yearbuilt,14203044,Palo Alto,[blank],,Unidata missing; GPKG empty
pair,yearbuilt,14204013,Stanford,[blank],,Unidata missing; GPKG empty
pair,yearbuilt,14204016,Palo Alto,[blank],,Unidata missing; GPKG empty
pair,yearbuilt,14204018,Palo Alto,[blank],,Unidata missing; GPKG empty
pair,yearbuilt,14204019,Palo Alto,[blank],,Unidata missing; GPKG empty
pair,yearbuilt,14204021,Palo Alto,[blank],,Unidata missing; GPKG empty
pair,yearbuilt,14204022,Palo Alto,[blank],,Unidata missing; GPKG empty
pair,yearbuilt,14204024,Stanford,[blank],,Unidata missing; GPKG empty
pair,yearbuilt,14204025,Stanford,[blank],,Unidata missing; GPKG empty
pair,yearbuilt,14204026,Stanford,[blank],,Unidata missing; GPKG empty
pair,yearbuilt,14204027,Stanford,[blank],,Unidata missing; GPKG empty
pair,yearbuilt,14204028,Stanford,[blank],,Unidata missing; GPKG empty
pair,yearbuilt,14204029,Stanford,[blank],,Unidata missing; GPKG empty
pair,yearbuilt,14204030,Stanford,[blank],,Unidata missing; GPKG empty
pair,yearbuilt,14204031,Stanford,[blank],,Unidata missing; GPKG empty
pair,yearbuilt,14204032,Palo Alto,[blank],,Unidata missing; GPKG empty
pair,yearbuilt,14204033,Stanford,[blank],,Unidata missing; GPKG empty
pair,yearbuilt,14204034,Stanford,[blank],,Unidata missing; GPKG empty
pair,yearbuilt,14204035,Stanford,[blank],,Unidata missing; GPKG empty
pair,yearbuilt,14204036,Stanford,[blank],,Unidata missing; GPKG empty
pair,yearbuilt,14204037,Stanford,[blank],,Unidata missing; GPKG empty
pair,yearbuilt,14204038,Stanford,[blank],,Unidata missing; GPKG empty
pair,yearbuilt,14204039,Stanford,[blank],,Unidata missing; GPKG empty
pair,yearbuilt,14204040,Stanford,[blank],,Unidata missing; GPKG empty
pair,yearbuilt,14204041,Stanford,[blank],,Unidata missing; GPKG empty
pair,yearbuilt,14204042,Stanford,[blank],,Unidata missing; GPKG empty
pair,yearbuilt,14204043,Stanford,[blank],,Unidata missing; GPKG empty
pair,yearbuilt,14204044,Stanford,[blank],,Unidata missing; GPKG empty
pair,yearbuilt,14204045,Stanford,[blank],,Unidata missing; GPKG empty
pair,yearbuilt,14204046,Stanford,[blank],,Unidata missing; GPKG empty
pair,yearbuilt,14204047,Stanford,[blank],,Unidata missing; GPKG empty
pair,yearbuilt,14204048,Stanford,[blank],,Unidata missing; GPKG empty
pair,yearbuilt,14204049,Stanford,[blank],,Unidata missing; GPKG empty
pair,yearbuilt,14204050,Stanford,[blank],,Unidata missing; GPKG empty
pair,yearbuilt,14204051,Stanford,[blank],,Unidata missing; GPKG empty
pair,yearbuilt,14204052,Stanford,[blank],,Unidata missing; GPKG empty
pair,yearbuilt,14204053,Stanford,[blank],,Unidata missing; GPKG empty
pair,yearbuilt,14204054,Stanford,[blank],,Unidata missing; GPKG empty
pair,yearbuilt,14204055,Palo Alto,[blank],,Unidata missing; GPKG empty
pair,yearbuilt,14204056,Stanford,[blank],,Unidata missing; GPKG empty
pair,yearbuilt,14204057,Stanford,[blank],,Unidata missing; GPKG empty
pair,yearbuilt,14204058,Stanford,[blank],,Unidata missing; GPKG empty
pair,yearbuilt,14204059,Stanford,[blank],,Unidata missing; GPKG empty
pair,yearbuilt,14204060,Stanford,[blank],,Unidata missing; GPKG empty
pair,yearbuilt,14204061,Stanford,[blank],,Unidata missing; GPKG empty
pair,yearbuilt,14205006,Palo Alto,[blank],,Unidata missing; GPKG empty
pair,yearbuilt,14205022,Stanford,[blank],,Unidata missing; GPKG empty
pair,yearbuilt,14205023,Palo Alto,[blank],,Unidata missing; GPKG empty
pair,yearbuilt,14205024,Stanford,[blank],,Unidata missing; GPKG empty
pair,yearbuilt,14205025,Palo Alto,[blank],,Unidata missing; GPKG empty
pair,yearbuilt,14205026,Palo Alto,[blank],,Unidata missing; GPKG empty
pair,yearbuilt,14205027,Palo Alto,[blank],,Unidata missing; GPKG empty
pair,yearbuilt,14205029,Palo Alto,[blank],,Unidata missing; GPKG empty
pair,yearbuilt,14205030,Palo Alto,[blank],,Unidata missing; GPKG empty
pair,yearbuilt,14205032,Stanford,[blank],,Unidata missing; GPKG empty
pair,yearbuilt,14205033,Palo Alto,[blank],,Unidata missing; GPKG empty
pair,yearbuilt,14205034,Palo Alto,[blank],,Unidata missing; GPKG empty
pair,yearbuilt,14205035,Palo Alto,[blank],,Unidata missing; GPKG empty
pair,yearbuilt,14205036,Palo Alto,[blank],,Unidata missing; GPKG empty
pair,yearbuilt,14205037,Palo Alto,[blank],,Unidata missing; GPKG empty
pair,yearbuilt,14205038,Palo Alto,[blank],,Unidata missing; GPKG empty
pair,yearbuilt,14205039,Stanford,[blank],,Unidata missing; GPKG empty
pair,yearbuilt,14205040,Stanford,[blank],,Unidata missing; GPKG empty
pair,yearbuilt,14205041,Stanford,[blank],,Unidata missing; GPKG empty
pair,yearbuilt,14205042,Stanford,[blank],,Unidata missing; GPKG empty
pair,yearbuilt,14205043,Stanford,[blank],,Unidata missing; GPKG empty
pair,yearbuilt,14205045,Stanford,[blank],,Unidata missing; GPKG empty
pair,yearbuilt,14205046,Stanford,[blank],,Unidata missing; GPKG empty
pair,yearbuilt,14205047,Stanford,[blank],,Unidata missing; GPKG empty
pair,yearbuilt,14205048,Stanford,[blank],,Unidata missing; GPKG empty
pair,yearbuilt,14205049,Stanford,[blank],,Unidata missing; GPKG empty
pair,yearbuilt,14205050,Stanford,[blank],,Unidata missing; GPKG empty
pair,yearbuilt,14205051,Stanford,[blank],,Unidata missing; GPKG empty
pair,yearbuilt,14205052,Stanford,[blank],,Unidata missing; GPKG empty
pair,yearbuilt,14205053,Stanford,[blank],,Unidata missing; GPKG empty
pair,yearbuilt,14205054,Palo Alto,[blank],,Unidata missing; GPKG empty
pair,yearbuilt,14205055,Stanford,[blank],,Unidata missing; GPKG empty
pair,yearbuilt,14205056,Stanford,[blank],,Unidata missing; GPKG empty
pair,yearbuilt,14205057,Stanford,[blank],,Unidata missing; GPKG empty
pair,yearbuilt,14205058,Stanford,[blank],,Unidata missing; GPKG empty
pair,yearbuilt,14205059,Stanford,[blank],,Unidata missing; GPKG empty
pair,yearbuilt,14205060,Stanford,[blank],,Unidata missing; GPKG empty
pair,yearbuilt,14205061,Stanford,[blank],,Unidata missing; GPKG empty
pair,yearbuilt,14205062,Stanford,[blank],,Unidata missing; GPKG empty
pair,yearbuilt,14205063,Stanford,[blank],,Unidata missing; GPKG empty
pair,yearbuilt,14205064,Stanford,[blank],,Unidata missing; GPKG empty
pair,yearbuilt,14205065,Stanford,[blank],,Unidata missing; GPKG empty
pair,yearbuilt,14205066,Stanford,[blank],,Unidata missing; GPKG empty
pair,yearbuilt,14205067,Stanford,[blank],,Unidata missing; GPKG empty
pair,yearbuilt,14205068,Stanford,[blank],,Unidata missing; GPKG empty
pair,yearbuilt,14205069,Stanford,[blank],,Unidata missing; GPKG empty
pair,yearbuilt,14205070,Stanford,[blank],,Unidata missing; GPKG empty
pair,yearbuilt,14205071,Stanford,[blank],,Unidata missing; GPKG empty
pair,yearbuilt,14205072,Stanford,[blank],,Unidata missing; GPKG empty
pair,yearbuilt,14205073,Stanford,[blank],,Unidata missing; GPKG empty
pair,yearbuilt,14205074,Stanford,[blank],,Unidata missing; GPKG empty
pair,yearbuilt,14205075,Stanford,[blank],,Unidata missing; GPKG empty
pair,yearbuilt,14205076,Stanford,[blank],,Unidata missing; GPKG empty
pair,yearbuilt,14205077,Stanford,[blank],,Unidata missing; GPKG empty
pair,yearbuilt,14205078,Stanford,[blank],,Unidata missing; GPKG empty
pair,yearbuilt,14205079,Stanford,[blank],,Unidata missing; GPKG empty
pair,yearbuilt,14205080,Stanford,[blank],,Unidata missing; GPKG empty
pair,yearbuilt,14205081,Stanford,[blank],,Unidata missing; GPKG empty
pair,yearbuilt,14205082,Stanford,[blank],,Unidata missing; GPKG empty
pair,yearbuilt,14206001,Stanford,[blank],,Unidata missing; GPKG empty
pair,yearbuilt,14206002,Stanford,[blank],,Unidata missing; GPKG empty
pair,yearbuilt,14206003,Palo Alto,[blank],,Unidata missing; GPKG empty
pair,yearbuilt,14206004,Stanford,[blank],,Unidata missing; GPKG empty
pair,yearbuilt,14206005,Stanford,[blank],,Unidata missing; GPKG empty
pair,yearbuilt,14206006,Stanford,[blank],,Unidata missing; GPKG empty
pair,yearbuilt,14206007,Stanford,[blank],,Unidata missing; GPKG empty
pair,yearbuilt,14207004,Stanford,[blank],,Unidata missing; GPKG empty
pair,yearbuilt,14207005,Stanford,[blank],,Unidata missing; GPKG empty
pair,yearbuilt,14207017,Stanford,[blank],,Unidata missing; GPKG empty
pair,yearbuilt,14207018,Stanford,[blank],,Unidata missing; GPKG empty
pair,yearbuilt,14207051,Stanford,[blank],,Unidata missing; GPKG empty
pair,yearbuilt,14207065,Stanford,[blank],,Unidata missing; GPKG empty
pair,yearbuilt,14207066,Stanford,[blank],,Unidata missing; GPKG empty
pair,yearbuilt,14207067,Stanford,[blank],,Unidata missing; GPKG empty
pair,yearbuilt,14207068,Stanford,[blank],,Unidata missing; GPKG empty
pair,yearbuilt,14207069,Stanford,[blank],,Unidata missing; GPKG empty
pair,yearbuilt,14207074,Stanford,[blank],,Unidata missing; GPKG empty
pair,yearbuilt,14207080,Stanford,[blank],,Unidata missing; GPKG empty
pair,yearbuilt,14207081,Palo Alto,[blank],,Unidata missing; GPKG empty
pair,yearbuilt,14207082,Stanford,[blank],,Unidata missing; GPKG empty
pair,yearbuilt,14207083,Palo Alto,[blank],,Unidata missing; GPKG empty
pair,yearbuilt,14207084,Stanford,[blank],,Unidata missing; GPKG empty
pair,yearbuilt,14207085,Stanford,[blank],,Unidata missing; GPKG empty
pair,yearbuilt,14207086,Stanford,[blank],,Unidata missing; GPKG empty
pair,yearbuilt,14207087,Stanford,[blank],,Unidata missing; GPKG empty
pair,yearbuilt,14207088,Stanford,[blank],,Unidata missing; GPKG empty
pair,yearbuilt,14207089,Stanford,[blank],,Unidata missing; GPKG empty
pair,yearbuilt,14207090,Stanford,[blank],,Unidata missing; GPKG empty
pair,yearbuilt,14207091,Stanford,[blank],,Unidata missing; GPKG empty
pair,yearbuilt,14207092,Stanford,[blank],,Unidata missing; GPKG empty
pair,yearbuilt,14207093,Stanford,[blank],,Unidata missing; GPKG empty
pair,yearbuilt,14207094,Stanford,[blank],,Unidata missing; GPKG empty
pair,yearbuilt,14207095,Stanford,[blank],,Unidata missing; GPKG empty
pair,yearbuilt,14207096,Stanford,[blank],,Unidata missing; GPKG empty
pair,yearbuilt,14207097,Stanford,[blank],,Unidata missing; GPKG empty
pair,yearbuilt,14207098,Stanford,[blank],,Unidata missing; GPKG empty
pair,yearbuilt,14207099,Stanford,[blank],,Unidata missing; GPKG empty
pair,yearbuilt,14207100,Stanford,[blank],,Unidata missing; GPKG empty
pair,yearbuilt,14207101,Stanford,[blank],,Unidata missing; GPKG empty
pair,yearbuilt,14207102,Stanford,[blank],,Unidata missing; GPKG empty
pair,yearbuilt,14207103,Stanford,[blank],,Unidata missing; GPKG empty
pair,yearbuilt,14208001,Stanford,[blank],,Unidata missing; GPKG empty
pair,yearbuilt,14208002,Stanford,[blank],,Unidata missing; GPKG empty
pair,yearbuilt,14208004,Stanford,[blank],,Unidata missing; GPKG empty
pair,yearbuilt,14208005,Stanford,[blank],,Unidata missing; GPKG empty
pair,yearbuilt,14208021,Stanford,[blank],,Unidata missing; GPKG empty
pair,yearbuilt,14208030,Stanford,[blank],,Unidata missing; GPKG empty
pair,yearbuilt,14208035,Stanford,[blank],,Unidata missing; GPKG empty
pair,yearbuilt,14208036,Stanford,[blank],,Unidata missing; GPKG empty
pair,yearbuilt,14208037,Stanford,[blank],,Unidata missing; GPKG empty
pair,yearbuilt,14208045,Stanford,[blank],,Unidata missing; GPKG empty
pair,yearbuilt,14208061,Stanford,[blank],,Unidata missing; GPKG empty
pair,yearbuilt,14208071,Stanford,[blank],,Unidata missing; GPKG empty
pair,yearbuilt,14208080,Stanford,[blank],,Unidata missing; GPKG empty
pair,yearbuilt,14208105,Palo Alto,[blank],,Unidata missing; GPKG empty
pair,yearbuilt,14208119,Stanford,[blank],,Unidata missing; GPKG empty
pair,yearbuilt,14208131,Stanford,[blank],,Unidata missing; GPKG empty
pair,yearbuilt,14208147,Stanford,[blank],,Unidata missing; GPKG empty
pair,yearbuilt,14208150,Stanford,[blank],,Unidata missing; GPKG empty
pair,yearbuilt,14208156,Stanford,[blank],,Unidata missing; GPKG empty
pair,yearbuilt,14209002,Stanford,[blank],,Unidata missing; GPKG empty
pair,yearbuilt,14209003,Stanford,[blank],,Unidata missing; GPKG empty
pair,yearbuilt,14209006,Stanford,[blank],,Unidata missing; GPKG empty
pair,yearbuilt,14209009,Stanford,[blank],,Unidata missing; GPKG empty
pair,yearbuilt,14209011,Stanford,[blank],,Unidata missing; GPKG empty
pair,yearbuilt,14210001,Stanford,[blank],,Unidata missing; GPKG empty
pair,yearbuilt,14210098,Stanford,[blank],,Unidata missing; GPKG empty
pair,yearbuilt,14210129,Stanford,[blank],,Unidata missing; GPKG empty
pair,yearbuilt,14211060,Stanford,[blank],,Unidata missing; GPKG empty
pair,yearbuilt,14211129,Stanford,[blank],,Unidata missing; GPKG empty
pair,yearbuilt,14211133,Stanford,[blank],,Unidata missing; GPKG empty
pair,yearbuilt,14212002,Stanford,[blank],,Unidata missing; GPKG empty
pair,yearbuilt,14212003,Stanford,[blank],,Unidata missing; GPKG empty
pair,yearbuilt,14212006,Stanford,[blank],,Unidata missing; GPKG empty
pair,yearbuilt,14213001,Stanford,[blank],,Unidata missing; GPKG empty
pair,yearbuilt,14213004,Palo Alto,[blank],,Unidata missing; GPKG empty
pair,yearbuilt,14213008,Palo Alto,[blank],,Unidata missing; GPKG empty
pair,yearbuilt,14214007,Palo Alto,[blank],,Unidata missing; GPKG empty
pair,yearbuilt,14214008,Palo Alto,[blank],,Unidata missing; GPKG empty
pair,yearbuilt,14214009,Palo Alto,[blank],,Unidata missing; GPKG empty
pair,yearbuilt,14214015,Palo Alto,[blank],,Unidata missing; GPKG empty
pair,yearbuilt,14214016,Stanford,[blank],,Unidata missing; GPKG empty
pair,yearbuilt,14215001,Palo Alto,[blank],,Unidata missing; GPKG empty
pair,yearbuilt,14215008,Stanford,[blank],,Unidata missing; GPKG empty
pair,yearbuilt,14215009,Stanford,[blank],,Unidata missing; GPKG empty
pair,yearbuilt,14216036,Palo Alto,[blank],,Unidata missing; GPKG empty
pair,yearbuilt,14216037,Palo Alto,[blank],,Unidata missing; GPKG empty
pair,yearbuilt,14216038,Palo Alto,[blank],,Unidata missing; GPKG empty
pair,yearbuilt,14216039,Palo Alto,[blank],,Unidata missing; GPKG empty
pair,yearbuilt,14216041,Palo Alto,[blank],,Unidata missing; GPKG empty
pair,yearbuilt,14216052,Palo Alto,[blank],,Unidata missing; GPKG empty
pair,yearbuilt,14216057,Palo Alto,[blank],,Unidata missing; GPKG empty
pair,yearbuilt,14216064,Palo Alto,[blank],,Unidata missing; GPKG empty
pair,yearbuilt,14216065,Palo Alto,[blank],,Unidata missing; GPKG empty
pair,yearbuilt,14216069,Palo Alto,[blank],,Unidata missing; GPKG empty
pair,yearbuilt,14216070,Palo Alto,[blank],,Unidata missing; GPKG empty
pair,yearbuilt,14216071,Palo Alto,[blank],,Unidata missing; GPKG empty
pair,yearbuilt,14216072,Palo Alto,[blank],,Unidata missing; GPKG empty
pair,yearbuilt,14216084,Palo Alto,[blank],,Unidata missing; GPKG empty
pair,yearbuilt,14217007,Palo Alto,[blank],,Unidata missing; GPKG empty
pair,yearbuilt,14217027,Palo Alto,[blank],,Unidata missing; GPKG empty
pair,yearbuilt,14217033,Palo Alto,[blank],,Unidata missing; GPKG empty
pair,yearbuilt,14217034,Palo Alto,[blank],,Unidata missing; GPKG empty
pair,yearbuilt,14217035,Palo Alto,[blank],,Unidata missing; GPKG empty
pair,yearbuilt,14218018,Palo Alto,[blank],,Unidata missing; GPKG empty
pair,yearbuilt,14218020,Palo Alto,[blank],,Unidata missing; GPKG empty
pair,yearbuilt,14218033,Palo Alto,[blank],,Unidata missing; GPKG empty
pair,yearbuilt,14218044,Palo Alto,[blank],,Unidata missing; GPKG empty
pair,yearbuilt,14218046,Palo Alto,[blank],,Unidata missing; GPKG empty
pair,yearbuilt,14218047,Palo Alto,[blank],,Unidata missing; GPKG empty
pair,yearbuilt,14218053,Palo Alto,[blank],,Unidata missing; GPKG empty
pair,yearbuilt,14218054,Palo Alto,[blank],,Unidata missing; GPKG empty
pair,yearbuilt,14219005,Palo Alto,[blank],,Unidata missing; GPKG empty
pair,yearbuilt,14219014,Palo Alto,[blank],,Unidata missing; GPKG empty
pair,yearbuilt,14220002,Palo Alto,[blank],,Unidata missing; GPKG empty
pair,yearbuilt,14220046,Palo Alto,[blank],,Unidata missing; GPKG empty
pair,yearbuilt,14220073,Stanford,[blank],,Unidata missing; GPKG empty
pair,yearbuilt,14220079,Palo Alto,[blank],,Unidata missing; GPKG empty
pair,yearbuilt,14220080,Palo Alto,[blank],,Unidata missing; GPKG empty
pair,yearbuilt,14220086,Palo Alto,[blank],,Unidata missing; GPKG empty
pair,yearbuilt,14220087,Palo Alto,[blank],,Unidata missing; GPKG empty
pair,yearbuilt,14220096,Palo Alto,[blank],,Unidata missing; GPKG empty
pair,yearbuilt,14220099,Palo Alto,[blank],,Unidata missing; GPKG empty
pair,yearbuilt,14221003,Stanford,[blank],,Unidata missing; GPKG empty
pair,yearbuilt,14221036,Stanford,[blank],,Unidata missing; GPKG empty
pair,yearbuilt,14221037,Stanford,[blank],,Unidata missing; GPKG empty
pair,yearbuilt,14221082,Stanford,[blank],,Unidata missing; GPKG empty
pair,yearbuilt,14221083,Stanford,[blank],,Unidata missing; GPKG empty
pair,yearbuilt,14221084,Stanford,[blank],,Unidata missing; GPKG empty
pair,yearbuilt,14221085,Palo Alto,[blank],,Unidata missing; GPKG empty
pair,yearbuilt,14222001,Palo Alto,[blank],,Unidata missing; GPKG empty
pair,yearbuilt,14222002,Palo Alto,[blank],,Unidata missing; GPKG empty
pair,yearbuilt,14222117,Stanford,[blank],,Unidata missing; GPKG empty
pair,yearbuilt,14222118,Stanford,[blank],,Unidata missing; GPKG empty
pair,yearbuilt,14222119,Stanford,[blank],,Unidata missing; GPKG empty
pair,yearbuilt,14222120,Stanford,[blank],,Unidata missing; GPKG empty
pair,yearbuilt,14222121,Stanford,[blank],,Unidata missing; GPKG empty
pair,yearbuilt,14222122,Stanford,[blank],,Unidata missing; GPKG empty
pair,yearbuilt,14222123,Stanford,[blank],,Unidata missing; GPKG empty
pair,yearbuilt,14223005,Palo Alto,[blank],,Unidata missing; GPKG empty
pair,yearbuilt,14223014,Palo Alto,[blank],,Unidata missing; GPKG empty
pair,yearbuilt,14223015,Palo Alto,[blank],,Unidata missing; GPKG empty
pair,yearbuilt,14223019,Palo Alto,[blank],,Unidata missing; GPKG empty
pair,yearbuilt,14223022,Palo Alto,[blank],,Unidata missing; GPKG empty
pair,yearbuilt,14223023,Palo Alto,[blank],,Unidata missing; GPKG empty
pair,yearbuilt,14223025,Palo Alto,[blank],,Unidata missing; GPKG empty
pair,yearbuilt,14223026,Palo Alto,[blank],,Unidata missing; GPKG empty
pair,yearbuilt,14223027,Palo Alto,[blank],,Unidata missing; GPKG empty
pair,yearbuilt,14223028,Palo Alto,[blank],,Unidata missing; GPKG empty
pair,yearbuilt,14223029,Palo Alto,[blank],,Unidata missing; GPKG empty
pair,yearbuilt,14223030,Palo Alto,[blank],,Unidata missing; GPKG empty
pair,yearbuilt,14223031,Palo Alto,[blank],,Unidata missing; GPKG empty
pair,yearbuilt,14223032,Palo Alto,[blank],,Unidata missing; GPKG empty
pair,yearbuilt,14223033,Palo Alto,[blank],,Unidata missing; GPKG empty
pair,yearbuilt,14223034,Palo Alto,[blank],,Unidata missing; GPKG empty
pair,yearbuilt,14223035,Palo Alto,[blank],,Unidata missing; GPKG empty
pair,yearbuilt,14223036,Palo Alto,[blank],,Unidata missing; GPKG empty
pair,yearbuilt,14223037,Stanford,[blank],,Unidata missing; GPKG empty
pair,yearbuilt,14223038,Palo Alto,[blank],,Unidata missing; GPKG empty
pair,yearbuilt,14223039,Palo Alto,[blank],,Unidata missing; GPKG empty
pair,yearbuilt,14223040,Palo Alto,[blank],,Unidata missing; GPKG empty
pair,yearbuilt,14223041,Palo Alto,[blank],,Unidata missing; GPKG empty
pair,yearbuilt,14223042,Palo Alto,[blank],,Unidata missing; GPKG empty
pair,yearbuilt,14223043,Palo Alto,[blank],,Unidata missing; GPKG empty
pair,yearbuilt,14223044,Palo Alto,[blank],,Unidata missing; GPKG empty
pair,yearbuilt,14223045,Palo Alto,[blank],,Unidata missing; GPKG empty
pair,yearbuilt,14223046,Palo Alto,[blank],,Unidata missing; GPKG empty
pair,yearbuilt,14223047,Palo Alto,[blank],,Unidata missing; GPKG empty
pair,yearbuilt,14223048,Palo Alto,[blank],,Unidata missing; GPKG empty
pair,yearbuilt,14223049,Palo Alto,[blank],,Unidata missing; GPKG empty
pair,yearbuilt,14223050,Palo Alto,[blank],,Unidata missing; GPKG empty
pair,yearbuilt,14223051,Palo Alto,[blank],,Unidata missing; GPKG empty
pair,yearbuilt,14223052,Palo Alto,[blank],,Unidata missing; GPKG empty
pair,yearbuilt,14223053,Palo Alto,[blank],,Unidata missing; GPKG empty
pair,yearbuilt,14223054,Palo Alto,[blank],,Unidata missing; GPKG empty
pair,yearbuilt,14223055,Palo Alto,[blank],,Unidata missing; GPKG empty
pair,yearbuilt,14223056,Palo Alto,[blank],,Unidata missing; GPKG empty
pair,yearbuilt,14223057,Palo Alto,[blank],,Unidata missing; GPKG empty
pair,yearbuilt,14223058,Palo Alto,[blank],,Unidata missing; GPKG empty
pair,yearbuilt,14223059,Palo Alto,[blank],,Unidata missing; GPKG empty
pair,yearbuilt,14223060,Palo Alto,[blank],,Unidata missing; GPKG empty
pair,yearbuilt,14223061,Palo Alto,[blank],,Unidata missing; GPKG empty
pair,yearbuilt,14223062,Palo Alto,[blank],,Unidata missing; GPKG empty
pair,yearbuilt,14223063,Palo Alto,[blank],,Unidata missing; GPKG empty
pair,yearbuilt,14223064,Palo Alto,[blank],,Unidata missing; GPKG empty
pair,yearbuilt,14223065,Palo Alto,[blank],,Unidata missing; GPKG empty
pair,yearbuilt,14223066,Palo Alto,[blank],,Unidata missing; GPKG empty
pair,yearbuilt,14223067,Palo Alto,[blank],,Unidata missing; GPKG empty
pair,yearbuilt,14223068,Palo Alto,[blank],,Unidata missing; GPKG empty
pair,yearbuilt,14223069,Palo Alto,[blank],,Unidata missing; GPKG empty
pair,yearbuilt,14223070,Palo Alto,[blank],,Unidata missing; GPKG empty
pair,yearbuilt,14223071,Palo Alto,[blank],,Unidata missing; GPKG empty
pair,yearbuilt,14223072,Palo Alto,[blank],,Unidata missing; GPKG empty
pair,yearbuilt,14223073,Palo Alto,[blank],,Unidata missing; GPKG empty
pair,yearbuilt,14223074,Palo Alto,[blank],,Unidata missing; GPKG empty
pair,yearbuilt,14223075,Palo Alto,[blank],,Unidata missing; GPKG empty
pair,yearbuilt,14223076,Palo Alto,[blank],,Unidata missing; GPKG empty
pair,yearbuilt,14223077,Palo Alto,[blank],,Unidata missing; GPKG empty
pair,yearbuilt,14223078,Palo Alto,[blank],,Unidata missing; GPKG empty
pair,yearbuilt,14223079,Palo Alto,[blank],,Unidata missing; GPKG empty
pair,yearbuilt,14223080,Palo Alto,[blank],,Unidata missing; GPKG empty
pair,yearbuilt,14223081,Palo Alto,[blank],,Unidata missing; GPKG empty
pair,yearbuilt,14223082,Palo Alto,[blank],,Unidata missing; GPKG empty
pair,yearbuilt,14223083,Palo Alto,[blank],,Unidata missing; GPKG empty
pair,yearbuilt,14223084,Palo Alto,[blank],,Unidata missing; GPKG empty
pair,yearbuilt,14223085,Palo Alto,[blank],,Unidata missing; GPKG empty
pair,yearbuilt,14223086,Palo Alto,[blank],,Unidata missing; GPKG empty
pair,yearbuilt,14223087,Palo Alto,[blank],,Unidata missing; GPKG empty
pair,yearbuilt,14223088,Palo Alto,[blank],,Unidata missing; GPKG empty
pair,yearbuilt,14701105,Palo Alto,[blank],,Unidata missing; GPKG empty
pair,yearbuilt,14701114,Palo Alto,[blank],,Unidata missing; GPKG empty
pair,yearbuilt,14702017,Palo Alto,[blank],,Unidata missing; GPKG empty
pair,yearbuilt,14704066,Mountain View,[blank],,Unidata missing; GPKG empty
pair,yearbuilt,14704067,Mountain View,[blank],,Unidata missing; GPKG empty
pair,yearbuilt,14705083,Mountain View,[blank],,Unidata missing; GPKG empty
pair,yearbuilt,14705112,Mountain View,[blank],,Unidata missing; GPKG empty
pair,yearbuilt,14705129,Mountain View,[blank],,Unidata missing; GPKG empty
pair,yearbuilt,14705139,Mountain View,[blank],,Unidata missing; GPKG empty
pair,yearbuilt,14706052,Mountain View,[blank],,Unidata missing; GPKG empty
pair,yearbuilt,14707005,Mountain View,[blank],,Unidata missing; GPKG empty
pair,yearbuilt,14707048,Mountain View,[blank],,Unidata missing; GPKG empty
pair,yearbuilt,14707069,Mountain View,[blank],,Unidata missing; GPKG empty
pair,yearbuilt,14708046,Palo Alto,[blank],,Unidata missing; GPKG empty
pair,yearbuilt,14708047,Palo Alto,[blank],,Unidata missing; GPKG empty
pair,yearbuilt,14708048,Palo Alto,[blank],,Unidata missing; GPKG empty
pair,yearbuilt,14708052,Palo Alto,[blank],,Unidata missing; GPKG empty
pair,yearbuilt,14708053,Palo Alto,[blank],,Unidata missing; GPKG empty
pair,yearbuilt,14709023,Palo Alto,[blank],,Unidata missing; GPKG empty
pair,yearbuilt,14709038,Palo Alto,[blank],,Unidata missing; GPKG empty
pair,yearbuilt,14709048,Mountain View,[blank],,Unidata missing; GPKG empty
pair,yearbuilt,14709051,Palo Alto,[blank],,Unidata missing; GPKG empty
pair,yearbuilt,14709056,Palo Alto,[blank],,Unidata missing; GPKG empty
pair,yearbuilt,14709057,Palo Alto,[blank],,Unidata missing; GPKG empty
pair,yearbuilt,14709064,Palo Alto,[blank],,Unidata missing; GPKG empty
pair,yearbuilt,14709069,Palo Alto,[blank],,Unidata missing; GPKG empty
pair,yearbuilt,14709071,Mountain View,[blank],,Unidata missing; GPKG empty
pair,yearbuilt,14709072,Mountain View,[blank],,Unidata missing; GPKG empty
pair,yearbuilt,14711036,Mountain View,[blank],,Unidata missing; GPKG empty
pair,yearbuilt,14712060,Mountain View,[blank],,Unidata missing; GPKG empty
pair,yearbuilt,14712061,Mountain View,[blank],,Unidata missing; GPKG empty
pair,yearbuilt,14717081,Mountain View,[blank],,Unidata missing; GPKG empty
pair,yearbuilt,14717091,Mountain View,[blank],,Unidata missing; GPKG empty
pair,yearbuilt,14717092,Mountain View,[blank],,Unidata missing; GPKG empty
pair,yearbuilt,14719066,Palo Alto,[blank],,Unidata missing; GPKG empty
pair,yearbuilt,14726045,Palo Alto,[blank],,Unidata missing; GPKG empty
pair,yearbuilt,14729046,Mountain View,[blank],,Unidata missing; GPKG empty
pair,yearbuilt,14731048,Palo Alto,[blank],,Unidata missing; GPKG empty
pair,yearbuilt,14732015,Palo Alto,[blank],,Unidata missing; GPKG empty
pair,yearbuilt,14735080,Mountain View,[blank],,Unidata missing; GPKG empty
pair,yearbuilt,14736028,Mountain View,[blank],,Unidata missing; GPKG empty
pair,yearbuilt,14736030,Mountain View,[blank],,Unidata missing; GPKG empty
pair,yearbuilt,14736039,Mountain View,[blank],,Unidata missing; GPKG empty
pair,yearbuilt,14756026,Palo Alto,[blank],,Unidata missing; GPKG empty
pair,yearbuilt,14802102,Palo Alto,[blank],,Unidata missing; GPKG empty
pair,yearbuilt,14803062,Palo Alto,[blank],,Unidata missing; GPKG empty
pair,address,14803063,Palo Alto,[blank],,Unidata missing; GPKG empty
pair,yearbuilt,14803063,Palo Alto,[blank],,Unidata missing; GPKG empty
pair,address,14803064,Palo Alto,[blank],,Unidata missing; GPKG empty
pair,yearbuilt,14803064,Palo Alto,[blank],,Unidata missing; GPKG empty
pair,yearbuilt,14806019,Palo Alto,[blank],,Unidata missing; GPKG empty
pair,yearbuilt,14806041,Palo Alto,[blank],,Unidata missing; GPKG empty
pair,yearbuilt,14807035,Palo Alto,[blank],,Unidata missing; GPKG empty
pair,yearbuilt,14807036,Mountain View,[blank],,Unidata missing; GPKG empty
pair,address,14807037,Palo Alto,[blank],,Unidata missing; GPKG empty
pair,yearbuilt,14807037,Palo Alto,[blank],,Unidata missing; GPKG empty
pair,address,14807038,Mountain View,[blank],,Unidata missing; GPKG empty
pair,yearbuilt,14807038,Mountain View,[blank],,Unidata missing; GPKG empty
pair,address,14807039,Palo Alto,[blank],,Unidata missing; GPKG empty
pair,yearbuilt,14807039,Palo Alto,[blank],,Unidata missing; GPKG empty
pair,address,14807040,Mountain View,[blank],,Unidata missing; GPKG empty
pair,yearbuilt,14807040,Mountain View,[blank],,Unidata missing; GPKG empty
pair,yearbuilt,14807042,Palo Alto,[blank],,Unidata missing; GPKG empty
pair,zoning,14807042,Palo Alto,[blank],,Unidata missing; GPKG empty
pair,yearbuilt,14809015,Palo Alto,[blank],,Unidata missing; GPKG empty
pair,yearbuilt,14812038,Mountain View,[blank],,Unidata missing; GPKG empty
pair,address,14815001,Mountain View,[blank],,Unidata missing; GPKG empty
pair,yearbuilt,14815001,Mountain View,[blank],,Unidata missing; GPKG empty
pair,zoning,14815001,Mountain View,[blank],,Unidata missing; GPKG empty
pair,address,14815002,Mountain View,[blank],,Unidata missing; GPKG empty
pair,yearbuilt,14815002,Mountain View,[blank],,Unidata missing; GPKG empty
pair,zoning,14815002,Mountain View,[blank],,Unidata missing; GPKG empty
pair,address,14815005,Mountain View,[blank],,Unidata missing; GPKG empty
pair,yearbuilt,14815005,Mountain View,[blank],,Unidata missing; GPKG empty
pair,zoning,14815005,Mountain View,[blank],,Unidata missing; GPKG empty
pair,address,14815006,Mountain View,[blank],,Unidata missing; GPKG empty
pair,yearbuilt,14815006,Mountain View,[blank],,Unidata missing; GPKG empty
pair,zoning,14815006,Mountain View,[blank],,Unidata missing; GPKG empty
pair,yearbuilt,14815009,Mountain View,[blank],,Unidata missing; GPKG empty
pair,yearbuilt,14815010,Mountain View,[blank],,Unidata missing; GPKG empty
pair,yearbuilt,14815013,Mountain View,[blank],,Unidata missing; GPKG empty
pair,yearbuilt,14815014,Mountain View,[blank],,Unidata missing; GPKG empty
pair,yearbuilt,14815018,Mountain View,[blank],,Unidata missing; GPKG empty
pair,yearbuilt,14816008,Mountain View,[blank],,Unidata missing; GPKG empty
pair,yearbuilt,14816010,Mountain View,[blank],,Unidata missing; GPKG empty
pair,yearbuilt,14816011,Mountain View,[blank],,Unidata missing; GPKG empty
pair,yearbuilt,14816014,Mountain View,[blank],,Unidata missing; GPKG empty
pair,yearbuilt,14816031,Mountain View,[blank],,Unidata missing; GPKG empty
pair,yearbuilt,14816035,Mountain View,[blank],,Unidata missing; GPKG empty
pair,yearbuilt,14816038,Mountain View,[blank],,Unidata missing; GPKG empty
pair,yearbuilt,14816039,Mountain View,[blank],,Unidata missing; GPKG empty
pair,yearbuilt,14816046,Mountain View,[blank],,Unidata missing; GPKG empty
pair,yearbuilt,14821004,Mountain View,[blank],,Unidata missing; GPKG empty
pair,yearbuilt,14821005,Mountain View,[blank],,Unidata missing; GPKG empty
pair,yearbuilt,14821007,Mountain View,[blank],,Unidata missing; GPKG empty
pair,yearbuilt,14821011,Mountain View,[blank],,Unidata missing; GPKG empty
pair,yearbuilt,14821013,Mountain View,[blank],,Unidata missing; GPKG empty
pair,yearbuilt,14822013,Mountain View,[blank],,Unidata missing; GPKG empty
pair,yearbuilt,14822023,Mountain View,[blank],,Unidata missing; GPKG empty
pair,yearbuilt,14822025,Mountain View,[blank],,Unidata missing; GPKG empty
pair,yearbuilt,14828011,Mountain View,[blank],,Unidata missing; GPKG empty
pair,yearbuilt,14829021,Mountain View,[blank],,Unidata missing; GPKG empty
pair,yearbuilt,14829023,Mountain View,[blank],,Unidata missing; GPKG empty
pair,yearbuilt,14833001,Mountain View,[blank],,Unidata missing; GPKG empty
pair,yearbuilt,14833028,Mountain View,[blank],,Unidata missing; GPKG empty
pair,yearbuilt,14833030,Mountain View,[blank],,Unidata missing; GPKG empty
pair,yearbuilt,14833057,Mountain View,[blank],,Unidata missing; GPKG empty
pair,yearbuilt,14836009,Mountain View,[blank],,Unidata missing; GPKG empty
pair,yearbuilt,14836010,Mountain View,[blank],,Unidata missing; GPKG empty
pair,yearbuilt,14836011,Mountain View,[blank],,Unidata missing; GPKG empty
pair,yearbuilt,14836032,Mountain View,[blank],,Unidata missing; GPKG empty
pair,yearbuilt,14838002,Mountain View,[blank],,Unidata missing; GPKG empty
pair,yearbuilt,14838003,Mountain View,[blank],,Unidata missing; GPKG empty
pair,yearbuilt,14838004,Mountain View,[blank],,Unidata missing; GPKG empty
pair,yearbuilt,14838017,Mountain View,[blank],,Unidata missing; GPKG empty
pair,address,14838019,Mountain View,[blank],,Unidata missing; GPKG empty
pair,yearbuilt,14838019,Mountain View,[blank],,Unidata missing; GPKG empty
pair,yearbuilt,14838020,Mountain View,[blank],,Unidata missing; GPKG empty
pair,yearbuilt,14838021,Mountain View,[blank],,Unidata missing; GPKG empty
pair,yearbuilt,14838032,Mountain View,[blank],,Unidata missing; GPKG empty
pair,yearbuilt,14838041,Mountain View,[blank],,Unidata missing; GPKG empty
pair,yearbuilt,14838076,Mountain View,[blank],,Unidata missing; GPKG empty
pair,yearbuilt,14838162,Mountain View,[blank],,Unidata missing; GPKG empty
pair,yearbuilt,14845001,Mountain View,[blank],,Unidata missing; GPKG empty
pair,yearbuilt,14845002,Mountain View,[blank],,Unidata missing; GPKG empty
pair,yearbuilt,14845003,Mountain View,[blank],,Unidata missing; GPKG empty
pair,yearbuilt,14845004,Mountain View,[blank],,Unidata missing; GPKG empty
pair,yearbuilt,14845005,Mountain View,[blank],,Unidata missing; GPKG empty
pair,yearbuilt,14845006,Mountain View,[blank],,Unidata missing; GPKG empty
pair,yearbuilt,14845007,Mountain View,[blank],,Unidata missing; GPKG empty
pair,yearbuilt,14845008,Mountain View,[blank],,Unidata missing; GPKG empty
pair,yearbuilt,14845009,Mountain View,[blank],,Unidata missing; GPKG empty
pair,yearbuilt,14845010,Mountain View,[blank],,Unidata missing; GPKG empty
pair,yearbuilt,14845011,Mountain View,[blank],,Unidata missing; GPKG empty
pair,yearbuilt,15001003,Mountain View,[blank],,Unidata missing; GPKG empty
pair,yearbuilt,15001017,Mountain View,[blank],,Unidata missing; GPKG empty
pair,yearbuilt,15002016,Mountain View,[blank],,Unidata missing; GPKG empty
pair,yearbuilt,15002028,Mountain View,[blank],,Unidata missing; GPKG empty
pair,yearbuilt,15007004,Mountain View,[blank],,Unidata missing; GPKG empty
pair,yearbuilt,15007024,Mountain View,[blank],,Unidata missing; GPKG empty
pair,yearbuilt,15010001,Mountain View,[blank],,Unidata missing; GPKG empty
pair,yearbuilt,15010002,Mountain View,[blank],,Unidata missing; GPKG empty
pair,yearbuilt,15010003,Mountain View,[blank],,Unidata missing; GPKG empty
pair,yearbuilt,15010026,Mountain View,[blank],,Unidata missing; GPKG empty
pair,yearbuilt,15010046,Mountain View,[blank],,Unidata missing; GPKG empty
pair,yearbuilt,15015005,Mountain View,[blank],,Unidata missing; GPKG empty
pair,yearbuilt,15017001,Mountain View,[blank],,Unidata missing; GPKG empty
pair,yearbuilt,15017002,Mountain View,[blank],,Unidata missing; GPKG empty
pair,yearbuilt,15019032,Mountain View,[blank],,Unidata missing; GPKG empty
pair,yearbuilt,15020004,Mountain View,[blank],,Unidata missing; GPKG empty
pair,yearbuilt,15020006,Mountain View,[blank],,Unidata missing; GPKG empty
pair,yearbuilt,15020007,Mountain View,[blank],,Unidata missing; GPKG empty
pair,yearbuilt,15021001,Mountain View,[blank],,Unidata missing; GPKG empty
pair,yearbuilt,15021007,Mountain View,[blank],,Unidata missing; GPKG empty
pair,yearbuilt,15022021,Mountain View,[blank],,Unidata missing; GPKG empty
pair,yearbuilt,15022028,Mountain View,[blank],,Unidata missing; GPKG empty
pair,yearbuilt,15022030,Mountain View,[blank],,Unidata missing; GPKG empty
pair,yearbuilt,15022031,Mountain View,[blank],,Unidata missing; GPKG empty
pair,yearbuilt,15022041,Mountain View,[blank],,Unidata missing; GPKG empty
pair,yearbuilt,15024020,Mountain View,[blank],,Unidata missing; GPKG empty
pair,yearbuilt,15026005,Mountain View,[blank],,Unidata missing; GPKG empty
pair,yearbuilt,15301010,Mountain View,[blank],,Unidata missing; GPKG empty
pair,yearbuilt,15302002,Mountain View,[blank],,Unidata missing; GPKG empty
pair,yearbuilt,15302039,Mountain View,[blank],,Unidata missing; GPKG empty
pair,yearbuilt,15303008,Mountain View,[blank],,Unidata missing; GPKG empty
pair,yearbuilt,15303035,Mountain View,[blank],,Unidata missing; GPKG empty
pair,yearbuilt,15303036,Mountain View,[blank],,Unidata missing; GPKG empty
pair,yearbuilt,15303037,Mountain View,[blank],,Unidata missing; GPKG empty
pair,yearbuilt,15303038,Mountain View,[blank],,Unidata missing; GPKG empty
pair,yearbuilt,15303039,Mountain View,[blank],,Unidata missing; GPKG empty
pair,yearbuilt,15303040,Mountain View,[blank],,Unidata missing; GPKG empty
pair,yearbuilt,15303041,Mountain View,[blank],,Unidata missing; GPKG empty
pair,yearbuilt,15303042,Mountain View,[blank],,Unidata missing; GPKG empty
pair,yearbuilt,15303043,Mountain View,[blank],,Unidata missing; GPKG empty
pair,yearbuilt,15304005,Mountain View,[blank],,Unidata missing; GPKG empty
pair,yearbuilt,15304035,Mountain View,[blank],,Unidata missing; GPKG empty
pair,yearbuilt,15304036,Mountain View,[blank],,Unidata missing; GPKG empty
pair,yearbuilt,15311001,Mountain View,[blank],,Unidata missing; GPKG empty
pair,yearbuilt,15311061,Mountain View,[blank],,Unidata missing; GPKG empty
pair,yearbuilt,15311062,Mountain View,[blank],,Unidata missing; GPKG empty
pair,address,15314022,Mountain View,[blank],,Unidata missing; GPKG empty
pair,yearbuilt,15314022,Mountain View,[blank],,Unidata missing; GPKG empty
pair,yearbuilt,15314024,Mountain View,[blank],,Unidata missing; GPKG empty
pair,yearbuilt,15314025,Mountain View,[blank],,Unidata missing; GPKG empty
pair,address,15314026,Mountain View,[blank],,Unidata missing; GPKG empty
pair,yearbuilt,15314026,Mountain View,[blank],,Unidata missing; GPKG empty
pair,yearbuilt,15315021,Mountain View,[blank],,Unidata missing; GPKG empty
pair,yearbuilt,15315037,Mountain View,[blank],,Unidata missing; GPKG empty
pair,yearbuilt,15316012,Mountain View,[blank],,Unidata missing; GPKG empty
pair,yearbuilt,15316047,Mountain View,[blank],,Unidata missing; GPKG empty
pair,yearbuilt,15317044,Mountain View,[blank],,Unidata missing; GPKG empty
pair,yearbuilt,15317053,Mountain View,[blank],,Unidata missing; GPKG empty
pair,yearbuilt,15318023,Mountain View,[blank],,Unidata missing; GPKG empty
pair,yearbuilt,15318030,Mountain View,[blank],,Unidata missing; GPKG empty
pair,yearbuilt,15318031,Mountain View,[blank],,Unidata missing; GPKG empty
pair,yearbuilt,15318036,Mountain View,[blank],,Unidata missing; GPKG empty
pair,yearbuilt,15319004,Mountain View,[blank],,Unidata missing; GPKG empty
pair,yearbuilt,15319005,Mountain View,[blank],,Unidata missing; GPKG empty
pair,yearbuilt,15319006,Mountain View,[blank],,Unidata missing; GPKG empty
pair,yearbuilt,15322001,Mountain View,[blank],,Unidata missing; GPKG empty
pair,yearbuilt,15324003,Mountain View,[blank],,Unidata missing; GPKG empty
pair,scity,15324012,,[blank],,Unidata missing; GPKG empty
pair,yearbuilt,15324012,,[blank],,Unidata missing; GPKG empty
pair,yearbuilt,15324020,Mountain View,[blank],,Unidata missing; GPKG empty
pair,yearbuilt,15324021,Mountain View,[blank],,Unidata missing; GPKG empty
pair,yearbuilt,15324022,Mountain View,[blank],,Unidata missing; GPKG empty
pair,yearbuilt,15325001,Mountain View,[blank],,Unidata missing; GPKG empty
pair,yearbuilt,15325002,Mountain View,[blank],,Unidata missing; GPKG empty
pair,yearbuilt,15325003,Mountain View,[blank],,Unidata missing; GPKG empty
pair,yearbuilt,15326005,Mountain View,[blank],,Unidata missing; GPKG empty
pair,yearbuilt,15326087,Mountain View,[blank],,Unidata missing; GPKG empty
pair,yearbuilt,15326088,Mountain View,[blank],,Unidata missing; GPKG empty
pair,yearbuilt,15327005,Mountain View,[blank],,Unidata missing; GPKG empty
pair,yearbuilt,15327012,Mountain View,[blank],,Unidata missing; GPKG empty
pair,yearbuilt,15327020,Mountain View,[blank],,Unidata missing; GPKG empty
pair,yearbuilt,15328029,Mountain View,[blank],,Unidata missing; GPKG empty
pair,yearbuilt,15328032,Mountain View,[blank],,Unidata missing; GPKG empty
pair,address,15328054,Mountain View,[blank],,Unidata missing; GPKG empty
pair,yearbuilt,15328054,Mountain View,[blank],,Unidata missing; GPKG empty
pair,yearbuilt,15328072,Mountain View,[blank],,Unidata missing; GPKG empty
pair,address,15328080,Mountain View,[blank],,Unidata missing; GPKG empty
pair,yearbuilt,15328080,Mountain View,[blank],,Unidata missing; GPKG empty
pair,yearbuilt,15401001,Mountain View,[blank],,Unidata missing; GPKG empty
pair,yearbuilt,15401027,Mountain View,[blank],,Unidata missing; GPKG empty
pair,yearbuilt,15401030,Mountain View,[blank],,Unidata missing; GPKG empty
pair,yearbuilt,15401032,Mountain View,[blank],,Unidata missing; GPKG empty
pair,yearbuilt,15402038,Mountain View,[blank],,Unidata missing; GPKG empty
pair,address,15402055,Mountain View,[blank],,Unidata missing; GPKG empty
pair,yearbuilt,15402055,Mountain View,[blank],,Unidata missing; GPKG empty
pair,zoning,15402055,Mountain View,[blank],,Unidata missing; GPKG empty
pair,address,15402056,Mountain View,[blank],,Unidata missing; GPKG empty
pair,yearbuilt,15402056,Mountain View,[blank],,Unidata missing; GPKG empty
pair,zoning,15402056,Mountain View,[blank],,Unidata missing; GPKG empty
pair,yearbuilt,15402057,Mountain View,[blank],,Unidata missing; GPKG empty
pair,yearbuilt,15402058,Mountain View,[blank],,Unidata missing; GPKG empty
pair,address,15404014,Mountain View,[blank],,Unidata missing; GPKG empty
pair,yearbuilt,15404014,Mountain View,[blank],,Unidata missing; GPKG empty
pair,zoning,15404014,Mountain View,[blank],,Unidata missing; GPKG empty
pair,address,15404015,Mountain View,[blank],,Unidata missing; GPKG empty
pair,yearbuilt,15404015,Mountain View,[blank],,Unidata missing; GPKG empty
pair,zoning,15404015,Mountain View,[blank],,Unidata missing; GPKG empty
pair,yearbuilt,15408035,Mountain View,[blank],,Unidata missing; GPKG empty
pair,yearbuilt,15408038,Mountain View,[blank],,Unidata missing; GPKG empty
pair,yearbuilt,15409021,Mountain View,[blank],,Unidata missing; GPKG empty
pair,yearbuilt,15409022,Mountain View,[blank],,Unidata missing; GPKG empty
pair,yearbuilt,15410093,Mountain View,[blank],,Unidata missing; GPKG empty
pair,yearbuilt,15412003,Mountain View,[blank],,Unidata missing; GPKG empty
pair,yearbuilt,15412009,Mountain View,[blank],,Unidata missing; GPKG empty
pair,yearbuilt,15412012,Mountain View,[blank],,Unidata missing; GPKG empty
pair,yearbuilt,15421017,Mountain View,[blank],,Unidata missing; GPKG empty
pair,yearbuilt,15422004,Mountain View,[blank],,Unidata missing; GPKG empty
pair,yearbuilt,15422037,Mountain View,[blank],,Unidata missing; GPKG empty
pair,yearbuilt,15423046,Mountain View,[blank],,Unidata missing; GPKG empty
pair,yearbuilt,15425009,Mountain View,[blank],,Unidata missing; GPKG empty
pair,yearbuilt,15425076,Mountain View,[blank],,Unidata missing; GPKG empty
pair,yearbuilt,15425077,Mountain View,[blank],,Unidata missing; GPKG empty
pair,yearbuilt,15425078,Mountain View,[blank],,Unidata missing; GPKG empty
pair,yearbuilt,15425079,Mountain View,[blank],,Unidata missing; GPKG empty
pair,yearbuilt,15430062,Mountain View,[blank],,Unidata missing; GPKG empty
pair,yearbuilt,15430064,Mountain View,[blank],,Unidata missing; GPKG empty
pair,yearbuilt,15430066,Mountain View,[blank],,Unidata missing; GPKG empty
pair,yearbuilt,15434032,Mountain View,[blank],,Unidata missing; GPKG empty
pair,yearbuilt,15801015,Mountain View,[blank],,Unidata missing; GPKG empty
pair,yearbuilt,15801039,Mountain View,[blank],,Unidata missing; GPKG empty
pair,yearbuilt,15804055,Mountain View,[blank],,Unidata missing; GPKG empty
pair,yearbuilt,15805001,Mountain View,[blank],,Unidata missing; GPKG empty
pair,yearbuilt,15805005,Mountain View,[blank],,Unidata missing; GPKG empty
pair,yearbuilt,15805033,Mountain View,[blank],,Unidata missing; GPKG empty
pair,yearbuilt,15805067,Mountain View,[blank],,Unidata missing; GPKG empty
pair,yearbuilt,15806002,Mountain View,[blank],,Unidata missing; GPKG empty
pair,yearbuilt,15806003,Mountain View,[blank],,Unidata missing; GPKG empty
pair,yearbuilt,15806009,Mountain View,[blank],,Unidata missing; GPKG empty
pair,yearbuilt,15808002,Mountain View,[blank],,Unidata missing; GPKG empty
pair,yearbuilt,15808003,Mountain View,[blank],,Unidata missing; GPKG empty
pair,yearbuilt,15810032,Mountain View,[blank],,Unidata missing; GPKG empty
pair,yearbuilt,15810044,Mountain View,[blank],,Unidata missing; GPKG empty
pair,yearbuilt,15811012,Mountain View,[blank],,Unidata missing; GPKG empty
pair,yearbuilt,15811050,Mountain View,[blank],,Unidata missing; GPKG empty
pair,yearbuilt,15811061,Mountain View,[blank],,Unidata missing; GPKG empty
pair,yearbuilt,15812012,Mountain View,[blank],,Unidata missing; GPKG empty
pair,yearbuilt,15812013,Mountain View,[blank],,Unidata missing; GPKG empty
pair,yearbuilt,15812039,Mountain View,[blank],,Unidata missing; GPKG empty
pair,yearbuilt,15812040,Mountain View,[blank],,Unidata missing; GPKG empty
pair,yearbuilt,15812041,Mountain View,[blank],,Unidata missing; GPKG empty
pair,yearbuilt,15812051,Mountain View,[blank],,Unidata missing; GPKG empty
pair,yearbuilt,15812062,Mountain View,[blank],,Unidata missing; GPKG empty
pair,yearbuilt,15813004,Mountain View,[blank],,Unidata missing; GPKG empty
pair,yearbuilt,15813021,Mountain View,[blank],,Unidata missing; GPKG empty
pair,yearbuilt,15813030,Mountain View,[blank],,Unidata missing; GPKG empty
pair,yearbuilt,15813052,Mountain View,[blank],,Unidata missing; GPKG empty
pair,yearbuilt,15815016,Mountain View,[blank],,Unidata missing; GPKG empty
pair,yearbuilt,15815027,Mountain View,[blank],,Unidata missing; GPKG empty
pair,yearbuilt,15815031,Mountain View,[blank],,Unidata missing; GPKG empty
pair,yearbuilt,15820004,Mountain View,[blank],,Unidata missing; GPKG empty
pair,yearbuilt,15820019,Mountain View,[blank],,Unidata missing; GPKG empty
pair,address,15820022,Mountain View,[blank],,Unidata missing; GPKG empty
pair,yearbuilt,15820022,Mountain View,[blank],,Unidata missing; GPKG empty
pair,yearbuilt,15820056,Mountain View,[blank],,Unidata missing; GPKG empty
pair,yearbuilt,15820062,Mountain View,[blank],,Unidata missing; GPKG empty
pair,yearbuilt,15820063,Mountain View,[blank],,Unidata missing; GPKG empty
pair,yearbuilt,15820064,Mountain View,[blank],,Unidata missing; GPKG empty
pair,yearbuilt,15820065,Mountain View,[blank],,Unidata missing; GPKG empty
pair,yearbuilt,15820072,Mountain View,[blank],,Unidata missing; GPKG empty
pair,yearbuilt,15822014,Mountain View,[blank],,Unidata missing; GPKG empty
pair,yearbuilt,15822020,Mountain View,[blank],,Unidata missing; GPKG empty
pair,yearbuilt,15822023,Mountain View,[blank],,Unidata missing; GPKG empty
pair,yearbuilt,15822025,Mountain View,[blank],,Unidata missing; GPKG empty
pair,yearbuilt,15823021,Mountain View,[blank],,Unidata missing; GPKG empty
pair,yearbuilt,15823028,Mountain View,[blank],,Unidata missing; GPKG empty
pair,yearbuilt,15823031,Mountain View,[blank],,Unidata missing; GPKG empty
pair,yearbuilt,15823044,Mountain View,[blank],,Unidata missing; GPKG empty
pair,yearbuilt,15823045,Mountain View,[blank],,Unidata missing; GPKG empty
pair,yearbuilt,15823075,Mountain View,[blank],,Unidata missing; GPKG empty
pair,yearbuilt,15825012,Mountain View,[blank],,Unidata missing; GPKG empty
pair,yearbuilt,15825013,Mountain View,[blank],,Unidata missing; GPKG empty
pair,yearbuilt,15825015,Mountain View,[blank],,Unidata missing; GPKG empty
pair,yearbuilt,15827001,Mountain View,[blank],,Unidata missing; GPKG empty
pair,yearbuilt,15827002,Mountain View,[blank],,Unidata missing; GPKG empty
pair,yearbuilt,15828041,Mountain View,[blank],,Unidata missing; GPKG empty
pair,yearbuilt,15831028,Mountain View,[blank],,Unidata missing; GPKG empty
pair,yearbuilt,15832001,Mountain View,[blank],,Unidata missing; GPKG empty
pair,yearbuilt,15832004,Mountain View,[blank],,Unidata missing; GPKG empty
pair,yearbuilt,15833001,Mountain View,[blank],,Unidata missing; GPKG empty
pair,yearbuilt,15837009,Mountain View,[blank],,Unidata missing; GPKG empty
pair,yearbuilt,15837010,Mountain View,[blank],,Unidata missing; GPKG empty
pair,yearbuilt,15838027,Mountain View,[blank],,Unidata missing; GPKG empty
pair,yearbuilt,15838039,Mountain View,[blank],,Unidata missing; GPKG empty
pair,yearbuilt,15841010,Mountain View,[blank],,Unidata missing; GPKG empty
pair,yearbuilt,15842009,Mountain View,[blank],,Unidata missing; GPKG empty
pair,yearbuilt,15842021,Mountain View,[blank],,Unidata missing; GPKG empty
pair,yearbuilt,15844001,Mountain View,[blank],,Unidata missing; GPKG empty
pair,yearbuilt,15848001,Mountain View,[blank],,Unidata missing; GPKG empty
pair,yearbuilt,15848002,Mountain View,[blank],,Unidata missing; GPKG empty
pair,yearbuilt,15850193,Mountain View,[blank],,Unidata missing; GPKG empty
pair,yearbuilt,16004001,Mountain View,[blank],,Unidata missing; GPKG empty
pair,yearbuilt,16004002,Mountain View,[blank],,Unidata missing; GPKG empty
pair,yearbuilt,16004017,Mountain View,[blank],,Unidata missing; GPKG empty
pair,yearbuilt,16004018,Mountain View,[blank],,Unidata missing; GPKG empty
pair,yearbuilt,16004019,Mountain View,[blank],,Unidata missing; GPKG empty
pair,yearbuilt,16004020,Mountain View,[blank],,Unidata missing; GPKG empty
pair,yearbuilt,16010021,Mountain View,[blank],,Unidata missing; GPKG empty
pair,yearbuilt,16019132,Mountain View,[blank],,Unidata missing; GPKG empty
pair,yearbuilt,16019134,Mountain View,[blank],,Unidata missing; GPKG empty
pair,yearbuilt,16021003,Mountain View,[blank],,Unidata missing; GPKG empty
pair,yearbuilt,16023001,Mountain View,[blank],,Unidata missing; GPKG empty
pair,yearbuilt,16023002,Mountain View,[blank],,Unidata missing; GPKG empty
pair,yearbuilt,16023004,Mountain View,[blank],,Unidata missing; GPKG empty
pair,yearbuilt,16023006,Mountain View,[blank],,Unidata missing; GPKG empty
pair,yearbuilt,16023007,Mountain View,[blank],,Unidata missing; GPKG empty
pair,yearbuilt,16028003,Mountain View,[blank],,Unidata missing; GPKG empty
pair,yearbuilt,16028006,Mountain View,[blank],,Unidata missing; GPKG empty
pair,yearbuilt,16037002,Mountain View,[blank],,Unidata missing; GPKG empty
pair,yearbuilt,16037006,Mountain View,[blank],,Unidata missing; GPKG empty
pair,yearbuilt,16037007,Mountain View,[blank],,Unidata missing; GPKG empty
pair,yearbuilt,16037008,Mountain View,[blank],,Unidata missing; GPKG empty
pair,yearbuilt,16037009,Mountain View,[blank],,Unidata missing; GPKG empty
pair,yearbuilt,16039023,Mountain View,[blank],,Unidata missing; GPKG empty
pair,yearbuilt,16039024,Mountain View,[blank],,Unidata missing; GPKG empty
pair,yearbuilt,16039025,Mountain View,[blank],,Unidata missing; GPKG empty
pair,yearbuilt,16040025,Mountain View,[blank],,Unidata missing; GPKG empty
pair,yearbuilt,16044001,Mountain View,[blank],,Unidata missing; GPKG empty
pair,yearbuilt,16044004,Mountain View,[blank],,Unidata missing; GPKG empty
pair,address,16044007,Mountain View,[blank],,Unidata missing; GPKG empty
pair,yearbuilt,16044007,Mountain View,[blank],,Unidata missing; GPKG empty
pair,zoning,16044007,Mountain View,[blank],,Unidata missing; GPKG empty
pair,address,16044008,Mountain View,[blank],,Unidata missing; GPKG empty
pair,yearbuilt,16044008,Mountain View,[blank],,Unidata missing; GPKG empty
pair,zoning,16044008,Mountain View,[blank],,Unidata missing; GPKG empty
pair,yearbuilt,16045005,Mountain View,[blank],,Unidata missing; GPKG empty
pair,yearbuilt,16045006,Mountain View,[blank],,Unidata missing; GPKG empty
pair,yearbuilt,16045007,Mountain View,[blank],,Unidata missing; GPKG empty
pair,address,16045008,Mountain View,[blank],,Unidata missing; GPKG empty
pair,yearbuilt,16045008,Mountain View,[blank],,Unidata missing; GPKG empty
pair,zoning,16045008,Mountain View,[blank],,Unidata missing; GPKG empty
pair,address,16045009,Mountain View,[blank],,Unidata missing; GPKG empty
pair,yearbuilt,16045009,Mountain View,[blank],,Unidata missing; GPKG empty
pair,zoning,16045009,Mountain View,[blank],,Unidata missing; GPKG empty
pair,address,16045010,Mountain View,[blank],,Unidata missing; GPKG empty
pair,yearbuilt,16045010,Mountain View,[blank],,Unidata missing; GPKG empty
pair,zoning,16045010,Mountain View,[blank],,Unidata missing; GPKG empty
pair,address,16045011,Mountain View,[blank],,Unidata missing; GPKG empty
pair,yearbuilt,16045011,Mountain View,[blank],,Unidata missing; GPKG empty
pair,zoning,16045011,Mountain View,[blank],,Unidata missing; GPKG empty
pair,yearbuilt,16051001,Mountain View,[blank],,Unidata missing; GPKG empty
pair,address,16052019,Mountain View,[blank],,Unidata missing; GPKG empty
pair,yearbuilt,16052019,Mountain View,[blank],,Unidata missing; GPKG empty
pair,address,16052022,Mountain View,[blank],,Unidata missing; GPKG empty
pair,yearbuilt,16052022,Mountain View,[blank],,Unidata missing; GPKG empty
pair,yearbuilt,16052023,Mountain View,[blank],,Unidata missing; GPKG empty
pair,yearbuilt,16053001,Mountain View,[blank],,Unidata missing; GPKG empty
pair,yearbuilt,16055001,Mountain View,[blank],,Unidata missing; GPKG empty
pair,yearbuilt,16055017,Mountain View,[blank],,Unidata missing; GPKG empty
pair,yearbuilt,16055018,Mountain View,[blank],,Unidata missing; GPKG empty
pair,yearbuilt,16055024,Mountain View,[blank],,Unidata missing; GPKG empty
pair,zoning,16055024,Mountain View,[blank],,Unidata missing; GPKG empty
pair,address,16055025,Mountain View,[blank],,Unidata missing; GPKG empty
pair,yearbuilt,16055025,Mountain View,[blank],,Unidata missing; GPKG empty
pair,zoning,16055025,Mountain View,[blank],,Unidata missing; GPKG empty
pair,address,16055026,Mountain View,[blank],,Unidata missing; GPKG empty
pair,yearbuilt,16055026,Mountain View,[blank],,Unidata missing; GPKG empty
pair,zoning,16055026,Mountain View,[blank],,Unidata missing; GPKG empty
pair,address,16055027,Mountain View,[blank],,Unidata missing; GPKG empty
pair,yearbuilt,16055027,Mountain View,[blank],,Unidata missing; GPKG empty
pair,yearbuilt,16055031,Mountain View,[blank],,Unidata missing; GPKG empty
pair,address,16055032,Mountain View,[blank],,Unidata missing; GPKG empty
pair,yearbuilt,16055032,Mountain View,[blank],,Unidata missing; GPKG empty
pair,yearbuilt,16055033,Mountain View,[blank],,Unidata missing; GPKG empty
pair,yearbuilt,16056003,Sunnyvale,[blank],,Unidata missing; GPKG empty
pair,yearbuilt,16058018,Mountain View,[blank],,Unidata missing; GPKG empty
pair,address,16060010,Mountain View,[blank],,Unidata missing; GPKG empty
pair,yearbuilt,16060010,Mountain View,[blank],,Unidata missing; GPKG empty
pair,yearbuilt,16060018,Mountain View,[blank],,Unidata missing; GPKG empty
pair,yearbuilt,16060019,Mountain View,[blank],,Unidata missing; GPKG empty
pair,yearbuilt,16061038,Mountain View,[blank],,Unidata missing; GPKG empty
pair,yearbuilt,16061057,Mountain View,[blank],,Unidata missing; GPKG empty
pair,yearbuilt,16063002,Mountain View,[blank],,Unidata missing; GPKG empty
pair,zoning,16063002,Mountain View,[blank],,Unidata missing; GPKG empty
pair,address,16063003,Mountain View,[blank],,Unidata missing; GPKG empty
pair,yearbuilt,16063003,Mountain View,[blank],,Unidata missing; GPKG empty
pair,zoning,16063003,Mountain View,[blank],,Unidata missing; GPKG empty
pair,address,16063004,Mountain View,[blank],,Unidata missing; GPKG empty
pair,yearbuilt,16063004,Mountain View,[blank],,Unidata missing; GPKG empty
pair,zoning,16063004,Mountain View,[blank],,Unidata missing; GPKG empty
pair,yearbuilt,16064002,Mountain View,[blank],,Unidata missing; GPKG empty
pair,yearbuilt,16064023,Mountain View,[blank],,Unidata missing; GPKG empty
pair,yearbuilt,16065008,Mountain View,[blank],,Unidata missing; GPKG empty
pair,yearbuilt,16066004,Mountain View,[blank],,Unidata missing; GPKG empty
pair,yearbuilt,16069001,Mountain View,[blank],,Unidata missing; GPKG empty
pair,yearbuilt,16069006,Mountain View,[blank],,Unidata missing; GPKG empty
pair,address,16073046,Mountain View,[blank],,Unidata missing; GPKG empty
pair,yearbuilt,16073046,Mountain View,[blank],,Unidata missing; GPKG empty
pair,address,16073047,Mountain View,[blank],,Unidata missing; GPKG empty
pair,yearbuilt,16073047,Mountain View,[blank],,Unidata missing; GPKG empty
pair,yearbuilt,16073054,Mountain View,[blank],,Unidata missing; GPKG empty
pair,yearbuilt,16075025,Mountain View,[blank],,Unidata missing; GPKG empty
pair,yearbuilt,16085036,Mountain View,[blank],,Unidata missing; GPKG empty
pair,yearbuilt,16088021,Mountain View,[blank],,Unidata missing; GPKG empty
pair,yearbuilt,16101001,Mountain View,[blank],,Unidata missing; GPKG empty
pair,yearbuilt,16101002,Mountain View,[blank],,Unidata missing; GPKG empty
pair,yearbuilt,16101003,Mountain View,[blank],,Unidata missing; GPKG empty
pair,yearbuilt,16101010,Mountain View,[blank],,Unidata missing; GPKG empty
pair,yearbuilt,16101013,Mountain View,[blank],,Unidata missing; GPKG empty
pair,yearbuilt,16102003,Mountain View,[blank],,Unidata missing; GPKG empty
pair,yearbuilt,16102004,Mountain View,[blank],,Unidata missing; GPKG empty
pair,yearbuilt,16102010,Mountain View,[blank],,Unidata missing; GPKG empty
pair,yearbuilt,16102011,Mountain View,[blank],,Unidata missing; GPKG empty
pair,yearbuilt,16102012,Mountain View,[blank],,Unidata missing; GPKG empty
pair,yearbuilt,16102013,Mountain View,[blank],,Unidata missing; GPKG empty
pair,yearbuilt,16102015,Mountain View,[blank],,Unidata missing; GPKG empty
pair,yearbuilt,16103001,Mountain View,[blank],,Unidata missing; GPKG empty
pair,yearbuilt,16103034,Mountain View,[blank],,Unidata missing; GPKG empty
pair,yearbuilt,16104001,Mountain View,[blank],,Unidata missing; GPKG empty
pair,yearbuilt,16104005,Mountain View,[blank],,Unidata missing; GPKG empty
pair,yearbuilt,16104016,Mountain View,[blank],,Unidata missing; GPKG empty
pair,yearbuilt,16105003,Mountain View,[blank],,Unidata missing; GPKG empty
pair,yearbuilt,16105006,Mountain View,[blank],,Unidata missing; GPKG empty
pair,yearbuilt,16106066,Mountain View,[blank],,Unidata missing; GPKG empty
pair,yearbuilt,16106067,Mountain View,[blank],,Unidata missing; GPKG empty
pair,yearbuilt,16109039,Mountain View,[blank],,Unidata missing; GPKG empty
pair,yearbuilt,16113015,Mountain View,[blank],,Unidata missing; GPKG empty
pair,yearbuilt,16114007,Mountain View,[blank],,Unidata missing; GPKG empty
pair,yearbuilt,16114024,Mountain View,[blank],,Unidata missing; GPKG empty
pair,yearbuilt,16114026,Mountain View,[blank],,Unidata missing; GPKG empty
pair,yearbuilt,16114027,Mountain View,[blank],,Unidata missing; GPKG empty
pair,yearbuilt,16115001,Sunnyvale,[blank],,Unidata missing; GPKG empty
pair,address,16115014,Mountain View,[blank],,Unidata missing; GPKG empty
pair,yearbuilt,16115014,Mountain View,[blank],,Unidata missing; GPKG empty
pair,zoning,16115014,Mountain View,[blank],,Unidata missing; GPKG empty
pair,address,16115015,Mountain View,[blank],,Unidata missing; GPKG empty
pair,yearbuilt,16115015,Mountain View,[blank],,Unidata missing; GPKG empty
pair,yearbuilt,16115018,Mountain View,[blank],,Unidata missing; GPKG empty
pair,yearbuilt,16120023,Sunnyvale,[blank],,Unidata missing; GPKG empty
pair,yearbuilt,16132001,Sunnyvale,[blank],,Unidata missing; GPKG empty
pair,yearbuilt,16132002,Sunnyvale,[blank],,Unidata missing; GPKG empty
pair,yearbuilt,16132003,Sunnyvale,[blank],,Unidata missing; GPKG empty
pair,yearbuilt,16132004,Sunnyvale,[blank],,Unidata missing; GPKG empty
pair,yearbuilt,16132005,Sunnyvale,[blank],,Unidata missing; GPKG empty
pair,address,16132007,Sunnyvale,[blank],,Unidata missing; GPKG empty
pair,yearbuilt,16132007,Sunnyvale,[blank],,Unidata missing; GPKG empty
pair,address,16132008,Sunnyvale,[blank],,Unidata missing; GPKG empty
pair,yearbuilt,16132008,Sunnyvale,[blank],,Unidata missing; GPKG empty
pair,zoning,16132008,Sunnyvale,[blank],,Unidata missing; GPKG empty
pair,address,16132009,Mountain View,[blank],,Unidata missing; GPKG empty
pair,yearbuilt,16132009,Mountain View,[blank],,Unidata missing; GPKG empty
pair,zoning,16132009,Mountain View,[blank],,Unidata missing; GPKG empty
pair,address,16132010,Sunnyvale,[blank],,Unidata missing; GPKG empty
pair,yearbuilt,16132010,Sunnyvale,[blank],,Unidata missing; GPKG empty
pair,zoning,16132010,Sunnyvale,[blank],,Unidata missing; GPKG empty
pair,address,16132011,Sunnyvale,[blank],,Unidata missing; GPKG empty
pair,yearbuilt,16132011,Sunnyvale,[blank],,Unidata missing; GPKG empty
pair,address,16132012,Sunnyvale,[blank],,Unidata missing; GPKG empty
pair,yearbuilt,16132012,Sunnyvale,[blank],,Unidata missing; GPKG empty
pair,yearbuilt,16134002,Sunnyvale,[blank],,Unidata missing; GPKG empty
pair,yearbuilt,16134004,Sunnyvale,[blank],,Unidata missing; GPKG empty
pair,address,16134005,Sunnyvale,[blank],,Unidata missing; GPKG empty
pair,yearbuilt,16134005,Sunnyvale,[blank],,Unidata missing; GPKG empty
pair,address,16134006,Sunnyvale,[blank],,Unidata missing; GPKG empty
pair,yearbuilt,16134006,Sunnyvale,[blank],,Unidata missing; GPKG empty
pair,yearbuilt,16136001,Sunnyvale,[blank],,Unidata missing; GPKG empty
pair,yearbuilt,16136002,Sunnyvale,[blank],,Unidata missing; GPKG empty
pair,address,16136026,Sunnyvale,[blank],,Unidata missing; GPKG empty
pair,yearbuilt,16136026,Sunnyvale,[blank],,Unidata missing; GPKG empty
pair,yearbuilt,16140004,Sunnyvale,[blank],,Unidata missing; GPKG empty
pair,yearbuilt,16502001,Sunnyvale,[blank],,Unidata missing; GPKG empty
pair,yearbuilt,16502002,Sunnyvale,[blank],,Unidata missing; GPKG empty
pair,yearbuilt,16502003,Sunnyvale,[blank],,Unidata missing; GPKG empty
pair,yearbuilt,16502004,Sunnyvale,[blank],,Unidata missing; GPKG empty
pair,yearbuilt,16502005,Sunnyvale,[blank],,Unidata missing; GPKG empty
pair,yearbuilt,16503008,Sunnyvale,[blank],,Unidata missing; GPKG empty
pair,yearbuilt,16504001,Sunnyvale,[blank],,Unidata missing; GPKG empty
pair,yearbuilt,16504012,Sunnyvale,[blank],,Unidata missing; GPKG empty
pair,yearbuilt,16504019,Sunnyvale,[blank],,Unidata missing; GPKG empty
pair,yearbuilt,16510035,Sunnyvale,[blank],,Unidata missing; GPKG empty
pair,yearbuilt,16511001,Sunnyvale,[blank],,Unidata missing; GPKG empty
pair,yearbuilt,16511007,Sunnyvale,[blank],,Unidata missing; GPKG empty
pair,address,16511008,Sunnyvale,[blank],,Unidata missing; GPKG empty
pair,yearbuilt,16511008,Sunnyvale,[blank],,Unidata missing; GPKG empty
pair,yearbuilt,16513051,Sunnyvale,[blank],,Unidata missing; GPKG empty
pair,yearbuilt,16513052,Sunnyvale,[blank],,Unidata missing; GPKG empty
pair,yearbuilt,16513053,Sunnyvale,[blank],,Unidata missing; GPKG empty
pair,yearbuilt,16514018,Sunnyvale,[blank],,Unidata missing; GPKG empty
pair,yearbuilt,16514045,Sunnyvale,[blank],,Unidata missing; GPKG empty
pair,yearbuilt,16514046,Sunnyvale,[blank],,Unidata missing; GPKG empty
pair,yearbuilt,16514069,Sunnyvale,[blank],,Unidata missing; GPKG empty
pair,yearbuilt,16515020,Sunnyvale,[blank],,Unidata missing; GPKG empty
pair,yearbuilt,16515055,Sunnyvale,[blank],,Unidata missing; GPKG empty
pair,yearbuilt,16516034,Sunnyvale,[blank],,Unidata missing; GPKG empty
pair,yearbuilt,16520015,Sunnyvale,[blank],,Unidata missing; GPKG empty
pair,yearbuilt,16520018,Sunnyvale,[blank],,Unidata missing; GPKG empty
pair,yearbuilt,16520027,Sunnyvale,[blank],,Unidata missing; GPKG empty
pair,address,16520029,Sunnyvale,[blank],,Unidata missing; GPKG empty
pair,yearbuilt,16520029,Sunnyvale,[blank],,Unidata missing; GPKG empty
pair,address,16520030,Sunnyvale,[blank],,Unidata missing; GPKG empty
pair,yearbuilt,16520030,Sunnyvale,[blank],,Unidata missing; GPKG empty
pair,yearbuilt,16523159,Sunnyvale,[blank],,Unidata missing; GPKG empty
pair,yearbuilt,16523160,Sunnyvale,[blank],,Unidata missing; GPKG empty
pair,yearbuilt,16526005,Sunnyvale,[blank],,Unidata missing; GPKG empty
pair,yearbuilt,16527001,Sunnyvale,[blank],,Unidata missing; GPKG empty
pair,yearbuilt,16527011,Sunnyvale,[blank],,Unidata missing; GPKG empty
pair,yearbuilt,16530018,Sunnyvale,[blank],,Unidata missing; GPKG empty
pair,yearbuilt,16530019,Sunnyvale,[blank],,Unidata missing; GPKG empty
pair,yearbuilt,16532008,Sunnyvale,[blank],,Unidata missing; GPKG empty
pair,yearbuilt,16532016,Sunnyvale,[blank],,Unidata missing; GPKG empty
pair,yearbuilt,16533012,Sunnyvale,[blank],,Unidata missing; GPKG empty
pair,address,16536001,Mountain View,[blank],,Unidata missing; GPKG empty
pair,yearbuilt,16536001,Mountain View,[blank],,Unidata missing; GPKG empty
pair,yearbuilt,16539010,Sunnyvale,[blank],,Unidata missing; GPKG empty
pair,yearbuilt,16540002,Sunnyvale,[blank],,Unidata missing; GPKG empty
pair,yearbuilt,16540005,Sunnyvale,[blank],,Unidata missing; GPKG empty
pair,yearbuilt,16540022,Sunnyvale,[blank],,Unidata missing; GPKG empty
pair,yearbuilt,16542011,Sunnyvale,[blank],,Unidata missing; GPKG empty
pair,yearbuilt,16543020,Sunnyvale,[blank],,Unidata missing; GPKG empty
pair,yearbuilt,16544003,Sunnyvale,[blank],,Unidata missing; GPKG empty
pair,yearbuilt,16544005,Sunnyvale,[blank],,Unidata missing; GPKG empty
pair,yearbuilt,16544007,Sunnyvale,[blank],,Unidata missing; GPKG empty
pair,yearbuilt,16544008,Sunnyvale,[blank],,Unidata missing; GPKG empty
pair,yearbuilt,16544009,Sunnyvale,[blank],,Unidata missing; GPKG empty
pair,yearbuilt,16544010,Sunnyvale,[blank],,Unidata missing; GPKG empty
pair,yearbuilt,16544011,Sunnyvale,[blank],,Unidata missing; GPKG empty
pair,yearbuilt,16701001,Palo Alto,[blank],,Unidata missing; GPKG empty
pair,yearbuilt,16701011,Palo Alto,[blank],,Unidata missing; GPKG empty
pair,yearbuilt,16703020,Palo Alto,[blank],,Unidata missing; GPKG empty
pair,yearbuilt,16703021,Palo Alto,[blank],,Unidata missing; GPKG empty
pair,yearbuilt,16703022,Palo Alto,[blank],,Unidata missing; GPKG empty
pair,yearbuilt,16703025,Palo Alto,[blank],,Unidata missing; GPKG empty
pair,yearbuilt,16704001,Palo Alto,[blank],,Unidata missing; GPKG empty
pair,yearbuilt,16704002,Palo Alto,[blank],,Unidata missing; GPKG empty
pair,yearbuilt,16704008,Palo Alto,[blank],,Unidata missing; GPKG empty
pair,yearbuilt,16704010,Palo Alto,[blank],,Unidata missing; GPKG empty
pair,yearbuilt,16704013,Palo Alto,[blank],,Unidata missing; GPKG empty
pair,yearbuilt,16704014,Palo Alto,[blank],,Unidata missing; GPKG empty
pair,yearbuilt,16704015,Palo Alto,[blank],,Unidata missing; GPKG empty
pair,yearbuilt,16704016,Palo Alto,[blank],,Unidata missing; GPKG empty
pair,yearbuilt,16705003,Palo Alto,[blank],,Unidata missing; GPKG empty
pair,yearbuilt,16705028,Palo Alto,[blank],,Unidata missing; GPKG empty
pair,yearbuilt,16705030,Palo Alto,[blank],,Unidata missing; GPKG empty
pair,yearbuilt,16705031,Palo Alto,[blank],,Unidata missing; GPKG empty
pair,yearbuilt,16706065,Palo Alto,[blank],,Unidata missing; GPKG empty
pair,yearbuilt,16706066,Palo Alto,[blank],,Unidata missing; GPKG empty
pair,yearbuilt,16708050,Palo Alto,[blank],,Unidata missing; GPKG empty
pair,yearbuilt,16709003,Palo Alto,[blank],,Unidata missing; GPKG empty
pair,yearbuilt,16710055,Los Altos,[blank],,Unidata missing; GPKG empty
pair,yearbuilt,16711040,Los Altos,[blank],,Unidata missing; GPKG empty
pair,yearbuilt,16712043,Los Altos,[blank],,Unidata missing; GPKG empty
pair,yearbuilt,16713046,Los Altos,[blank],,Unidata missing; GPKG empty
pair,yearbuilt,16714074,Los Altos,[blank],,Unidata missing; GPKG empty
pair,yearbuilt,16715002,Los Altos,[blank],,Unidata missing; GPKG empty
pair,yearbuilt,16717073,Los Altos,[blank],,Unidata missing; GPKG empty
pair,yearbuilt,16717079,Los Altos,[blank],,Unidata missing; GPKG empty
pair,yearbuilt,16720023,Los Altos,[blank],,Unidata missing; GPKG empty
pair,yearbuilt,16720050,Los Altos,[blank],,Unidata missing; GPKG empty
pair,yearbuilt,16722012,Los Altos,[blank],,Unidata missing; GPKG empty
pair,yearbuilt,16723116,Los Altos,[blank],,Unidata missing; GPKG empty
pair,yearbuilt,16723119,Los Altos,[blank],,Unidata missing; GPKG empty
pair,yearbuilt,16723124,Los Altos,[blank],,Unidata missing; GPKG empty
pair,yearbuilt,16723125,Los Altos,[blank],,Unidata missing; GPKG empty
pair,yearbuilt,16724029,Los Altos,[blank],,Unidata missing; GPKG empty
pair,yearbuilt,16724042,Los Altos,[blank],,Unidata missing; GPKG empty
pair,yearbuilt,16725021,Los Altos,[blank],,Unidata missing; GPKG empty
pair,yearbuilt,16727014,Los Altos,[blank],,Unidata missing; GPKG empty
pair,yearbuilt,16728027,Los Altos,[blank],,Unidata missing; GPKG empty
pair,yearbuilt,16731044,Los Altos,[blank],,Unidata missing; GPKG empty
pair,yearbuilt,16734022,Los Altos,[blank],,Unidata missing; GPKG empty
pair,yearbuilt,16735070,Los Altos,[blank],,Unidata missing; GPKG empty
pair,yearbuilt,16735076,Los Altos,[blank],,Unidata missing; GPKG empty
pair,yearbuilt,16736008,Los Altos,[blank],,Unidata missing; GPKG empty
pair,yearbuilt,16736023,Los Altos,[blank],,Unidata missing; GPKG empty
pair,yearbuilt,16736043,Los Altos,[blank],,Unidata missing; GPKG empty
pair,yearbuilt,16736068,Los Altos,[blank],,Unidata missing; GPKG empty
pair,yearbuilt,16737009,Los Altos,[blank],,Unidata missing; GPKG empty
pair,yearbuilt,16737034,Los Altos,[blank],,Unidata missing; GPKG empty
pair,yearbuilt,16737038,Los Altos,[blank],,Unidata missing; GPKG empty
pair,yearbuilt,16738002,Los Altos,[blank],,Unidata missing; GPKG empty
pair,yearbuilt,16738020,Los Altos,[blank],,Unidata missing; GPKG empty
pair,yearbuilt,16738025,Los Altos,[blank],,Unidata missing; GPKG empty
pair,yearbuilt,16738028,Los Altos,[blank],,Unidata missing; GPKG empty
pair,yearbuilt,16738029,Los Altos,[blank],,Unidata missing; GPKG empty
pair,yearbuilt,16738038,Los Altos,[blank],,Unidata missing; GPKG empty
pair,yearbuilt,16738049,Los Altos,[blank],,Unidata missing; GPKG empty
pair,yearbuilt,16738050,Los Altos,[blank],,Unidata missing; GPKG empty
pair,yearbuilt,16738051,Los Altos,[blank],,Unidata missing; GPKG empty
pair,yearbuilt,16739007,Los Altos,[blank],,Unidata missing; GPKG empty
pair,yearbuilt,16739032,Los Altos,[blank],,Unidata missing; GPKG empty
pair,yearbuilt,16739040,Los Altos,[blank],,Unidata missing; GPKG empty
pair,yearbuilt,16739057,Los Altos,[blank],,Unidata missing; GPKG empty
pair,yearbuilt,16739069,Los Altos,[blank],,Unidata missing; GPKG empty
pair,yearbuilt,16740039,Los Altos,[blank],,Unidata missing; GPKG empty
pair,yearbuilt,16740042,Los Altos,[blank],,Unidata missing; GPKG empty
pair,yearbuilt,16740044,Los Altos,[blank],,Unidata missing; GPKG empty
pair,yearbuilt,16740048,Los Altos,[blank],,Unidata missing; GPKG empty
pair,yearbuilt,16740061,Los Altos,[blank],,Unidata missing; GPKG empty
pair,yearbuilt,16740071,Los Altos,[blank],,Unidata missing; GPKG empty
pair,yearbuilt,16740072,Los Altos,[blank],,Unidata missing; GPKG empty
pair,yearbuilt,16740073,Los Altos,[blank],,Unidata missing; GPKG empty
pair,yearbuilt,16740083,Los Altos,[blank],,Unidata missing; GPKG empty
pair,yearbuilt,16741006,Los Altos,[blank],,Unidata missing; GPKG empty
pair,yearbuilt,16741016,Los Altos,[blank],,Unidata missing; GPKG empty
pair,yearbuilt,16741054,Los Altos,[blank],,Unidata missing; GPKG empty
pair,yearbuilt,16741063,Los Altos,[blank],,Unidata missing; GPKG empty
pair,yearbuilt,16741065,Los Altos,[blank],,Unidata missing; GPKG empty
pair,address,16741068,Los Altos,[blank],,Unidata missing; GPKG empty
pair,yearbuilt,16741068,Los Altos,[blank],,Unidata missing; GPKG empty
pair,address,16741069,Los Altos,[blank],,Unidata missing; GPKG empty
pair,yearbuilt,16741069,Los Altos,[blank],,Unidata missing; GPKG empty
pair,yearbuilt,16741075,Los Altos,[blank],,Unidata missing; GPKG empty
pair,yearbuilt,16741076,Los Altos,[blank],,Unidata missing; GPKG empty
pair,yearbuilt,16741079,Los Altos,[blank],,Unidata missing; GPKG empty
pair,yearbuilt,16744038,Palo Alto,[blank],,Unidata missing; GPKG empty
pair,yearbuilt,17001030,Los Altos,[blank],,Unidata missing; GPKG empty
pair,yearbuilt,17001035,Los Altos,[blank],,Unidata missing; GPKG empty
pair,yearbuilt,17001045,Los Altos,[blank],,Unidata missing; GPKG empty
pair,yearbuilt,17001064,Los Altos,[blank],,Unidata missing; GPKG empty
pair,yearbuilt,17001095,Los Altos,[blank],,Unidata missing; GPKG empty
pair,yearbuilt,17001110,Los Altos,[blank],,Unidata missing; GPKG empty
pair,yearbuilt,17002023,Los Altos,[blank],,Unidata missing; GPKG empty
pair,yearbuilt,17003011,Los Altos,[blank],,Unidata missing; GPKG empty
pair,yearbuilt,17003084,Los Altos,[blank],,Unidata missing; GPKG empty
pair,yearbuilt,17003086,Los Altos,[blank],,Unidata missing; GPKG empty
pair,yearbuilt,17004066,Los Altos,[blank],,Unidata missing; GPKG empty
pair,yearbuilt,17006057,Mountain View,[blank],,Unidata missing; GPKG empty
pair,yearbuilt,17010050,Los Altos,[blank],,Unidata missing; GPKG empty
pair,yearbuilt,17012042,Los Altos,[blank],,Unidata missing; GPKG empty
pair,yearbuilt,17012045,Los Altos,[blank],,Unidata missing; GPKG empty
pair,yearbuilt,17014029,Los Altos,[blank],,Unidata missing; GPKG empty
pair,yearbuilt,17015038,Los Altos,[blank],,Unidata missing; GPKG empty
pair,yearbuilt,17021035,Los Altos,[blank],,Unidata missing; GPKG empty
pair,yearbuilt,17022024,Los Altos,[blank],,Unidata missing; GPKG empty
pair,yearbuilt,17022083,Los Altos,[blank],,Unidata missing; GPKG empty
pair,yearbuilt,17026046,Los Altos,[blank],,Unidata missing; GPKG empty
pair,yearbuilt,17026076,Los Altos,[blank],,Unidata missing; GPKG empty
pair,yearbuilt,17028035,Los Altos,[blank],,Unidata missing; GPKG empty
pair,yearbuilt,17028058,Los Altos,[blank],,Unidata missing; GPKG empty
pair,yearbuilt,17029024,Los Altos,[blank],,Unidata missing; GPKG empty
pair,yearbuilt,17031041,Los Altos,[blank],,Unidata missing; GPKG empty
pair,yearbuilt,17037060,Los Altos,[blank],,Unidata missing; GPKG empty
pair,yearbuilt,17038020,Los Altos,[blank],,Unidata missing; GPKG empty
pair,yearbuilt,17040082,Los Altos,[blank],,Unidata missing; GPKG empty
pair,yearbuilt,17041079,Los Altos,[blank],,Unidata missing; GPKG empty
pair,yearbuilt,17042029,Los Altos,[blank],,Unidata missing; GPKG empty
pair,yearbuilt,17043001,Los Altos,[blank],,Unidata missing; GPKG empty
pair,yearbuilt,17043002,Los Altos,[blank],,Unidata missing; GPKG empty
pair,yearbuilt,17043005,Los Altos,[blank],,Unidata missing; GPKG empty
pair,yearbuilt,17047015,Los Altos,[blank],,Unidata missing; GPKG empty
pair,yearbuilt,17060001,Los Altos,[blank],,Unidata missing; GPKG empty
pair,yearbuilt,17501009,Palo Alto,[blank],,Unidata missing; GPKG empty
pair,yearbuilt,17501067,Palo Alto,[blank],,Unidata missing; GPKG empty
pair,yearbuilt,17501102,Palo Alto,[blank],,Unidata missing; GPKG empty
pair,yearbuilt,17502017,Palo Alto,[blank],,Unidata missing; GPKG empty
pair,yearbuilt,17502032,Palo Alto,[blank],,Unidata missing; GPKG empty
pair,yearbuilt,17502036,Palo Alto,[blank],,Unidata missing; GPKG empty
pair,yearbuilt,17505013,Los Altos,[blank],,Unidata missing; GPKG empty
pair,yearbuilt,17512012,Los Altos,[blank],,Unidata missing; GPKG empty
pair,yearbuilt,17514008,Los Altos,[blank],,Unidata missing; GPKG empty
pair,yearbuilt,17514021,Los Altos,[blank],,Unidata missing; GPKG empty
pair,yearbuilt,17514023,Los Altos,[blank],,Unidata missing; GPKG empty
pair,yearbuilt,17515045,Los Altos,[blank],,Unidata missing; GPKG empty
pair,yearbuilt,17515047,Los Altos,[blank],,Unidata missing; GPKG empty
pair,yearbuilt,17515059,Los Altos,[blank],,Unidata missing; GPKG empty
pair,yearbuilt,17515060,Los Altos,[blank],,Unidata missing; GPKG empty
pair,yearbuilt,17516020,Los Altos,[blank],,Unidata missing; GPKG empty
pair,yearbuilt,17516066,Los Altos,[blank],,Unidata missing; GPKG empty
pair,yearbuilt,17516088,Los Altos,[blank],,Unidata missing; GPKG empty
pair,address,17517047,Los Altos,[blank],,Unidata missing; GPKG empty
pair,yearbuilt,17517047,Los Altos,[blank],,Unidata missing; GPKG empty
pair,yearbuilt,17518055,Los Altos,[blank],,Unidata missing; GPKG empty
pair,yearbuilt,17519024,Los Altos,[blank],,Unidata missing; GPKG empty
pair,yearbuilt,17519037,Los Altos,[blank],,Unidata missing; GPKG empty
pair,yearbuilt,17519054,Los Altos,[blank],,Unidata missing; GPKG empty
pair,yearbuilt,17520069,Palo Alto,[blank],,Unidata missing; GPKG empty
pair,yearbuilt,17520078,Palo Alto,[blank],,Unidata missing; GPKG empty
pair,yearbuilt,17520091,Palo Alto,[blank],,Unidata missing; GPKG empty
pair,yearbuilt,17520092,Palo Alto,[blank],,Unidata missing; GPKG empty
pair,yearbuilt,17521119,Los Altos,[blank],,Unidata missing; GPKG empty
pair,yearbuilt,17523013,Los Altos,[blank],,Unidata missing; GPKG empty
pair,yearbuilt,17523041,Los Altos,[blank],,Unidata missing; GPKG empty
pair,yearbuilt,17525065,Los Altos,[blank],,Unidata missing; GPKG empty
pair,yearbuilt,17526023,Los Altos,[blank],,Unidata missing; GPKG empty
pair,yearbuilt,17526037,Los Altos,[blank],,Unidata missing; GPKG empty
pair,yearbuilt,17527014,Los Altos,[blank],,Unidata missing; GPKG empty
pair,yearbuilt,17530019,Los Altos,[blank],,Unidata missing; GPKG empty
pair,yearbuilt,17530020,Los Altos,[blank],,Unidata missing; GPKG empty
pair,yearbuilt,17530022,Los Altos,[blank],,Unidata missing; GPKG empty
pair,yearbuilt,17532001,Los Altos,[blank],,Unidata missing; GPKG empty
pair,yearbuilt,17532039,Los Altos,[blank],,Unidata missing; GPKG empty
pair,yearbuilt,17532040,Los Altos,[blank],,Unidata missing; GPKG empty
pair,yearbuilt,17533009,Los Altos,[blank],,Unidata missing; GPKG empty
pair,yearbuilt,17543054,Los Altos,[blank],,Unidata missing; GPKG empty
pair,yearbuilt,17544035,Los Altos,[blank],,Unidata missing; GPKG empty
pair,yearbuilt,17548057,Los Altos,[blank],,Unidata missing; GPKG empty
pair,yearbuilt,17552005,Los Altos,[blank],,Unidata missing; GPKG empty
pair,yearbuilt,17556003,Los Altos,[blank],,Unidata missing; GPKG empty
pair,yearbuilt,17560054,Los Altos,[blank],,Unidata missing; GPKG empty
pair,yearbuilt,18201022,Portola Valley,[blank],,Unidata missing; GPKG empty
pair,yearbuilt,18209043,Los Altos,[blank],,Unidata missing; GPKG empty
pair,yearbuilt,18210050,Los Altos,[blank],,Unidata missing; GPKG empty
pair,yearbuilt,18210056,Los Altos,[blank],,Unidata missing; GPKG empty
pair,yearbuilt,18210063,Los Altos,[blank],,Unidata missing; GPKG empty
pair,yearbuilt,18210064,Los Altos,[blank],,Unidata missing; GPKG empty
pair,yearbuilt,18210065,Los Altos,[blank],,Unidata missing; GPKG empty
pair,yearbuilt,18210066,Los Altos,[blank],,Unidata missing; GPKG empty
pair,yearbuilt,18210067,Los Altos,[blank],,Unidata missing; GPKG empty
pair,yearbuilt,18210068,Los Altos,[blank],,Unidata missing; GPKG empty
pair,yearbuilt,18210069,Los Altos,[blank],,Unidata missing; GPKG empty
pair,yearbuilt,18210070,Los Altos,[blank],,Unidata missing; GPKG empty
pair,yearbuilt,18210071,Los Altos,[blank],,Unidata missing; GPKG empty
pair,yearbuilt,18211021,Los Altos,[blank],,Unidata missing; GPKG empty
pair,yearbuilt,18213034,Los Altos,[blank],,Unidata missing; GPKG empty
pair,yearbuilt,18215011,Los Altos,[blank],,Unidata missing; GPKG empty
pair,yearbuilt,18223027,Los Altos,[blank],,Unidata missing; GPKG empty
pair,yearbuilt,18225020,Los Altos,[blank],,Unidata missing; GPKG empty
pair,yearbuilt,18226052,Los Altos,[blank],,Unidata missing; GPKG empty
pair,yearbuilt,18227003,Palo Alto,[blank],,Unidata missing; GPKG empty
pair,yearbuilt,18229002,Los Altos,[blank],,Unidata missing; GPKG empty
pair,yearbuilt,18231064,Palo Alto,[blank],,Unidata missing; GPKG empty
pair,yearbuilt,18233008,Palo Alto,[blank],,Unidata missing; GPKG empty
pair,yearbuilt,18233012,Palo Alto,[blank],,Unidata missing; GPKG empty
pair,yearbuilt,18233014,Palo Alto,[blank],,Unidata missing; GPKG empty
pair,yearbuilt,18233018,Palo Alto,[blank],,Unidata missing; GPKG empty
pair,yearbuilt,18234009,Palo Alto,[blank],,Unidata missing; GPKG empty
pair,yearbuilt,18234057,Portola Valley,[blank],,Unidata missing; GPKG empty
pair,yearbuilt,18235008,Palo Alto,[blank],,Unidata missing; GPKG empty
pair,yearbuilt,18235035,Palo Alto,[blank],,Unidata missing; GPKG empty
pair,yearbuilt,18235041,Palo Alto,[blank],,Unidata missing; GPKG empty
pair,address,18236035,,[blank],,Unidata missing; GPKG empty
pair,scity,18236035,,[blank],,Unidata missing; GPKG empty
pair,yearbuilt,18236035,,[blank],,Unidata missing; GPKG empty
pair,yearbuilt,18236043,Portola Valley,[blank],,Unidata missing; GPKG empty
pair,yearbuilt,18236046,Portola Valley,[blank],,Unidata missing; GPKG empty
pair,yearbuilt,18237010,Portola Valley,[blank],,Unidata missing; GPKG empty
pair,yearbuilt,18238013,Palo Alto,[blank],,Unidata missing; GPKG empty
pair,yearbuilt,18238025,Palo Alto,[blank],,Unidata missing; GPKG empty
pair,yearbuilt,18238026,Palo Alto,[blank],,Unidata missing; GPKG empty
pair,yearbuilt,18238028,Palo Alto,[blank],,Unidata missing; GPKG empty
pair,yearbuilt,18238029,Palo Alto,[blank],,Unidata missing; GPKG empty
pair,yearbuilt,18243034,Palo Alto,[blank],,Unidata missing; GPKG empty
pair,yearbuilt,18244035,Los Altos,[blank],,Unidata missing; GPKG empty
pair,yearbuilt,18246012,Palo Alto,[blank],,Unidata missing; GPKG empty
pair,yearbuilt,18246013,Palo Alto,[blank],,Unidata missing; GPKG empty
pair,yearbuilt,18246014,Palo Alto,[blank],,Unidata missing; GPKG empty
pair,yearbuilt,18246015,Palo Alto,[blank],,Unidata missing; GPKG empty
pair,yearbuilt,18246016,Palo Alto,[blank],,Unidata missing; GPKG empty
pair,yearbuilt,18246017,Palo Alto,[blank],,Unidata missing; GPKG empty
pair,yearbuilt,18246018,Palo Alto,[blank],,Unidata missing; GPKG empty
pair,yearbuilt,18246019,Palo Alto,[blank],,Unidata missing; GPKG empty
pair,yearbuilt,18246020,Palo Alto,[blank],,Unidata missing; GPKG empty
pair,yearbuilt,18250044,Los Altos,[blank],,Unidata missing; GPKG empty
pair,yearbuilt,18254007,Palo Alto,[blank],,Unidata missing; GPKG empty
pair,yearbuilt,18254008,Palo Alto,[blank],,Unidata missing; GPKG empty
pair,yearbuilt,18254013,Palo Alto,[blank],,Unidata missing; GPKG empty
pair,yearbuilt,18256002,Palo Alto,[blank],,Unidata missing; GPKG empty
pair,yearbuilt,18256003,Palo Alto,[blank],,Unidata missing; GPKG empty
pair,yearbuilt,18256008,Palo Alto,[blank],,Unidata missing; GPKG empty
pair,yearbuilt,18256009,Palo Alto,[blank],,Unidata missing; GPKG empty
pair,yearbuilt,18256011,Palo Alto,[blank],,Unidata missing; GPKG empty
pair,yearbuilt,18901034,Mountain View,[blank],,Unidata missing; GPKG empty
pair,yearbuilt,18901138,Mountain View,[blank],,Unidata missing; GPKG empty
pair,yearbuilt,18903009,Mountain View,[blank],,Unidata missing; GPKG empty
pair,yearbuilt,18903019,Mountain View,[blank],,Unidata missing; GPKG empty
pair,yearbuilt,18903025,Mountain View,[blank],,Unidata missing; GPKG empty
pair,yearbuilt,18903036,Mountain View,[blank],,Unidata missing; GPKG empty
pair,yearbuilt,18903039,Mountain View,[blank],,Unidata missing; GPKG empty
pair,zoning,18903039,Mountain View,[blank],,Unidata missing; GPKG empty
pair,yearbuilt,18903041,Mountain View,[blank],,Unidata missing; GPKG empty
pair,yearbuilt,18903065,Mountain View,[blank],,Unidata missing; GPKG empty
pair,yearbuilt,18903066,Los Altos,[blank],,Unidata missing; GPKG empty
pair,yearbuilt,18903067,Los Altos,[blank],,Unidata missing; GPKG empty
pair,yearbuilt,18904034,Mountain View,[blank],,Unidata missing; GPKG empty
pair,yearbuilt,18904050,Mountain View,[blank],,Unidata missing; GPKG empty
pair,yearbuilt,18904103,Mountain View,[blank],,Unidata missing; GPKG empty
pair,yearbuilt,18905025,Mountain View,[blank],,Unidata missing; GPKG empty
pair,yearbuilt,18905102,Mountain View,[blank],,Unidata missing; GPKG empty
pair,yearbuilt,18906018,Mountain View,[blank],,Unidata missing; GPKG empty
pair,yearbuilt,18907098,Mountain View,[blank],,Unidata missing; GPKG empty
pair,yearbuilt,18911057,Mountain View,[blank],,Unidata missing; GPKG empty
pair,yearbuilt,18915007,Los Altos,[blank],,Unidata missing; GPKG empty
pair,yearbuilt,18916033,Los Altos,[blank],,Unidata missing; GPKG empty
pair,yearbuilt,18917035,Los Altos,[blank],,Unidata missing; GPKG empty
pair,yearbuilt,18919003,Los Altos,[blank],,Unidata missing; GPKG empty
pair,yearbuilt,18919017,Los Altos,[blank],,Unidata missing; GPKG empty
pair,yearbuilt,18923023,Mountain View,[blank],,Unidata missing; GPKG empty
pair,yearbuilt,18925154,Mountain View,[blank],,Unidata missing; GPKG empty
pair,yearbuilt,18926031,Los Altos,[blank],,Unidata missing; GPKG empty
pair,yearbuilt,18926048,Los Altos,[blank],,Unidata missing; GPKG empty
pair,yearbuilt,18926050,Los Altos,[blank],,Unidata missing; GPKG empty
pair,yearbuilt,18926058,Los Altos,[blank],,Unidata missing; GPKG empty
pair,yearbuilt,18926060,Mountain View,[blank],,Unidata missing; GPKG empty
pair,yearbuilt,18926063,Los Altos,[blank],,Unidata missing; GPKG empty
pair,yearbuilt,18926064,Mountain View,[blank],,Unidata missing; GPKG empty
pair,yearbuilt,18928010,Mountain View,[blank],,Unidata missing; GPKG empty
pair,yearbuilt,18928036,Mountain View,[blank],,Unidata missing; GPKG empty
pair,yearbuilt,18929079,Los Altos,[blank],,Unidata missing; GPKG empty
pair,yearbuilt,18929083,Los Altos,[blank],,Unidata missing; GPKG empty
pair,yearbuilt,18932073,Mountain View,[blank],,Unidata missing; GPKG empty
pair,yearbuilt,18932079,Mountain View,[blank],,Unidata missing; GPKG empty
pair,yearbuilt,18932082,Mountain View,[blank],,Unidata missing; GPKG empty
pair,yearbuilt,18932089,Mountain View,[blank],,Unidata missing; GPKG empty
pair,yearbuilt,18933005,Mountain View,[blank],,Unidata missing; GPKG empty
pair,yearbuilt,18933028,Mountain View,[blank],,Unidata missing; GPKG empty
pair,yearbuilt,18933035,Mountain View,[blank],,Unidata missing; GPKG empty
pair,yearbuilt,18934009,Los Altos,[blank],,Unidata missing; GPKG empty
pair,yearbuilt,18934032,Los Altos,[blank],,Unidata missing; GPKG empty
pair,yearbuilt,18938090,Los Altos,[blank],,Unidata missing; GPKG empty
pair,yearbuilt,18938099,Los Altos,[blank],,Unidata missing; GPKG empty
pair,yearbuilt,18938103,Los Altos,[blank],,Unidata missing; GPKG empty
pair,yearbuilt,18939059,Los Altos,[blank],,Unidata missing; GPKG empty
pair,yearbuilt,18940087,Los Altos,[blank],,Unidata missing; GPKG empty
pair,yearbuilt,18940088,Los Altos,[blank],,Unidata missing; GPKG empty
pair,yearbuilt,18940090,Los Altos,[blank],,Unidata missing; GPKG empty
pair,yearbuilt,18942075,Los Altos,[blank],,Unidata missing; GPKG empty
pair,yearbuilt,18948028,Los Altos,[blank],,Unidata missing; GPKG empty
pair,yearbuilt,18950033,Los Altos,[blank],,Unidata missing; GPKG empty
pair,yearbuilt,18955067,Mountain View,[blank],,Unidata missing; GPKG empty
pair,yearbuilt,18957008,Los Altos,[blank],,Unidata missing; GPKG empty
pair,yearbuilt,18957010,Los Altos,[blank],,Unidata missing; GPKG empty
pair,yearbuilt,18960054,Mountain View,[blank],,Unidata missing; GPKG empty
pair,yearbuilt,19301002,Mountain View,[blank],,Unidata missing; GPKG empty
pair,yearbuilt,19301003,Mountain View,[blank],,Unidata missing; GPKG empty
pair,yearbuilt,19302007,Mountain View,[blank],,Unidata missing; GPKG empty
pair,yearbuilt,19304008,Mountain View,[blank],,Unidata missing; GPKG empty
pair,yearbuilt,19308002,Mountain View,[blank],,Unidata missing; GPKG empty
pair,yearbuilt,19310005,Mountain View,[blank],,Unidata missing; GPKG empty
pair,yearbuilt,19310016,Mountain View,[blank],,Unidata missing; GPKG empty
pair,yearbuilt,19313009,Mountain View,[blank],,Unidata missing; GPKG empty
pair,yearbuilt,19313010,Mountain View,[blank],,Unidata missing; GPKG empty
pair,yearbuilt,19313023,Mountain View,[blank],,Unidata missing; GPKG empty
pair,yearbuilt,19313030,Mountain View,[blank],,Unidata missing; GPKG empty
pair,yearbuilt,19313031,Mountain View,[blank],,Unidata missing; GPKG empty
pair,yearbuilt,19313032,Mountain View,[blank],,Unidata missing; GPKG empty
pair,yearbuilt,19313033,Mountain View,[blank],,Unidata missing; GPKG empty
pair,yearbuilt,19314009,Mountain View,[blank],,Unidata missing; GPKG empty
pair,yearbuilt,19315024,Mountain View,[blank],,Unidata missing; GPKG empty
pair,yearbuilt,19320005,Mountain View,[blank],,Unidata missing; GPKG empty
pair,yearbuilt,19322064,Mountain View,[blank],,Unidata missing; GPKG empty
pair,yearbuilt,19322065,Mountain View,[blank],,Unidata missing; GPKG empty
pair,yearbuilt,19323005,Mountain View,[blank],,Unidata missing; GPKG empty
pair,yearbuilt,19323009,Mountain View,[blank],,Unidata missing; GPKG empty
pair,yearbuilt,19323012,Mountain View,[blank],,Unidata missing; GPKG empty
pair,yearbuilt,19324003,Mountain View,[blank],,Unidata missing; GPKG empty
pair,yearbuilt,19325015,Mountain View,[blank],,Unidata missing; GPKG empty
pair,yearbuilt,19325016,Mountain View,[blank],,Unidata missing; GPKG empty
pair,yearbuilt,19326003,Mountain View,[blank],,Unidata missing; GPKG empty
pair,yearbuilt,19327067,Mountain View,[blank],,Unidata missing; GPKG empty
pair,yearbuilt,19327072,Mountain View,[blank],,Unidata missing; GPKG empty
pair,yearbuilt,19328015,Mountain View,[blank],,Unidata missing; GPKG empty
pair,yearbuilt,19329002,Mountain View,[blank],,Unidata missing; GPKG empty
pair,yearbuilt,19329003,Mountain View,[blank],,Unidata missing; GPKG empty
pair,yearbuilt,19329004,Mountain View,[blank],,Unidata missing; GPKG empty
pair,yearbuilt,19329011,Mountain View,[blank],,Unidata missing; GPKG empty
pair,yearbuilt,19329013,Mountain View,[blank],,Unidata missing; GPKG empty
pair,yearbuilt,19329014,Mountain View,[blank],,Unidata missing; GPKG empty
pair,yearbuilt,19330003,Los Altos,[blank],,Unidata missing; GPKG empty
pair,yearbuilt,19330004,Los Altos,[blank],,Unidata missing; GPKG empty
pair,yearbuilt,19331032,Los Altos,[blank],,Unidata missing; GPKG empty
pair,yearbuilt,19334042,Los Altos,[blank],,Unidata missing; GPKG empty
pair,yearbuilt,19335024,Los Altos,[blank],,Unidata missing; GPKG empty
pair,yearbuilt,19335047,Los Altos,[blank],,Unidata missing; GPKG empty
pair,yearbuilt,19336004,Los Altos,[blank],,Unidata missing; GPKG empty
pair,yearbuilt,19340043,Los Altos,[blank],,Unidata missing; GPKG empty
pair,yearbuilt,19340044,Los Altos,[blank],,Unidata missing; GPKG empty
pair,yearbuilt,19340048,Los Altos,[blank],,Unidata missing; GPKG empty
pair,yearbuilt,19340050,Los Altos,[blank],,Unidata missing; GPKG empty
pair,yearbuilt,19341002,Los Altos,[blank],,Unidata missing; GPKG empty
pair,yearbuilt,19341039,Los Altos,[blank],,Unidata missing; GPKG empty
pair,yearbuilt,19344033,Los Altos,[blank],,Unidata missing; GPKG empty
pair,yearbuilt,19345020,Los Altos,[blank],,Unidata missing; GPKG empty
pair,yearbuilt,19345021,Los Altos,[blank],,Unidata missing; GPKG empty
pair,yearbuilt,19345022,Los Altos,[blank],,Unidata missing; GPKG empty
pair,yearbuilt,19345023,Los Altos,[blank],,Unidata missing; GPKG empty
pair,yearbuilt,19701002,Los Altos,[blank],,Unidata missing; GPKG empty
pair,yearbuilt,19701010,Los Altos,[blank],,Unidata missing; GPKG empty
pair,yearbuilt,19701011,Los Altos,[blank],,Unidata missing; GPKG empty
pair,yearbuilt,19701020,Sunnyvale,[blank],,Unidata missing; GPKG empty
pair,yearbuilt,19706001,Mountain View,[blank],,Unidata missing; GPKG empty
pair,yearbuilt,19706003,Mountain View,[blank],,Unidata missing; GPKG empty
pair,yearbuilt,19706004,Mountain View,[blank],,Unidata missing; GPKG empty
pair,yearbuilt,19706005,Mountain View,[blank],,Unidata missing; GPKG empty
pair,yearbuilt,19708013,Mountain View,[blank],,Unidata missing; GPKG empty
pair,yearbuilt,19709025,Mountain View,[blank],,Unidata missing; GPKG empty
pair,yearbuilt,19710047,Mountain View,[blank],,Unidata missing; GPKG empty
pair,yearbuilt,19713002,Los Altos,[blank],,Unidata missing; GPKG empty
pair,yearbuilt,19713003,Los Altos,[blank],,Unidata missing; GPKG empty
pair,yearbuilt,19713004,Los Altos,[blank],,Unidata missing; GPKG empty
pair,address,19716044,Los Altos,[blank],,Unidata missing; GPKG empty
pair,yearbuilt,19716044,Los Altos,[blank],,Unidata missing; GPKG empty
pair,yearbuilt,19717003,Los Altos,[blank],,Unidata missing; GPKG empty
pair,yearbuilt,19720033,Mountain View,[blank],,Unidata missing; GPKG empty
pair,yearbuilt,19720042,Mountain View,[blank],,Unidata missing; GPKG empty
pair,yearbuilt,19721013,Mountain View,[blank],,Unidata missing; GPKG empty
pair,yearbuilt,19721017,Mountain View,[blank],,Unidata missing; GPKG empty
pair,yearbuilt,19721020,Mountain View,[blank],,Unidata missing; GPKG empty
pair,yearbuilt,19721066,Mountain View,[blank],,Unidata missing; GPKG empty
pair,yearbuilt,19723073,Mountain View,[blank],,Unidata missing; GPKG empty
pair,yearbuilt,19723074,Mountain View,[blank],,Unidata missing; GPKG empty
pair,yearbuilt,19724030,Mountain View,[blank],,Unidata missing; GPKG empty
pair,yearbuilt,19725036,Mountain View,[blank],,Unidata missing; GPKG empty
pair,yearbuilt,19725037,Mountain View,[blank],,Unidata missing; GPKG empty
pair,yearbuilt,19725038,Mountain View,[blank],,Unidata missing; GPKG empty
pair,address,19726034,Mountain View,[blank],,Unidata missing; GPKG empty
pair,yearbuilt,19726034,Mountain View,[blank],,Unidata missing; GPKG empty
pair,yearbuilt,19726072,Mountain View,[blank],,Unidata missing; GPKG empty
pair,yearbuilt,19728001,Mountain View,[blank],,Unidata missing; GPKG empty
pair,yearbuilt,19732001,Mountain View,[blank],,Unidata missing; GPKG empty
pair,yearbuilt,19732021,Mountain View,[blank],,Unidata missing; GPKG empty
pair,yearbuilt,19733046,Mountain View,[blank],,Unidata missing; GPKG empty
pair,yearbuilt,19733053,Mountain View,[blank],,Unidata missing; GPKG empty
pair,yearbuilt,19733062,Mountain View,[blank],,Unidata missing; GPKG empty
pair,yearbuilt,19735001,Mountain View,[blank],,Unidata missing; GPKG empty
pair,yearbuilt,19735008,Mountain View,[blank],,Unidata missing; GPKG empty
pair,yearbuilt,19735041,Mountain View,[blank],,Unidata missing; GPKG empty
pair,yearbuilt,19736028,Mountain View,[blank],,Unidata missing; GPKG empty
pair,yearbuilt,19736088,Mountain View,[blank],,Unidata missing; GPKG empty
pair,yearbuilt,19738037,Mountain View,[blank],,Unidata missing; GPKG empty
pair,yearbuilt,19738038,Mountain View,[blank],,Unidata missing; GPKG empty
pair,yearbuilt,19739008,Mountain View,[blank],,Unidata missing; GPKG empty
pair,yearbuilt,19741072,Mountain View,[blank],,Unidata missing; GPKG empty
pair,yearbuilt,19743001,Mountain View,[blank],,Unidata missing; GPKG empty
pair,yearbuilt,19801005,Mountain View,[blank],,Unidata missing; GPKG empty
pair,yearbuilt,19801006,Mountain View,[blank],,Unidata missing; GPKG empty
pair,yearbuilt,19803001,Mountain View,[blank],,Unidata missing; GPKG empty
pair,yearbuilt,19803003,Mountain View,[blank],,Unidata missing; GPKG empty
pair,yearbuilt,19810022,Sunnyvale,[blank],,Unidata missing; GPKG empty
pair,yearbuilt,19815016,Sunnyvale,[blank],,Unidata missing; GPKG empty
pair,yearbuilt,19815019,Sunnyvale,[blank],,Unidata missing; GPKG empty
pair,yearbuilt,19816003,Sunnyvale,[blank],,Unidata missing; GPKG empty
pair,yearbuilt,19816006,Sunnyvale,[blank],,Unidata missing; GPKG empty
pair,yearbuilt,19816007,Sunnyvale,[blank],,Unidata missing; GPKG empty
pair,yearbuilt,19817023,Sunnyvale,[blank],,Unidata missing; GPKG empty
pair,yearbuilt,19820036,Sunnyvale,[blank],,Unidata missing; GPKG empty
pair,yearbuilt,19820055,Sunnyvale,[blank],,Unidata missing; GPKG empty
pair,yearbuilt,19825009,Sunnyvale,[blank],,Unidata missing; GPKG empty
pair,yearbuilt,19825010,Sunnyvale,[blank],,Unidata missing; GPKG empty
pair,yearbuilt,19825011,Sunnyvale,[blank],,Unidata missing; GPKG empty
pair,yearbuilt,19825042,Sunnyvale,[blank],,Unidata missing; GPKG empty
pair,yearbuilt,19825043,Sunnyvale,[blank],,Unidata missing; GPKG empty
pair,yearbuilt,19825044,Sunnyvale,[blank],,Unidata missing; GPKG empty
pair,yearbuilt,19825066,Sunnyvale,[blank],,Unidata missing; GPKG empty
pair,yearbuilt,19826001,Sunnyvale,[blank],,Unidata missing; GPKG empty
pair,yearbuilt,19826012,Sunnyvale,[blank],,Unidata missing; GPKG empty
pair,yearbuilt,19826033,Sunnyvale,[blank],,Unidata missing; GPKG empty
pair,yearbuilt,19826034,Sunnyvale,[blank],,Unidata missing; GPKG empty
pair,yearbuilt,19827009,Sunnyvale,[blank],,Unidata missing; GPKG empty
pair,yearbuilt,19827010,Sunnyvale,[blank],,Unidata missing; GPKG empty
pair,yearbuilt,19827011,Sunnyvale,[blank],,Unidata missing; GPKG empty
pair,yearbuilt,19828029,Sunnyvale,[blank],,Unidata missing; GPKG empty
pair,yearbuilt,19828030,Sunnyvale,[blank],,Unidata missing; GPKG empty
pair,yearbuilt,19828031,Sunnyvale,[blank],,Unidata missing; GPKG empty
pair,yearbuilt,19833001,Sunnyvale,[blank],,Unidata missing; GPKG empty
pair,yearbuilt,19833002,Sunnyvale,[blank],,Unidata missing; GPKG empty
pair,yearbuilt,19842033,Sunnyvale,[blank],,Unidata missing; GPKG empty
pair,yearbuilt,19842034,Sunnyvale,[blank],,Unidata missing; GPKG empty
pair,yearbuilt,19842035,Sunnyvale,[blank],,Unidata missing; GPKG empty
pair,yearbuilt,19842036,Sunnyvale,[blank],,Unidata missing; GPKG empty
pair,yearbuilt,19842037,Sunnyvale,[blank],,Unidata missing; GPKG empty
pair,yearbuilt,19842038,Sunnyvale,[blank],,Unidata missing; GPKG empty
pair,yearbuilt,19843024,Sunnyvale,[blank],,Unidata missing; GPKG empty
pair,yearbuilt,19843025,Mountain View,[blank],,Unidata missing; GPKG empty
pair,yearbuilt,20112025,Sunnyvale,[blank],,Unidata missing; GPKG empty
pair,yearbuilt,20118003,Sunnyvale,[blank],,Unidata missing; GPKG empty
pair,yearbuilt,20119024,Sunnyvale,[blank],,Unidata missing; GPKG empty
pair,yearbuilt,20121006,Sunnyvale,[blank],,Unidata missing; GPKG empty
pair,yearbuilt,20121028,Sunnyvale,[blank],,Unidata missing; GPKG empty
pair,yearbuilt,20122006,Sunnyvale,[blank],,Unidata missing; GPKG empty
pair,yearbuilt,20123011,Sunnyvale,[blank],,Unidata missing; GPKG empty
pair,yearbuilt,20127015,Sunnyvale,[blank],,Unidata missing; GPKG empty
pair,yearbuilt,20135008,Sunnyvale,[blank],,Unidata missing; GPKG empty
pair,yearbuilt,20205001,Sunnyvale,[blank],,Unidata missing; GPKG empty
pair,yearbuilt,20205002,Sunnyvale,[blank],,Unidata missing; GPKG empty
pair,yearbuilt,20206001,Sunnyvale,[blank],,Unidata missing; GPKG empty
pair,yearbuilt,20206002,Sunnyvale,[blank],,Unidata missing; GPKG empty
pair,address,20214002,Sunnyvale,[blank],,Unidata missing; GPKG empty
pair,yearbuilt,20214002,Sunnyvale,[blank],,Unidata missing; GPKG empty
pair,yearbuilt,20214004,Sunnyvale,[blank],,Unidata missing; GPKG empty
pair,address,20214009,Sunnyvale,[blank],,Unidata missing; GPKG empty
pair,yearbuilt,20214009,Sunnyvale,[blank],,Unidata missing; GPKG empty
pair,address,20214010,Sunnyvale,[blank],,Unidata missing; GPKG empty
pair,yearbuilt,20214010,Sunnyvale,[blank],,Unidata missing; GPKG empty
pair,yearbuilt,20215077,Sunnyvale,[blank],,Unidata missing; GPKG empty
pair,yearbuilt,20216009,Sunnyvale,[blank],,Unidata missing; GPKG empty
pair,yearbuilt,20217047,Sunnyvale,[blank],,Unidata missing; GPKG empty
pair,yearbuilt,20217048,Sunnyvale,[blank],,Unidata missing; GPKG empty
pair,yearbuilt,20224020,Sunnyvale,[blank],,Unidata missing; GPKG empty
pair,yearbuilt,20226007,Sunnyvale,[blank],,Unidata missing; GPKG empty
pair,address,20227001,Sunnyvale,[blank],,Unidata missing; GPKG empty
pair,yearbuilt,20227001,Sunnyvale,[blank],,Unidata missing; GPKG empty
pair,yearbuilt,20227002,Sunnyvale,[blank],,Unidata missing; GPKG empty
pair,yearbuilt,20234031,Sunnyvale,[blank],,Unidata missing; GPKG empty
pair,yearbuilt,20234032,Sunnyvale,[blank],,Unidata missing; GPKG empty
pair,yearbuilt,20236011,Sunnyvale,[blank],,Unidata missing; GPKG empty
pair,yearbuilt,20237004,Sunnyvale,[blank],,Unidata missing; GPKG empty
pair,yearbuilt,20237031,Sunnyvale,[blank],,Unidata missing; GPKG empty
pair,yearbuilt,20238042,Mountain View,[blank],,Unidata missing; GPKG empty
pair,yearbuilt,20238043,Mountain View,[blank],,Unidata missing; GPKG empty
pair,yearbuilt,20238044,Sunnyvale,[blank],,Unidata missing; GPKG empty
pair,yearbuilt,20239006,Sunnyvale,[blank],,Unidata missing; GPKG empty
pair,yearbuilt,20239039,Sunnyvale,[blank],,Unidata missing; GPKG empty
pair,yearbuilt,20239040,Sunnyvale,[blank],,Unidata missing; GPKG empty
pair,yearbuilt,20239041,Sunnyvale,[blank],,Unidata missing; GPKG empty
pair,yearbuilt,20239042,Mountain View,[blank],,Unidata missing; GPKG empty
pair,yearbuilt,20407001,Sunnyvale,[blank],,Unidata missing; GPKG empty
pair,yearbuilt,20408016,Sunnyvale,[blank],,Unidata missing; GPKG empty
pair,yearbuilt,20408028,Sunnyvale,[blank],,Unidata missing; GPKG empty
pair,yearbuilt,20414040,Sunnyvale,[blank],,Unidata missing; GPKG empty
pair,yearbuilt,20432008,Sunnyvale,[blank],,Unidata missing; GPKG empty
pair,yearbuilt,20435030,Sunnyvale,[blank],,Unidata missing; GPKG empty
pair,yearbuilt,20436001,Sunnyvale,[blank],,Unidata missing; GPKG empty
pair,yearbuilt,20437009,Sunnyvale,[blank],,Unidata missing; GPKG empty
pair,yearbuilt,20438005,Sunnyvale,[blank],,Unidata missing; GPKG empty
pair,yearbuilt,20442020,Sunnyvale,[blank],,Unidata missing; GPKG empty
pair,yearbuilt,20444043,Sunnyvale,[blank],,Unidata missing; GPKG empty
pair,yearbuilt,20446008,Sunnyvale,[blank],,Unidata missing; GPKG empty
pair,yearbuilt,20449031,Sunnyvale,[blank],,Unidata missing; GPKG empty
pair,address,20450001,Sunnyvale,[blank],,Unidata missing; GPKG empty
pair,yearbuilt,20450001,Sunnyvale,[blank],,Unidata missing; GPKG empty
pair,yearbuilt,20451066,Sunnyvale,[blank],,Unidata missing; GPKG empty
pair,yearbuilt,20451067,Sunnyvale,[blank],,Unidata missing; GPKG empty
pair,yearbuilt,20503001,Sunnyvale,[blank],,Unidata missing; GPKG empty
pair,yearbuilt,20503004,Sunnyvale,[blank],,Unidata missing; GPKG empty
pair,yearbuilt,20515009,Sunnyvale,[blank],,Unidata missing; GPKG empty
pair,yearbuilt,20515010,Sunnyvale,[blank],,Unidata missing; GPKG empty
pair,yearbuilt,20517011,Sunnyvale,[blank],,Unidata missing; GPKG empty
pair,yearbuilt,20517022,Sunnyvale,[blank],,Unidata missing; GPKG empty
pair,yearbuilt,20518040,Sunnyvale,[blank],,Unidata missing; GPKG empty
pair,yearbuilt,20519001,Sunnyvale,[blank],,Unidata missing; GPKG empty
pair,yearbuilt,20519002,Sunnyvale,[blank],,Unidata missing; GPKG empty
pair,yearbuilt,20520001,Sunnyvale,[blank],,Unidata missing; GPKG empty
pair,yearbuilt,20521002,Sunnyvale,[blank],,Unidata missing; GPKG empty
pair,yearbuilt,20522035,Sunnyvale,[blank],,Unidata missing; GPKG empty
pair,yearbuilt,20528009,Sunnyvale,[blank],,Unidata missing; GPKG empty
pair,yearbuilt,20529022,Sunnyvale,[blank],,Unidata missing; GPKG empty
pair,yearbuilt,20529029,Sunnyvale,[blank],,Unidata missing; GPKG empty
pair,address,20531001,Sunnyvale,[blank],,Unidata missing; GPKG empty
pair,yearbuilt,20531001,Sunnyvale,[blank],,Unidata missing; GPKG empty
pair,yearbuilt,20532001,Sunnyvale,[blank],,Unidata missing; GPKG empty
pair,yearbuilt,20534012,Sunnyvale,[blank],,Unidata missing; GPKG empty
pair,yearbuilt,20536008,Sunnyvale,[blank],,Unidata missing; GPKG empty
pair,yearbuilt,20538026,Santa Clara,[blank],,Unidata missing; GPKG empty
pair,address,20539024,Santa Clara,[blank],,Unidata missing; GPKG empty
pair,yearbuilt,20539024,Santa Clara,[blank],,Unidata missing; GPKG empty
pair,yearbuilt,20540001,Sunnyvale,[blank],,Unidata missing; GPKG empty
pair,yearbuilt,20540002,Sunnyvale,[blank],,Unidata missing; GPKG empty
pair,yearbuilt,20541006,Sunnyvale,[blank],,Unidata missing; GPKG empty
pair,yearbuilt,20544012,Sunnyvale,[blank],,Unidata missing; GPKG empty
pair,yearbuilt,20544014,Sunnyvale,[blank],,Unidata missing; GPKG empty
pair,address,20546031,Sunnyvale,[blank],,Unidata missing; GPKG empty
pair,yearbuilt,20546031,Sunnyvale,[blank],,Unidata missing; GPKG empty
pair,yearbuilt,20546057,Sunnyvale,[blank],,Unidata missing; GPKG empty
pair,yearbuilt,20547001,Sunnyvale,[blank],,Unidata missing; GPKG empty
pair,yearbuilt,20547014,Sunnyvale,[blank],,Unidata missing; GPKG empty
pair,yearbuilt,20548001,Sunnyvale,[blank],,Unidata missing; GPKG empty
pair,yearbuilt,20548002,Sunnyvale,[blank],,Unidata missing; GPKG empty
pair,yearbuilt,20548009,Sunnyvale,[blank],,Unidata missing; GPKG empty
pair,address,20548012,Sunnyvale,[blank],,Unidata missing; GPKG empty
pair,yearbuilt,20548012,Sunnyvale,[blank],,Unidata missing; GPKG empty
pair,address,20548013,Sunnyvale,[blank],,Unidata missing; GPKG empty
pair,yearbuilt,20548013,Sunnyvale,[blank],,Unidata missing; GPKG empty
pair,yearbuilt,20549009,Sunnyvale,[blank],,Unidata missing; GPKG empty
pair,address,20549013,Sunnyvale,[blank],,Unidata missing; GPKG empty
pair,yearbuilt,20549013,Sunnyvale,[blank],,Unidata missing; GPKG empty
pair,address,20549014,Sunnyvale,[blank],,Unidata missing; GPKG empty
pair,yearbuilt,20549014,Sunnyvale,[blank],,Unidata missing; GPKG empty
pair,yearbuilt,20549015,Sunnyvale,[blank],,Unidata missing; GPKG empty
pair,yearbuilt,20549016,Sunnyvale,[blank],,Unidata missing; GPKG empty
pair,yearbuilt,20549019,Sunnyvale,[blank],,Unidata missing; GPKG empty
pair,yearbuilt,20549020,Sunnyvale,[blank],,Unidata missing; GPKG empty
pair,yearbuilt,20549022,Sunnyvale,[blank],,Unidata missing; GPKG empty
pair,yearbuilt,20549023,Sunnyvale,[blank],,Unidata missing; GPKG empty
pair,yearbuilt,20549024,Sunnyvale,[blank],,Unidata missing; GPKG empty
pair,yearbuilt,20549026,Sunnyvale,[blank],,Unidata missing; GPKG empty
pair,yearbuilt,20550032,Sunnyvale,[blank],,Unidata missing; GPKG empty
pair,address,20550038,Sunnyvale,[blank],,Unidata missing; GPKG empty
pair,yearbuilt,20550038,Sunnyvale,[blank],,Unidata missing; GPKG empty
pair,address,20550039,Sunnyvale,[blank],,Unidata missing; GPKG empty
pair,yearbuilt,20550039,Sunnyvale,[blank],,Unidata missing; GPKG empty
pair,yearbuilt,20550040,Sunnyvale,[blank],,Unidata missing; GPKG empty
pair,yearbuilt,20550043,Sunnyvale,[blank],,Unidata missing; GPKG empty
pair,yearbuilt,20555040,Sunnyvale,[blank],,Unidata missing; GPKG empty
pair,yearbuilt,20901016,Sunnyvale,[blank],,Unidata missing; GPKG empty
pair,yearbuilt,20904027,Sunnyvale,[blank],,Unidata missing; GPKG empty
pair,yearbuilt,20904030,Sunnyvale,[blank],,Unidata missing; GPKG empty
pair,address,20904056,Sunnyvale,[blank],,Unidata missing; GPKG empty
pair,yearbuilt,20904056,Sunnyvale,[blank],,Unidata missing; GPKG empty
pair,address,20904057,Sunnyvale,[blank],,Unidata missing; GPKG empty
pair,yearbuilt,20904057,Sunnyvale,[blank],,Unidata missing; GPKG empty
pair,address,20904058,Sunnyvale,[blank],,Unidata missing; GPKG empty
pair,yearbuilt,20904058,Sunnyvale,[blank],,Unidata missing; GPKG empty
pair,yearbuilt,20904060,Sunnyvale,[blank],,Unidata missing; GPKG empty
pair,yearbuilt,20905047,Sunnyvale,[blank],,Unidata missing; GPKG empty
pair,yearbuilt,20905057,Sunnyvale,[blank],,Unidata missing; GPKG empty
pair,yearbuilt,20906038,Sunnyvale,[blank],,Unidata missing; GPKG empty
pair,address,20906067,Sunnyvale,[blank],,Unidata missing; GPKG empty
pair,yearbuilt,20906067,Sunnyvale,[blank],,Unidata missing; GPKG empty
pair,yearbuilt,20906068,Sunnyvale,[blank],,Unidata missing; GPKG empty
pair,yearbuilt,20906071,Sunnyvale,[blank],,Unidata missing; GPKG empty
pair,yearbuilt,20906073,Sunnyvale,[blank],,Unidata missing; GPKG empty
pair,address,20906076,Sunnyvale,[blank],,Unidata missing; GPKG empty
pair,yearbuilt,20906076,Sunnyvale,[blank],,Unidata missing; GPKG empty
pair,yearbuilt,20906079,Sunnyvale,[blank],,Unidata missing; GPKG empty
pair,yearbuilt,20906082,Sunnyvale,[blank],,Unidata missing; GPKG empty
pair,yearbuilt,20910032,Sunnyvale,[blank],,Unidata missing; GPKG empty
pair,yearbuilt,20910050,Sunnyvale,[blank],,Unidata missing; GPKG empty
pair,yearbuilt,20910060,Sunnyvale,[blank],,Unidata missing; GPKG empty
pair,yearbuilt,20910062,Sunnyvale,[blank],,Unidata missing; GPKG empty
pair,yearbuilt,20914001,Sunnyvale,[blank],,Unidata missing; GPKG empty
pair,yearbuilt,20916005,Sunnyvale,[blank],,Unidata missing; GPKG empty
pair,yearbuilt,20917001,Sunnyvale,[blank],,Unidata missing; GPKG empty
pair,yearbuilt,20917049,Sunnyvale,[blank],,Unidata missing; GPKG empty
pair,yearbuilt,20920015,Sunnyvale,[blank],,Unidata missing; GPKG empty
pair,yearbuilt,20921001,Sunnyvale,[blank],,Unidata missing; GPKG empty
pair,yearbuilt,20926010,Sunnyvale,[blank],,Unidata missing; GPKG empty
pair,yearbuilt,20929018,Sunnyvale,[blank],,Unidata missing; GPKG empty
pair,yearbuilt,20930044,Sunnyvale,[blank],,Unidata missing; GPKG empty
pair,yearbuilt,20930058,Sunnyvale,[blank],,Unidata missing; GPKG empty
pair,yearbuilt,20930059,Sunnyvale,[blank],,Unidata missing; GPKG empty
pair,yearbuilt,20931070,Sunnyvale,[blank],,Unidata missing; GPKG empty
pair,yearbuilt,20932030,Sunnyvale,[blank],,Unidata missing; GPKG empty
pair,yearbuilt,20932040,Sunnyvale,[blank],,Unidata missing; GPKG empty
pair,yearbuilt,20933001,Sunnyvale,[blank],,Unidata missing; GPKG empty
pair,yearbuilt,20933005,Sunnyvale,[blank],,Unidata missing; GPKG empty
pair,yearbuilt,20934019,Sunnyvale,[blank],,Unidata missing; GPKG empty
pair,yearbuilt,20935013,Sunnyvale,[blank],,Unidata missing; GPKG empty
pair,yearbuilt,20935014,Sunnyvale,[blank],,Unidata missing; GPKG empty
pair,yearbuilt,20935016,Sunnyvale,[blank],,Unidata missing; GPKG empty
pair,yearbuilt,20935017,Sunnyvale,[blank],,Unidata missing; GPKG empty
pair,yearbuilt,20935018,Sunnyvale,[blank],,Unidata missing; GPKG empty
pair,yearbuilt,20935019,Sunnyvale,[blank],,Unidata missing; GPKG empty
pair,yearbuilt,20935024,Sunnyvale,[blank],,Unidata missing; GPKG empty
pair,yearbuilt,20935033,Sunnyvale,[blank],,Unidata missing; GPKG empty
pair,yearbuilt,20949005,Sunnyvale,[blank],,Unidata missing; GPKG empty
pair,yearbuilt,20949006,Sunnyvale,[blank],,Unidata missing; GPKG empty
pair,yearbuilt,21104001,Sunnyvale,[blank],,Unidata missing; GPKG empty
pair,yearbuilt,21107001,Sunnyvale,[blank],,Unidata missing; GPKG empty
pair,yearbuilt,21107002,Sunnyvale,[blank],,Unidata missing; GPKG empty
pair,yearbuilt,21107003,Sunnyvale,[blank],,Unidata missing; GPKG empty
pair,address,21107004,Sunnyvale,[blank],,Unidata missing; GPKG empty
pair,yearbuilt,21107004,Sunnyvale,[blank],,Unidata missing; GPKG empty
pair,yearbuilt,21107020,Sunnyvale,[blank],,Unidata missing; GPKG empty
pair,yearbuilt,21107021,Sunnyvale,[blank],,Unidata missing; GPKG empty
pair,yearbuilt,21107028,Sunnyvale,[blank],,Unidata missing; GPKG empty
pair,yearbuilt,21107029,Sunnyvale,[blank],,Unidata missing; GPKG empty
pair,yearbuilt,21108001,Sunnyvale,[blank],,Unidata missing; GPKG empty
pair,yearbuilt,21108004,Sunnyvale,[blank],,Unidata missing; GPKG empty
pair,yearbuilt,21109007,Sunnyvale,[blank],,Unidata missing; GPKG empty
pair,yearbuilt,21111033,Sunnyvale,[blank],,Unidata missing; GPKG empty
pair,yearbuilt,21118001,Sunnyvale,[blank],,Unidata missing; GPKG empty
pair,yearbuilt,21118029,Sunnyvale,[blank],,Unidata missing; GPKG empty
pair,yearbuilt,21118030,Sunnyvale,[blank],,Unidata missing; GPKG empty
pair,yearbuilt,21120061,Sunnyvale,[blank],,Unidata missing; GPKG empty
pair,yearbuilt,21124036,Sunnyvale,[blank],,Unidata missing; GPKG empty
pair,yearbuilt,21124042,Sunnyvale,[blank],,Unidata missing; GPKG empty
pair,yearbuilt,21125035,Sunnyvale,[blank],,Unidata missing; GPKG empty
pair,yearbuilt,21125036,Sunnyvale,[blank],,Unidata missing; GPKG empty
pair,yearbuilt,21128035,Sunnyvale,[blank],,Unidata missing; GPKG empty
pair,yearbuilt,21128046,Sunnyvale,[blank],,Unidata missing; GPKG empty
pair,yearbuilt,21130048,Sunnyvale,[blank],,Unidata missing; GPKG empty
pair,yearbuilt,21130049,Sunnyvale,[blank],,Unidata missing; GPKG empty
pair,yearbuilt,21133045,Sunnyvale,[blank],,Unidata missing; GPKG empty
pair,yearbuilt,21135002,Sunnyvale,[blank],,Unidata missing; GPKG empty
pair,yearbuilt,21135074,Sunnyvale,[blank],,Unidata missing; GPKG empty
pair,yearbuilt,21137022,Sunnyvale,[blank],,Unidata missing; GPKG empty
pair,yearbuilt,21150077,Sunnyvale,[blank],,Unidata missing; GPKG empty
pair,yearbuilt,21150078,Sunnyvale,[blank],,Unidata missing; GPKG empty
pair,yearbuilt,21150079,Sunnyvale,[blank],,Unidata missing; GPKG empty
pair,yearbuilt,21150080,Sunnyvale,[blank],,Unidata missing; GPKG empty
pair,yearbuilt,21150081,Sunnyvale,[blank],,Unidata missing; GPKG empty
pair,yearbuilt,21150082,Sunnyvale,[blank],,Unidata missing; GPKG empty
pair,yearbuilt,21153002,Sunnyvale,[blank],,Unidata missing; GPKG empty
pair,yearbuilt,21153003,Sunnyvale,[blank],,Unidata missing; GPKG empty
pair,yearbuilt,21153004,Sunnyvale,[blank],,Unidata missing; GPKG empty
pair,yearbuilt,21153005,Sunnyvale,[blank],,Unidata missing; GPKG empty
pair,yearbuilt,21153006,Sunnyvale,[blank],,Unidata missing; GPKG empty
pair,yearbuilt,21153007,Sunnyvale,[blank],,Unidata missing; GPKG empty
pair,yearbuilt,21153008,Sunnyvale,[blank],,Unidata missing; GPKG empty
pair,yearbuilt,21153009,Sunnyvale,[blank],,Unidata missing; GPKG empty
pair,yearbuilt,21153010,Sunnyvale,[blank],,Unidata missing; GPKG empty
pair,yearbuilt,21153011,Sunnyvale,[blank],,Unidata missing; GPKG empty
pair,yearbuilt,21153012,Sunnyvale,[blank],,Unidata missing; GPKG empty
pair,yearbuilt,21153013,Sunnyvale,[blank],,Unidata missing; GPKG empty
pair,yearbuilt,21153014,Sunnyvale,[blank],,Unidata missing; GPKG empty
pair,yearbuilt,21153015,Sunnyvale,[blank],,Unidata missing; GPKG empty
pair,yearbuilt,21153016,Sunnyvale,[blank],,Unidata missing; GPKG empty
pair,yearbuilt,21153017,Sunnyvale,[blank],,Unidata missing; GPKG empty
pair,yearbuilt,21153018,Sunnyvale,[blank],,Unidata missing; GPKG empty
pair,yearbuilt,21153019,Sunnyvale,[blank],,Unidata missing; GPKG empty
pair,yearbuilt,21153020,Sunnyvale,[blank],,Unidata missing; GPKG empty
pair,yearbuilt,21153021,Sunnyvale,[blank],,Unidata missing; GPKG empty
pair,yearbuilt,21153022,Sunnyvale,[blank],,Unidata missing; GPKG empty
pair,yearbuilt,21153023,Sunnyvale,[blank],,Unidata missing; GPKG empty
pair,yearbuilt,21153024,Sunnyvale,[blank],,Unidata missing; GPKG empty
pair,yearbuilt,21153025,Sunnyvale,[blank],,Unidata missing; GPKG empty
pair,yearbuilt,21153026,Sunnyvale,[blank],,Unidata missing; GPKG empty
pair,yearbuilt,21153027,Sunnyvale,[blank],,Unidata missing; GPKG empty
pair,yearbuilt,21153028,Sunnyvale,[blank],,Unidata missing; GPKG empty
pair,yearbuilt,21153029,Sunnyvale,[blank],,Unidata missing; GPKG empty
pair,yearbuilt,21153030,Sunnyvale,[blank],,Unidata missing; GPKG empty
pair,yearbuilt,21153031,Sunnyvale,[blank],,Unidata missing; GPKG empty
pair,yearbuilt,21153032,Sunnyvale,[blank],,Unidata missing; GPKG empty
pair,yearbuilt,21153033,Sunnyvale,[blank],,Unidata missing; GPKG empty
pair,yearbuilt,21153034,Sunnyvale,[blank],,Unidata missing; GPKG empty
pair,yearbuilt,21153035,Sunnyvale,[blank],,Unidata missing; GPKG empty
pair,yearbuilt,21153036,Sunnyvale,[blank],,Unidata missing; GPKG empty
pair,yearbuilt,21153037,Sunnyvale,[blank],,Unidata missing; GPKG empty
pair,yearbuilt,21153038,Sunnyvale,[blank],,Unidata missing; GPKG empty
pair,yearbuilt,21153039,Sunnyvale,[blank],,Unidata missing; GPKG empty
pair,yearbuilt,21153040,Sunnyvale,[blank],,Unidata missing; GPKG empty
pair,yearbuilt,21301011,Sunnyvale,[blank],,Unidata missing; GPKG empty
pair,yearbuilt,21301020,Sunnyvale,[blank],,Unidata missing; GPKG empty
pair,yearbuilt,21301022,Sunnyvale,[blank],,Unidata missing; GPKG empty
pair,yearbuilt,21301025,Sunnyvale,[blank],,Unidata missing; GPKG empty
pair,yearbuilt,21301028,Sunnyvale,[blank],,Unidata missing; GPKG empty
pair,yearbuilt,21301039,Sunnyvale,[blank],,Unidata missing; GPKG empty
pair,yearbuilt,21301043,Sunnyvale,[blank],,Unidata missing; GPKG empty
pair,yearbuilt,21301044,Sunnyvale,[blank],,Unidata missing; GPKG empty
pair,yearbuilt,21309091,Sunnyvale,[blank],,Unidata missing; GPKG empty
pair,yearbuilt,21313074,Sunnyvale,[blank],,Unidata missing; GPKG empty
pair,yearbuilt,21325001,Sunnyvale,[blank],,Unidata missing; GPKG empty
pair,yearbuilt,21327001,Sunnyvale,[blank],,Unidata missing; GPKG empty
pair,yearbuilt,21327002,Sunnyvale,[blank],,Unidata missing; GPKG empty
pair,yearbuilt,21329025,Sunnyvale,[blank],,Unidata missing; GPKG empty
pair,yearbuilt,21332032,Sunnyvale,[blank],,Unidata missing; GPKG empty
pair,yearbuilt,21332035,Santa Clara,[blank],,Unidata missing; GPKG empty
pair,yearbuilt,21337016,Sunnyvale,[blank],,Unidata missing; GPKG empty
pair,yearbuilt,21338006,Sunnyvale,[blank],,Unidata missing; GPKG empty
pair,yearbuilt,21338011,Sunnyvale,[blank],,Unidata missing; GPKG empty
pair,yearbuilt,21344031,Sunnyvale,[blank],,Unidata missing; GPKG empty
pair,yearbuilt,21345031,Sunnyvale,[blank],,Unidata missing; GPKG empty
pair,yearbuilt,21346007,Sunnyvale,[blank],,Unidata missing; GPKG empty
pair,yearbuilt,21346015,Sunnyvale,[blank],,Unidata missing; GPKG empty
pair,yearbuilt,21347009,Sunnyvale,[blank],,Unidata missing; GPKG empty
pair,yearbuilt,21374059,Sunnyvale,[blank],,Unidata missing; GPKG empty
pair,yearbuilt,21601019,Santa Clara,[blank],,Unidata missing; GPKG empty
pair,yearbuilt,21601054,Santa Clara,[blank],,Unidata missing; GPKG empty
pair,yearbuilt,21602137,Santa Clara,[blank],,Unidata missing; GPKG empty
pair,yearbuilt,21603001,Santa Clara,[blank],,Unidata missing; GPKG empty
pair,yearbuilt,21603002,Santa Clara,[blank],,Unidata missing; GPKG empty
pair,yearbuilt,21604087,Santa Clara,[blank],,Unidata missing; GPKG empty
pair,yearbuilt,21605001,Santa Clara,[blank],,Unidata missing; GPKG empty
pair,yearbuilt,21605007,Santa Clara,[blank],,Unidata missing; GPKG empty
pair,yearbuilt,21605009,Santa Clara,[blank],,Unidata missing; GPKG empty
pair,yearbuilt,21605014,Santa Clara,[blank],,Unidata missing; GPKG empty
pair,yearbuilt,21606040,Santa Clara,[blank],,Unidata missing; GPKG empty
pair,yearbuilt,21606041,Santa Clara,[blank],,Unidata missing; GPKG empty
pair,yearbuilt,21606073,Santa Clara,[blank],,Unidata missing; GPKG empty
pair,yearbuilt,21606074,Santa Clara,[blank],,Unidata missing; GPKG empty
pair,yearbuilt,21610003,Santa Clara,[blank],,Unidata missing; GPKG empty
pair,yearbuilt,21610084,Santa Clara,[blank],,Unidata missing; GPKG empty
pair,yearbuilt,21610085,Santa Clara,[blank],,Unidata missing; GPKG empty
pair,yearbuilt,21610098,Santa Clara,[blank],,Unidata missing; GPKG empty
pair,yearbuilt,21611001,Santa Clara,[blank],,Unidata missing; GPKG empty
pair,yearbuilt,21614001,Santa Clara,[blank],,Unidata missing; GPKG empty
pair,yearbuilt,21615008,Santa Clara,[blank],,Unidata missing; GPKG empty
pair,yearbuilt,21624103,Santa Clara,[blank],,Unidata missing; GPKG empty
pair,yearbuilt,21624104,Santa Clara,[blank],,Unidata missing; GPKG empty
pair,yearbuilt,21625004,Santa Clara,[blank],,Unidata missing; GPKG empty
pair,yearbuilt,21626001,Santa Clara,[blank],,Unidata missing; GPKG empty
pair,yearbuilt,21626072,Santa Clara,[blank],,Unidata missing; GPKG empty
pair,yearbuilt,21626074,Santa Clara,[blank],,Unidata missing; GPKG empty
pair,yearbuilt,21626075,Santa Clara,[blank],,Unidata missing; GPKG empty
pair,yearbuilt,21627023,Sunnyvale,[blank],,Unidata missing; GPKG empty
pair,yearbuilt,21627033,Sunnyvale,[blank],,Unidata missing; GPKG empty
pair,yearbuilt,21627035,Sunnyvale,[blank],,Unidata missing; GPKG empty
pair,yearbuilt,21627036,Sunnyvale,[blank],,Unidata missing; GPKG empty
pair,yearbuilt,21627048,Sunnyvale,[blank],,Unidata missing; GPKG empty
pair,address,21627051,Sunnyvale,[blank],,Unidata missing; GPKG empty
pair,yearbuilt,21627051,Sunnyvale,[blank],,Unidata missing; GPKG empty
pair,yearbuilt,21627053,Sunnyvale,[blank],,Unidata missing; GPKG empty
pair,address,21627056,Sunnyvale,[blank],,Unidata missing; GPKG empty
pair,yearbuilt,21627056,Sunnyvale,[blank],,Unidata missing; GPKG empty
pair,address,21627057,Sunnyvale,[blank],,Unidata missing; GPKG empty
pair,yearbuilt,21627057,Sunnyvale,[blank],,Unidata missing; GPKG empty
pair,yearbuilt,21627058,Sunnyvale,[blank],,Unidata missing; GPKG empty
pair,yearbuilt,21628033,Sunnyvale,[blank],,Unidata missing; GPKG empty
pair,yearbuilt,21628062,Santa Clara,[blank],,Unidata missing; GPKG empty
pair,yearbuilt,21628084,Santa Clara,[blank],,Unidata missing; GPKG empty
pair,yearbuilt,21628086,Santa Clara,[blank],,Unidata missing; GPKG empty
pair,yearbuilt,21628088,Santa Clara,[blank],,Unidata missing; GPKG empty
pair,yearbuilt,21628090,Santa Clara,[blank],,Unidata missing; GPKG empty
pair,yearbuilt,21628092,Santa Clara,[blank],,Unidata missing; GPKG empty
pair,yearbuilt,21628093,Santa Clara,[blank],,Unidata missing; GPKG empty
pair,address,21628097,Santa Clara,[blank],,Unidata missing; GPKG empty
pair,yearbuilt,21628097,Santa Clara,[blank],,Unidata missing; GPKG empty
pair,address,21628100,Sunnyvale,[blank],,Unidata missing; GPKG empty
pair,yearbuilt,21628100,Sunnyvale,[blank],,Unidata missing; GPKG empty
pair,address,21628119,,[blank],,Unidata missing; GPKG empty
pair,scity,21628119,,[blank],,Unidata missing; GPKG empty
pair,yearbuilt,21628119,,[blank],,Unidata missing; GPKG empty
pair,address,21628120,,[blank],,Unidata missing; GPKG empty
pair,scity,21628120,,[blank],,Unidata missing; GPKG empty
pair,yearbuilt,21628120,,[blank],,Unidata missing; GPKG empty
pair,address,21628122,Santa Clara,[blank],,Unidata missing; GPKG empty
pair,yearbuilt,21628122,Santa Clara,[blank],,Unidata missing; GPKG empty
pair,address,21628123,Santa Clara,[blank],,Unidata missing; GPKG empty
pair,yearbuilt,21628123,Santa Clara,[blank],,Unidata missing; GPKG empty
pair,address,21628124,Santa Clara,[blank],,Unidata missing; GPKG empty
pair,yearbuilt,21628124,Santa Clara,[blank],,Unidata missing; GPKG empty
pair,address,21628125,Santa Clara,[blank],,Unidata missing; GPKG empty
pair,yearbuilt,21628125,Santa Clara,[blank],,Unidata missing; GPKG empty
pair,yearbuilt,21629105,Santa Clara,[blank],,Unidata missing; GPKG empty
pair,yearbuilt,21630030,Santa Clara,[blank],,Unidata missing; GPKG empty
pair,yearbuilt,21630034,Santa Clara,[blank],,Unidata missing; GPKG empty
pair,yearbuilt,21630042,Santa Clara,[blank],,Unidata missing; GPKG empty
pair,yearbuilt,21630043,Santa Clara,[blank],,Unidata missing; GPKG empty
pair,yearbuilt,21630045,Santa Clara,[blank],,Unidata missing; GPKG empty
pair,yearbuilt,21631032,Santa Clara,[blank],,Unidata missing; GPKG empty
pair,yearbuilt,21631054,Santa Clara,[blank],,Unidata missing; GPKG empty
pair,yearbuilt,21631064,Santa Clara,[blank],,Unidata missing; GPKG empty
pair,yearbuilt,21632031,Santa Clara,[blank],,Unidata missing; GPKG empty
pair,yearbuilt,21633021,Santa Clara,[blank],,Unidata missing; GPKG empty
pair,yearbuilt,21633035,Santa Clara,[blank],,Unidata missing; GPKG empty
pair,yearbuilt,21633038,Santa Clara,[blank],,Unidata missing; GPKG empty
pair,yearbuilt,21633054,Santa Clara,[blank],,Unidata missing; GPKG empty
pair,yearbuilt,21635010,Sunnyvale,[blank],,Unidata missing; GPKG empty
pair,yearbuilt,21635018,Sunnyvale,[blank],,Unidata missing; GPKG empty
pair,yearbuilt,21635019,Sunnyvale,[blank],,Unidata missing; GPKG empty
pair,yearbuilt,21635031,Santa Clara,[blank],,Unidata missing; GPKG empty
pair,yearbuilt,21643014,Sunnyvale,[blank],,Unidata missing; GPKG empty
pair,yearbuilt,21643017,Sunnyvale,[blank],,Unidata missing; GPKG empty
pair,yearbuilt,21643039,Sunnyvale,[blank],,Unidata missing; GPKG empty
pair,yearbuilt,21643040,Sunnyvale,[blank],,Unidata missing; GPKG empty
pair,yearbuilt,21644034,Sunnyvale,[blank],,Unidata missing; GPKG empty
pair,yearbuilt,21644035,Sunnyvale,[blank],,Unidata missing; GPKG empty
pair,yearbuilt,21644036,Sunnyvale,[blank],,Unidata missing; GPKG empty
pair,yearbuilt,21644095,Sunnyvale,[blank],,Unidata missing; GPKG empty
pair,yearbuilt,21644117,Sunnyvale,[blank],,Unidata missing; GPKG empty
pair,yearbuilt,21644127,Sunnyvale,[blank],,Unidata missing; GPKG empty
pair,yearbuilt,21645033,Santa Clara,[blank],,Unidata missing; GPKG empty
pair,yearbuilt,21645057,Santa Clara,[blank],,Unidata missing; GPKG empty
pair,yearbuilt,21645059,Santa Clara,[blank],,Unidata missing; GPKG empty
pair,yearbuilt,21646022,Santa Clara,[blank],,Unidata missing; GPKG empty
pair,yearbuilt,21647013,Santa Clara,[blank],,Unidata missing; GPKG empty
pair,yearbuilt,21648018,Santa Clara,[blank],,Unidata missing; GPKG empty
pair,zoning,21648018,Santa Clara,[blank],,Unidata missing; GPKG empty
pair,yearbuilt,21648019,Santa Clara,[blank],,Unidata missing; GPKG empty
pair,yearbuilt,21648033,Santa Clara,[blank],,Unidata missing; GPKG empty
pair,yearbuilt,21659015,Santa Clara,[blank],,Unidata missing; GPKG empty
pair,yearbuilt,21659042,Santa Clara,[blank],,Unidata missing; GPKG empty
pair,yearbuilt,21659044,Santa Clara,[blank],,Unidata missing; GPKG empty
pair,yearbuilt,21659045,Santa Clara,[blank],,Unidata missing; GPKG empty
pair,yearbuilt,21659046,Santa Clara,[blank],,Unidata missing; GPKG empty
pair,yearbuilt,21659047,Santa Clara,[blank],,Unidata missing; GPKG empty
pair,yearbuilt,21660044,Santa Clara,[blank],,Unidata missing; GPKG empty
pair,yearbuilt,22001022,Santa Clara,[blank],,Unidata missing; GPKG empty
pair,yearbuilt,22001042,Santa Clara,[blank],,Unidata missing; GPKG empty
pair,yearbuilt,22004007,Santa Clara,[blank],,Unidata missing; GPKG empty
pair,yearbuilt,22007134,Santa Clara,[blank],,Unidata missing; GPKG empty
pair,yearbuilt,22008013,Santa Clara,[blank],,Unidata missing; GPKG empty
pair,yearbuilt,22008017,Santa Clara,[blank],,Unidata missing; GPKG empty
pair,yearbuilt,22009052,Santa Clara,[blank],,Unidata missing; GPKG empty
pair,yearbuilt,22009062,Santa Clara,[blank],,Unidata missing; GPKG empty
pair,yearbuilt,22011037,Santa Clara,[blank],,Unidata missing; GPKG empty
pair,yearbuilt,22011039,Santa Clara,[blank],,Unidata missing; GPKG empty
pair,yearbuilt,22011040,Santa Clara,[blank],,Unidata missing; GPKG empty
pair,address,22012072,Santa Clara,[blank],,Unidata missing; GPKG empty
pair,yearbuilt,22012072,Santa Clara,[blank],,Unidata missing; GPKG empty
pair,yearbuilt,22013102,Santa Clara,[blank],,Unidata missing; GPKG empty
pair,yearbuilt,22014035,Santa Clara,[blank],,Unidata missing; GPKG empty
pair,yearbuilt,22018038,Santa Clara,[blank],,Unidata missing; GPKG empty
pair,yearbuilt,22018051,Santa Clara,[blank],,Unidata missing; GPKG empty
pair,yearbuilt,22021001,Santa Clara,[blank],,Unidata missing; GPKG empty
pair,yearbuilt,22022028,Santa Clara,[blank],,Unidata missing; GPKG empty
pair,yearbuilt,22030012,Santa Clara,[blank],,Unidata missing; GPKG empty
pair,yearbuilt,22031080,Santa Clara,[blank],,Unidata missing; GPKG empty
pair,yearbuilt,22035007,Santa Clara,[blank],,Unidata missing; GPKG empty
pair,yearbuilt,22401010,Santa Clara,[blank],,Unidata missing; GPKG empty
pair,zoning,22401010,Santa Clara,[blank],,Unidata missing; GPKG empty
pair,yearbuilt,22402001,Santa Clara,[blank],,Unidata missing; GPKG empty
pair,yearbuilt,22402003,Santa Clara,[blank],,Unidata missing; GPKG empty
pair,yearbuilt,22402025,Santa Clara,[blank],,Unidata missing; GPKG empty
pair,yearbuilt,22404089,Santa Clara,[blank],,Unidata missing; GPKG empty
pair,yearbuilt,22405062,Santa Clara,[blank],,Unidata missing; GPKG empty
pair,yearbuilt,22405097,Santa Clara,[blank],,Unidata missing; GPKG empty
pair,address,22405118,Santa Clara,[blank],,Unidata missing; GPKG empty
pair,yearbuilt,22405118,Santa Clara,[blank],,Unidata missing; GPKG empty
pair,zoning,22405118,Santa Clara,[blank],,Unidata missing; GPKG empty
pair,address,22405119,Santa Clara,[blank],,Unidata missing; GPKG empty
pair,yearbuilt,22405119,Santa Clara,[blank],,Unidata missing; GPKG empty
pair,zoning,22405119,Santa Clara,[blank],,Unidata missing; GPKG empty
pair,yearbuilt,22406120,Santa Clara,[blank],,Unidata missing; GPKG empty
pair,yearbuilt,22406146,Santa Clara,[blank],,Unidata missing; GPKG empty
pair,yearbuilt,22406149,Santa Clara,[blank],,Unidata missing; GPKG empty
pair,yearbuilt,22406175,Santa Clara,[blank],,Unidata missing; GPKG empty
pair,yearbuilt,22406177,Santa Clara,[blank],,Unidata missing; GPKG empty
pair,yearbuilt,22407100,Santa Clara,[blank],,Unidata missing; GPKG empty
pair,yearbuilt,22408082,Santa Clara,[blank],,Unidata missing; GPKG empty
pair,yearbuilt,22408085,Santa Clara,[blank],,Unidata missing; GPKG empty
pair,yearbuilt,22408142,Santa Clara,[blank],,Unidata missing; GPKG empty
pair,yearbuilt,22408150,Santa Clara,[blank],,Unidata missing; GPKG empty
pair,yearbuilt,22408153,Santa Clara,[blank],,Unidata missing; GPKG empty
pair,yearbuilt,22409139,Santa Clara,[blank],,Unidata missing; GPKG empty
pair,yearbuilt,22409171,Santa Clara,[blank],,Unidata missing; GPKG empty
pair,yearbuilt,22410080,Santa Clara,[blank],,Unidata missing; GPKG empty
pair,yearbuilt,22410123,Santa Clara,[blank],,Unidata missing; GPKG empty
pair,yearbuilt,22410127,Santa Clara,[blank],,Unidata missing; GPKG empty
pair,zoning,22410127,Santa Clara,[blank],,Unidata missing; GPKG empty
pair,address,22410128,Santa Clara,[blank],,Unidata missing; GPKG empty
pair,yearbuilt,22410128,Santa Clara,[blank],,Unidata missing; GPKG empty
pair,zoning,22410128,Santa Clara,[blank],,Unidata missing; GPKG empty
pair,address,22410129,Santa Clara,[blank],,Unidata missing; GPKG empty
pair,yearbuilt,22410129,Santa Clara,[blank],,Unidata missing; GPKG empty
pair,zoning,22410129,Santa Clara,[blank],,Unidata missing; GPKG empty
pair,yearbuilt,22411069,Santa Clara,[blank],,Unidata missing; GPKG empty
pair,address,22412002,Santa Clara,[blank],,Unidata missing; GPKG empty
pair,yearbuilt,22412002,Santa Clara,[blank],,Unidata missing; GPKG empty
pair,address,22414086,Santa Clara,[blank],,Unidata missing; GPKG empty
pair,yearbuilt,22414086,Santa Clara,[blank],,Unidata missing; GPKG empty
pair,yearbuilt,22414109,Santa Clara,[blank],,Unidata missing; GPKG empty
pair,yearbuilt,22415017,Santa Clara,[blank],,Unidata missing; GPKG empty
pair,yearbuilt,22418002,Santa Clara,[blank],,Unidata missing; GPKG empty
pair,yearbuilt,22421092,Santa Clara,[blank],,Unidata missing; GPKG empty
pair,yearbuilt,22422001,Santa Clara,[blank],,Unidata missing; GPKG empty
pair,yearbuilt,22423074,Santa Clara,[blank],,Unidata missing; GPKG empty
pair,yearbuilt,22424118,Santa Clara,[blank],,Unidata missing; GPKG empty
pair,yearbuilt,22425074,Santa Clara,[blank],,Unidata missing; GPKG empty
pair,yearbuilt,22426050,Santa Clara,[blank],,Unidata missing; GPKG empty
pair,yearbuilt,22427037,Santa Clara,[blank],,Unidata missing; GPKG empty
pair,yearbuilt,22428035,Santa Clara,[blank],,Unidata missing; GPKG empty
pair,yearbuilt,22428048,Santa Clara,[blank],,Unidata missing; GPKG empty
pair,yearbuilt,22428073,Santa Clara,[blank],,Unidata missing; GPKG empty
pair,yearbuilt,22429010,Santa Clara,[blank],,Unidata missing; GPKG empty
pair,yearbuilt,22429023,Santa Clara,[blank],,Unidata missing; GPKG empty
pair,yearbuilt,22430105,Santa Clara,[blank],,Unidata missing; GPKG empty
pair,address,22431032,Santa Clara,[blank],,Unidata missing; GPKG empty
pair,yearbuilt,22431032,Santa Clara,[blank],,Unidata missing; GPKG empty
pair,yearbuilt,22432041,Santa Clara,[blank],,Unidata missing; GPKG empty
pair,yearbuilt,22436004,Santa Clara,[blank],,Unidata missing; GPKG empty
pair,yearbuilt,22436007,Santa Clara,[blank],,Unidata missing; GPKG empty
pair,yearbuilt,22436025,Santa Clara,[blank],,Unidata missing; GPKG empty
pair,yearbuilt,22436046,San Jose,[blank],,Unidata missing; GPKG empty
pair,yearbuilt,22436055,San Jose,[blank],,Unidata missing; GPKG empty
pair,yearbuilt,22436056,Santa Clara,[blank],,Unidata missing; GPKG empty
pair,yearbuilt,22436057,Santa Clara,[blank],,Unidata missing; GPKG empty
pair,yearbuilt,22437066,Santa Clara,[blank],,Unidata missing; GPKG empty
pair,yearbuilt,22437067,Santa Clara,[blank],,Unidata missing; GPKG empty
pair,yearbuilt,22438010,Santa Clara,[blank],,Unidata missing; GPKG empty
pair,yearbuilt,22438014,Santa Clara,[blank],,Unidata missing; GPKG empty
pair,yearbuilt,22438016,Santa Clara,[blank],,Unidata missing; GPKG empty
pair,yearbuilt,22438017,Santa Clara,[blank],,Unidata missing; GPKG empty
pair,yearbuilt,22438025,Santa Clara,[blank],,Unidata missing; GPKG empty
pair,yearbuilt,22440005,Santa Clara,[blank],,Unidata missing; GPKG empty
pair,yearbuilt,22440009,Santa Clara,[blank],,Unidata missing; GPKG empty
pair,yearbuilt,22442002,Santa Clara,[blank],,Unidata missing; GPKG empty
pair,yearbuilt,22442007,Santa Clara,[blank],,Unidata missing; GPKG empty
pair,yearbuilt,22443002,Santa Clara,[blank],,Unidata missing; GPKG empty
pair,yearbuilt,22445006,Santa Clara,[blank],,Unidata missing; GPKG empty
pair,yearbuilt,22445008,Santa Clara,[blank],,Unidata missing; GPKG empty
pair,yearbuilt,22445028,Santa Clara,[blank],,Unidata missing; GPKG empty
pair,yearbuilt,22447020,Santa Clara,[blank],,Unidata missing; GPKG empty
pair,yearbuilt,22448014,Santa Clara,[blank],,Unidata missing; GPKG empty
pair,yearbuilt,22448015,Santa Clara,[blank],,Unidata missing; GPKG empty
pair,yearbuilt,22449004,Santa Clara,[blank],,Unidata missing; GPKG empty
pair,yearbuilt,22449005,Santa Clara,[blank],,Unidata missing; GPKG empty
pair,yearbuilt,22449011,Santa Clara,[blank],,Unidata missing; GPKG empty
pair,yearbuilt,22450001,Santa Clara,[blank],,Unidata missing; GPKG empty
pair,yearbuilt,22457014,Santa Clara,[blank],,Unidata missing; GPKG empty
pair,yearbuilt,22457015,Santa Clara,[blank],,Unidata missing; GPKG empty
pair,yearbuilt,22458001,Santa Clara,[blank],,Unidata missing; GPKG empty
pair,yearbuilt,22460006,Santa Clara,[blank],,Unidata missing; GPKG empty
pair,yearbuilt,22461003,Santa Clara,[blank],,Unidata missing; GPKG empty
pair,yearbuilt,22461005,Santa Clara,[blank],,Unidata missing; GPKG empty
pair,yearbuilt,22461006,Santa Clara,[blank],,Unidata missing; GPKG empty
pair,yearbuilt,22462001,Santa Clara,[blank],,Unidata missing; GPKG empty
pair,yearbuilt,22462011,Santa Clara,[blank],,Unidata missing; GPKG empty
pair,yearbuilt,22462021,Santa Clara,[blank],,Unidata missing; GPKG empty
pair,yearbuilt,22463015,Santa Clara,[blank],,Unidata missing; GPKG empty
pair,yearbuilt,22463018,Santa Clara,[blank],,Unidata missing; GPKG empty
pair,yearbuilt,22464007,Santa Clara,[blank],,Unidata missing; GPKG empty
pair,yearbuilt,22465003,Santa Clara,[blank],,Unidata missing; GPKG empty
pair,yearbuilt,22465004,Santa Clara,[blank],,Unidata missing; GPKG empty
pair,zoning,22465004,Santa Clara,[blank],,Unidata missing; GPKG empty
pair,address,22465007,Santa Clara,[blank],,Unidata missing; GPKG empty
pair,yearbuilt,22465007,Santa Clara,[blank],,Unidata missing; GPKG empty
pair,zoning,22465007,Santa Clara,[blank],,Unidata missing; GPKG empty
pair,address,22465008,Santa Clara,[blank],,Unidata missing; GPKG empty
pair,yearbuilt,22465008,Santa Clara,[blank],,Unidata missing; GPKG empty
pair,zoning,22465008,Santa Clara,[blank],,Unidata missing; GPKG empty
pair,yearbuilt,22467001,Santa Clara,[blank],,Unidata missing; GPKG empty
pair,yearbuilt,22467006,Santa Clara,[blank],,Unidata missing; GPKG empty
pair,yearbuilt,22467018,Santa Clara,[blank],,Unidata missing; GPKG empty
pair,yearbuilt,22467025,Santa Clara,[blank],,Unidata missing; GPKG empty
pair,yearbuilt,23001048,San Jose,[blank],,Unidata missing; GPKG empty
pair,yearbuilt,23001058,San Jose,[blank],,Unidata missing; GPKG empty
pair,yearbuilt,23002006,San Jose,[blank],,Unidata missing; GPKG empty
pair,yearbuilt,23002007,San Jose,[blank],,Unidata missing; GPKG empty
pair,yearbuilt,23002021,San Jose,[blank],,Unidata missing; GPKG empty
pair,yearbuilt,23002024,San Jose,[blank],,Unidata missing; GPKG empty
pair,yearbuilt,23002025,San Jose,[blank],,Unidata missing; GPKG empty
pair,yearbuilt,23002026,San Jose,[blank],,Unidata missing; GPKG empty
pair,yearbuilt,23002035,San Jose,[blank],,Unidata missing; GPKG empty
pair,yearbuilt,23003020,Santa Clara,[blank],,Unidata missing; GPKG empty
pair,yearbuilt,23003041,Santa Clara,[blank],,Unidata missing; GPKG empty
pair,yearbuilt,23003047,Santa Clara,[blank],,Unidata missing; GPKG empty
pair,yearbuilt,23003049,Santa Clara,[blank],,Unidata missing; GPKG empty
pair,yearbuilt,23003067,Santa Clara,[blank],,Unidata missing; GPKG empty
pair,yearbuilt,23003070,Santa Clara,[blank],,Unidata missing; GPKG empty
pair,yearbuilt,23003071,Santa Clara,[blank],,Unidata missing; GPKG empty
pair,yearbuilt,23003074,Santa Clara,[blank],,Unidata missing; GPKG empty
pair,yearbuilt,23003081,San Jose,[blank],,Unidata missing; GPKG empty
pair,yearbuilt,23003101,San Jose,[blank],,Unidata missing; GPKG empty
pair,yearbuilt,23003102,Santa Clara,[blank],,Unidata missing; GPKG empty
pair,yearbuilt,23003103,Santa Clara,[blank],,Unidata missing; GPKG empty
pair,yearbuilt,23004017,Santa Clara,[blank],,Unidata missing; GPKG empty
pair,yearbuilt,23005005,Santa Clara,[blank],,Unidata missing; GPKG empty
pair,yearbuilt,23005064,Santa Clara,[blank],,Unidata missing; GPKG empty
pair,yearbuilt,23005065,Santa Clara,[blank],,Unidata missing; GPKG empty
pair,yearbuilt,23006009,Santa Clara,[blank],,Unidata missing; GPKG empty
pair,address,23006031,Santa Clara,[blank],,Unidata missing; GPKG empty
pair,yearbuilt,23006031,Santa Clara,[blank],,Unidata missing; GPKG empty
pair,address,23006032,Santa Clara,[blank],,Unidata missing; GPKG empty
pair,yearbuilt,23006032,Santa Clara,[blank],,Unidata missing; GPKG empty
pair,yearbuilt,23006035,Santa Clara,[blank],,Unidata missing; GPKG empty
pair,yearbuilt,23006037,Santa Clara,[blank],,Unidata missing; GPKG empty
pair,zoning,23006037,Santa Clara,[blank],,Unidata missing; GPKG empty
pair,address,23006038,Santa Clara,[blank],,Unidata missing; GPKG empty
pair,yearbuilt,23006038,Santa Clara,[blank],,Unidata missing; GPKG empty
pair,address,23006039,Santa Clara,[blank],,Unidata missing; GPKG empty
pair,yearbuilt,23006039,Santa Clara,[blank],,Unidata missing; GPKG empty
pair,zoning,23006039,Santa Clara,[blank],,Unidata missing; GPKG empty
pair,address,23006040,Santa Clara,[blank],,Unidata missing; GPKG empty
pair,yearbuilt,23006040,Santa Clara,[blank],,Unidata missing; GPKG empty
pair,zoning,23006040,Santa Clara,[blank],,Unidata missing; GPKG empty
pair,yearbuilt,23006050,Santa Clara,[blank],,Unidata missing; GPKG empty
pair,address,23006051,Santa Clara,[blank],,Unidata missing; GPKG empty
pair,yearbuilt,23006051,Santa Clara,[blank],,Unidata missing; GPKG empty
pair,yearbuilt,23006052,Santa Clara,[blank],,Unidata missing; GPKG empty
pair,address,23006055,Santa Clara,[blank],,Unidata missing; GPKG empty
pair,yearbuilt,23006055,Santa Clara,[blank],,Unidata missing; GPKG empty
pair,yearbuilt,23007046,Santa Clara,[blank],,Unidata missing; GPKG empty
pair,address,23007056,Santa Clara,[blank],,Unidata missing; GPKG empty
pair,yearbuilt,23007056,Santa Clara,[blank],,Unidata missing; GPKG empty
pair,yearbuilt,23007057,Santa Clara,[blank],,Unidata missing; GPKG empty
pair,zoning,23007057,Santa Clara,[blank],,Unidata missing; GPKG empty
pair,yearbuilt,23007065,Santa Clara,[blank],,Unidata missing; GPKG empty
pair,yearbuilt,23008018,Santa Clara,[blank],,Unidata missing; GPKG empty
pair,yearbuilt,23008021,Santa Clara,[blank],,Unidata missing; GPKG empty
pair,yearbuilt,23008078,Santa Clara,[blank],,Unidata missing; GPKG empty
pair,yearbuilt,23008080,Santa Clara,[blank],,Unidata missing; GPKG empty
pair,yearbuilt,23009021,San Jose,[blank],,Unidata missing; GPKG empty
pair,yearbuilt,23011041,Santa Clara,[blank],,Unidata missing; GPKG empty
pair,yearbuilt,23011042,Santa Clara,[blank],,Unidata missing; GPKG empty
pair,yearbuilt,23011044,Santa Clara,[blank],,Unidata missing; GPKG empty
pair,yearbuilt,23011045,Santa Clara,[blank],,Unidata missing; GPKG empty
pair,yearbuilt,23012012,Santa Clara,[blank],,Unidata missing; GPKG empty
pair,yearbuilt,23013023,Santa Clara,[blank],,Unidata missing; GPKG empty
pair,yearbuilt,23013025,Santa Clara,[blank],,Unidata missing; GPKG empty
pair,yearbuilt,23013026,Santa Clara,[blank],,Unidata missing; GPKG empty
pair,yearbuilt,23013027,Santa Clara,[blank],,Unidata missing; GPKG empty
pair,yearbuilt,23013028,Santa Clara,[blank],,Unidata missing; GPKG empty
pair,yearbuilt,23013029,Santa Clara,[blank],,Unidata missing; GPKG empty
pair,yearbuilt,23014009,San Jose,[blank],,Unidata missing; GPKG empty
pair,yearbuilt,23014027,San Jose,[blank],,Unidata missing; GPKG empty
pair,address,23014028,San Jose,[blank],,Unidata missing; GPKG empty
pair,yearbuilt,23014028,San Jose,[blank],,Unidata missing; GPKG empty
pair,address,23014029,San Jose,[blank],,Unidata missing; GPKG empty
pair,yearbuilt,23014029,San Jose,[blank],,Unidata missing; GPKG empty
pair,yearbuilt,23015005,San Jose,[blank],,Unidata missing; GPKG empty
pair,yearbuilt,23015006,San Jose,[blank],,Unidata missing; GPKG empty
pair,yearbuilt,23015007,San Jose,[blank],,Unidata missing; GPKG empty
pair,yearbuilt,23015011,San Jose,[blank],,Unidata missing; GPKG empty
pair,yearbuilt,23016028,San Jose,[blank],,Unidata missing; GPKG empty
pair,yearbuilt,23016031,Santa Clara,[blank],,Unidata missing; GPKG empty
pair,yearbuilt,23016058,San Jose,[blank],,Unidata missing; GPKG empty
pair,yearbuilt,23016084,San Jose,[blank],,Unidata missing; GPKG empty
pair,yearbuilt,23016108,San Jose,[blank],,Unidata missing; GPKG empty
pair,yearbuilt,23016120,Santa Clara,[blank],,Unidata missing; GPKG empty
pair,zoning,23016120,Santa Clara,[blank],,Unidata missing; GPKG empty
pair,yearbuilt,23018033,San Jose,[blank],,Unidata missing; GPKG empty
pair,yearbuilt,23018054,San Jose,[blank],,Unidata missing; GPKG empty
pair,yearbuilt,23018099,San Jose,[blank],,Unidata missing; GPKG empty
pair,yearbuilt,23018104,San Jose,[blank],,Unidata missing; GPKG empty
pair,yearbuilt,23020013,San Jose,[blank],,Unidata missing; GPKG empty
pair,yearbuilt,23020025,San Jose,[blank],,Unidata missing; GPKG empty
pair,yearbuilt,23021055,San Jose,[blank],,Unidata missing; GPKG empty
pair,yearbuilt,23021062,San Jose,[blank],,Unidata missing; GPKG empty
pair,yearbuilt,23021078,San Jose,[blank],,Unidata missing; GPKG empty
pair,yearbuilt,23021079,San Jose,[blank],,Unidata missing; GPKG empty
pair,yearbuilt,23022003,San Jose,[blank],,Unidata missing; GPKG empty
pair,yearbuilt,23022006,San Jose,[blank],,Unidata missing; GPKG empty
pair,yearbuilt,23022007,San Jose,[blank],,Unidata missing; GPKG empty
pair,yearbuilt,23022008,San Jose,[blank],,Unidata missing; GPKG empty
pair,yearbuilt,23022009,San Jose,[blank],,Unidata missing; GPKG empty
pair,yearbuilt,23022010,San Jose,[blank],,Unidata missing; GPKG empty
pair,yearbuilt,23022011,San Jose,[blank],,Unidata missing; GPKG empty
pair,yearbuilt,23023007,San Jose,[blank],,Unidata missing; GPKG empty
pair,yearbuilt,23023017,San Jose,[blank],,Unidata missing; GPKG empty
pair,yearbuilt,23023045,San Jose,[blank],,Unidata missing; GPKG empty
pair,yearbuilt,23023048,San Jose,[blank],,Unidata missing; GPKG empty
pair,yearbuilt,23024006,San Jose,[blank],,Unidata missing; GPKG empty
pair,yearbuilt,23024008,San Jose,[blank],,Unidata missing; GPKG empty
pair,yearbuilt,23025004,San Jose,[blank],,Unidata missing; GPKG empty
pair,yearbuilt,23025005,San Jose,[blank],,Unidata missing; GPKG empty
pair,yearbuilt,23029006,San Jose,[blank],,Unidata missing; GPKG empty
pair,yearbuilt,23029089,San Jose,[blank],,Unidata missing; GPKG empty
pair,yearbuilt,23029116,San Jose,[blank],,Unidata missing; GPKG empty
pair,yearbuilt,23029117,San Jose,[blank],,Unidata missing; GPKG empty
pair,yearbuilt,23032100,San Jose,[blank],,Unidata missing; GPKG empty
pair,yearbuilt,23032110,San Jose,[blank],,Unidata missing; GPKG empty
pair,yearbuilt,23032111,San Jose,[blank],,Unidata missing; GPKG empty
pair,yearbuilt,23032112,San Jose,[blank],,Unidata missing; GPKG empty
pair,yearbuilt,23035101,San Jose,[blank],,Unidata missing; GPKG empty
pair,yearbuilt,23035104,San Jose,[blank],,Unidata missing; GPKG empty
pair,yearbuilt,23036075,San Jose,[blank],,Unidata missing; GPKG empty
pair,yearbuilt,23036077,San Jose,[blank],,Unidata missing; GPKG empty
pair,yearbuilt,23037020,San Jose,[blank],,Unidata missing; GPKG empty
pair,address,23037032,San Jose,[blank],,Unidata missing; GPKG empty
pair,yearbuilt,23037032,San Jose,[blank],,Unidata missing; GPKG empty
pair,address,23037033,San Jose,[blank],,Unidata missing; GPKG empty
pair,yearbuilt,23037033,San Jose,[blank],,Unidata missing; GPKG empty
pair,yearbuilt,23037034,San Jose,[blank],,Unidata missing; GPKG empty
pair,yearbuilt,23037036,San Jose,[blank],,Unidata missing; GPKG empty
pair,yearbuilt,23037037,San Jose,[blank],,Unidata missing; GPKG empty
pair,yearbuilt,23037038,San Jose,[blank],,Unidata missing; GPKG empty
pair,yearbuilt,23037039,San Jose,[blank],,Unidata missing; GPKG empty
pair,yearbuilt,23037040,San Jose,[blank],,Unidata missing; GPKG empty
pair,yearbuilt,23037041,San Jose,[blank],,Unidata missing; GPKG empty
pair,address,23038003,San Jose,[blank],,Unidata missing; GPKG empty
pair,yearbuilt,23038013,San Jose,[blank],,Unidata missing; GPKG empty
pair,yearbuilt,23038057,San Jose,[blank],,Unidata missing; GPKG empty
pair,yearbuilt,23038065,San Jose,[blank],,Unidata missing; GPKG empty
pair,yearbuilt,23038067,San Jose,[blank],,Unidata missing; GPKG empty
pair,yearbuilt,23038074,San Jose,[blank],,Unidata missing; GPKG empty
pair,yearbuilt,23038076,San Jose,[blank],,Unidata missing; GPKG empty
pair,yearbuilt,23038079,San Jose,[blank],,Unidata missing; GPKG empty
pair,yearbuilt,23038080,San Jose,[blank],,Unidata missing; GPKG empty
pair,yearbuilt,23038092,San Jose,[blank],,Unidata missing; GPKG empty
pair,yearbuilt,23038104,San Jose,[blank],,Unidata missing; GPKG empty
pair,yearbuilt,23038108,San Jose,[blank],,Unidata missing; GPKG empty
pair,yearbuilt,23038109,San Jose,[blank],,Unidata missing; GPKG empty
pair,yearbuilt,23038110,San Jose,[blank],,Unidata missing; GPKG empty
pair,yearbuilt,23038111,San Jose,[blank],,Unidata missing; GPKG empty
pair,yearbuilt,23038112,San Jose,[blank],,Unidata missing; GPKG empty
pair,yearbuilt,23038113,San Jose,[blank],,Unidata missing; GPKG empty
pair,address,23038114,San Jose,[blank],,Unidata missing; GPKG empty
pair,yearbuilt,23038114,San Jose,[blank],,Unidata missing; GPKG empty
pair,yearbuilt,23038116,San Jose,[blank],,Unidata missing; GPKG empty
pair,yearbuilt,23038117,San Jose,[blank],,Unidata missing; GPKG empty
pair,yearbuilt,23038118,San Jose,[blank],,Unidata missing; GPKG empty
pair,yearbuilt,23039124,San Jose,[blank],,Unidata missing; GPKG empty
pair,yearbuilt,23039128,San Jose,[blank],,Unidata missing; GPKG empty
pair,yearbuilt,23039129,San Jose,[blank],,Unidata missing; GPKG empty
pair,yearbuilt,23039130,San Jose,[blank],,Unidata missing; GPKG empty
pair,yearbuilt,23039131,San Jose,[blank],,Unidata missing; GPKG empty
pair,yearbuilt,23039132,San Jose,[blank],,Unidata missing; GPKG empty
pair,yearbuilt,23039133,San Jose,[blank],,Unidata missing; GPKG empty
pair,yearbuilt,23039134,San Jose,[blank],,Unidata missing; GPKG empty
pair,yearbuilt,23040046,San Jose,[blank],,Unidata missing; GPKG empty
pair,yearbuilt,23040049,San Jose,[blank],,Unidata missing; GPKG empty
pair,yearbuilt,23040052,San Jose,[blank],,Unidata missing; GPKG empty
pair,yearbuilt,23040062,San Jose,[blank],,Unidata missing; GPKG empty
pair,yearbuilt,23040064,San Jose,[blank],,Unidata missing; GPKG empty
pair,yearbuilt,23040071,San Jose,[blank],,Unidata missing; GPKG empty
pair,yearbuilt,23040095,San Jose,[blank],,Unidata missing; GPKG empty
pair,yearbuilt,23041011,San Jose,[blank],,Unidata missing; GPKG empty
pair,yearbuilt,23041029,San Jose,[blank],,Unidata missing; GPKG empty
pair,yearbuilt,23041030,San Jose,[blank],,Unidata missing; GPKG empty
pair,yearbuilt,23041031,San Jose,[blank],,Unidata missing; GPKG empty
pair,yearbuilt,23041038,San Jose,[blank],,Unidata missing; GPKG empty
pair,address,23041042,San Jose,[blank],,Unidata missing; GPKG empty
pair,yearbuilt,23041042,San Jose,[blank],,Unidata missing; GPKG empty
pair,zoning,23041042,San Jose,[blank],,Unidata missing; GPKG empty
pair,yearbuilt,23041043,San Jose,[blank],,Unidata missing; GPKG empty
pair,yearbuilt,23042010,San Jose,[blank],,Unidata missing; GPKG empty
pair,yearbuilt,23042013,San Jose,[blank],,Unidata missing; GPKG empty
pair,yearbuilt,23042014,San Jose,[blank],,Unidata missing; GPKG empty
pair,yearbuilt,23042021,San Jose,[blank],,Unidata missing; GPKG empty
pair,yearbuilt,23042076,San Jose,[blank],,Unidata missing; GPKG empty
pair,yearbuilt,23042098,San Jose,[blank],,Unidata missing; GPKG empty
pair,yearbuilt,23042100,San Jose,[blank],,Unidata missing; GPKG empty
pair,yearbuilt,23042101,San Jose,[blank],,Unidata missing; GPKG empty
pair,yearbuilt,23044053,San Jose,[blank],,Unidata missing; GPKG empty
pair,yearbuilt,23045063,San Jose,[blank],,Unidata missing; GPKG empty
pair,yearbuilt,23046011,San Jose,[blank],,Unidata missing; GPKG empty
pair,yearbuilt,23046017,San Jose,[blank],,Unidata missing; GPKG empty
pair,yearbuilt,23046018,San Jose,[blank],,Unidata missing; GPKG empty
pair,yearbuilt,23046019,San Jose,[blank],,Unidata missing; GPKG empty
pair,yearbuilt,23046020,San Jose,[blank],,Unidata missing; GPKG empty
pair,yearbuilt,23046022,San Jose,[blank],,Unidata missing; GPKG empty
pair,yearbuilt,23046023,San Jose,[blank],,Unidata missing; GPKG empty
pair,yearbuilt,23046024,San Jose,[blank],,Unidata missing; GPKG empty
pair,yearbuilt,23046035,San Jose,[blank],,Unidata missing; GPKG empty
pair,yearbuilt,23046036,San Jose,[blank],,Unidata missing; GPKG empty
pair,yearbuilt,23046037,San Jose,[blank],,Unidata missing; GPKG empty
pair,yearbuilt,23046040,San Jose,[blank],,Unidata missing; GPKG empty
pair,yearbuilt,23046041,San Jose,[blank],,Unidata missing; GPKG empty
pair,yearbuilt,23046042,San Jose,[blank],,Unidata missing; GPKG empty
pair,yearbuilt,23046044,San Jose,[blank],,Unidata missing; GPKG empty
pair,yearbuilt,23046045,San Jose,[blank],,Unidata missing; GPKG empty
pair,yearbuilt,23046046,San Jose,[blank],,Unidata missing; GPKG empty
pair,yearbuilt,23046049,San Jose,[blank],,Unidata missing; GPKG empty
pair,yearbuilt,23046051,San Jose,[blank],,Unidata missing; GPKG empty
pair,yearbuilt,23046052,Santa Clara,[blank],,Unidata missing; GPKG empty
pair,yearbuilt,23046066,San Jose,[blank],,Unidata missing; GPKG empty
pair,yearbuilt,23046075,San Jose,[blank],,Unidata missing; GPKG empty
pair,yearbuilt,23046085,San Jose,[blank],,Unidata missing; GPKG empty
pair,yearbuilt,23052011,San Jose,[blank],,Unidata missing; GPKG empty
pair,yearbuilt,23052044,San Jose,[blank],,Unidata missing; GPKG empty
pair,yearbuilt,23054015,San Jose,[blank],,Unidata missing; GPKG empty
pair,yearbuilt,23057010,San Jose,[blank],,Unidata missing; GPKG empty
pair,yearbuilt,23058002,San Jose,[blank],,Unidata missing; GPKG empty
pair,yearbuilt,23059001,San Jose,[blank],,Unidata missing; GPKG empty
pair,yearbuilt,23059002,San Jose,[blank],,Unidata missing; GPKG empty
pair,yearbuilt,23059003,San Jose,[blank],,Unidata missing; GPKG empty
pair,yearbuilt,23059004,San Jose,[blank],,Unidata missing; GPKG empty
pair,yearbuilt,23059005,San Jose,[blank],,Unidata missing; GPKG empty
pair,yearbuilt,23059006,San Jose,[blank],,Unidata missing; GPKG empty
pair,yearbuilt,23059007,San Jose,[blank],,Unidata missing; GPKG empty
pair,yearbuilt,23060005,Santa Clara,[blank],,Unidata missing; GPKG empty
pair,yearbuilt,23060006,Santa Clara,[blank],,Unidata missing; GPKG empty
pair,yearbuilt,23060007,Santa Clara,[blank],,Unidata missing; GPKG empty
pair,yearbuilt,23060008,Santa Clara,[blank],,Unidata missing; GPKG empty
pair,yearbuilt,23060010,Santa Clara,[blank],,Unidata missing; GPKG empty
pair,yearbuilt,23061003,San Jose,[blank],,Unidata missing; GPKG empty
pair,yearbuilt,23061004,San Jose,[blank],,Unidata missing; GPKG empty
pair,yearbuilt,23061005,San Jose,[blank],,Unidata missing; GPKG empty
pair,yearbuilt,23501002,San Jose,[blank],,Unidata missing; GPKG empty
pair,yearbuilt,23501005,San Jose,[blank],,Unidata missing; GPKG empty
pair,yearbuilt,23501021,San Jose,[blank],,Unidata missing; GPKG empty
pair,yearbuilt,23501023,San Jose,[blank],,Unidata missing; GPKG empty
pair,yearbuilt,23501025,San Jose,[blank],,Unidata missing; GPKG empty
pair,yearbuilt,23501026,San Jose,[blank],,Unidata missing; GPKG empty
pair,yearbuilt,23501027,San Jose,[blank],,Unidata missing; GPKG empty
pair,yearbuilt,23501028,San Jose,[blank],,Unidata missing; GPKG empty
pair,yearbuilt,23501029,San Jose,[blank],,Unidata missing; GPKG empty
pair,yearbuilt,23501030,San Jose,[blank],,Unidata missing; GPKG empty
pair,yearbuilt,23501032,San Jose,[blank],,Unidata missing; GPKG empty
pair,yearbuilt,23501033,San Jose,[blank],,Unidata missing; GPKG empty
pair,yearbuilt,23501034,San Jose,[blank],,Unidata missing; GPKG empty
pair,yearbuilt,23501035,San Jose,[blank],,Unidata missing; GPKG empty
pair,yearbuilt,23501037,San Jose,[blank],,Unidata missing; GPKG empty
pair,yearbuilt,23502016,San Jose,[blank],,Unidata missing; GPKG empty
pair,yearbuilt,23502024,San Jose,[blank],,Unidata missing; GPKG empty
pair,yearbuilt,23502026,San Jose,[blank],,Unidata missing; GPKG empty
pair,yearbuilt,23504004,San Jose,[blank],,Unidata missing; GPKG empty
pair,yearbuilt,23504007,San Jose,[blank],,Unidata missing; GPKG empty
pair,yearbuilt,23504015,San Jose,[blank],,Unidata missing; GPKG empty
pair,yearbuilt,23505007,San Jose,[blank],,Unidata missing; GPKG empty
pair,yearbuilt,23505009,San Jose,[blank],,Unidata missing; GPKG empty
pair,yearbuilt,23505010,San Jose,[blank],,Unidata missing; GPKG empty
pair,yearbuilt,23505040,San Jose,[blank],,Unidata missing; GPKG empty
pair,yearbuilt,23505043,San Jose,[blank],,Unidata missing; GPKG empty
pair,yearbuilt,23507043,San Jose,[blank],,Unidata missing; GPKG empty
pair,yearbuilt,23507044,San Jose,[blank],,Unidata missing; GPKG empty
pair,yearbuilt,23508064,San Jose,[blank],,Unidata missing; GPKG empty
pair,yearbuilt,23508065,San Jose,[blank],,Unidata missing; GPKG empty
pair,yearbuilt,23508070,San Jose,[blank],,Unidata missing; GPKG empty
pair,yearbuilt,23508076,San Jose,[blank],,Unidata missing; GPKG empty
pair,yearbuilt,23508077,San Jose,[blank],,Unidata missing; GPKG empty
pair,yearbuilt,23508078,San Jose,[blank],,Unidata missing; GPKG empty
pair,yearbuilt,23508081,San Jose,[blank],,Unidata missing; GPKG empty
pair,yearbuilt,23509016,San Jose,[blank],,Unidata missing; GPKG empty
pair,yearbuilt,23509017,San Jose,[blank],,Unidata missing; GPKG empty
pair,yearbuilt,23509018,San Jose,[blank],,Unidata missing; GPKG empty
pair,yearbuilt,23509019,San Jose,[blank],,Unidata missing; GPKG empty
pair,yearbuilt,23511030,San Jose,[blank],,Unidata missing; GPKG empty
pair,yearbuilt,23512017,San Jose,[blank],,Unidata missing; GPKG empty
pair,yearbuilt,23512020,San Jose,[blank],,Unidata missing; GPKG empty
pair,yearbuilt,23512021,San Jose,[blank],,Unidata missing; GPKG empty
pair,yearbuilt,23512023,San Jose,[blank],,Unidata missing; GPKG empty
pair,yearbuilt,23512024,San Jose,[blank],,Unidata missing; GPKG empty
pair,yearbuilt,23512025,San Jose,[blank],,Unidata missing; GPKG empty
pair,yearbuilt,23513018,San Jose,[blank],,Unidata missing; GPKG empty
pair,yearbuilt,23514001,San Jose,[blank],,Unidata missing; GPKG empty
pair,yearbuilt,23514002,San Jose,[blank],,Unidata missing; GPKG empty
pair,yearbuilt,23515004,San Jose,[blank],,Unidata missing; GPKG empty
pair,yearbuilt,23515005,San Jose,[blank],,Unidata missing; GPKG empty
pair,yearbuilt,23515006,San Jose,[blank],,Unidata missing; GPKG empty
pair,yearbuilt,23515007,San Jose,[blank],,Unidata missing; GPKG empty
pair,yearbuilt,23515009,San Jose,[blank],,Unidata missing; GPKG empty
pair,yearbuilt,23515010,San Jose,[blank],,Unidata missing; GPKG empty
pair,yearbuilt,23515021,San Jose,[blank],,Unidata missing; GPKG empty
pair,yearbuilt,23515022,San Jose,[blank],,Unidata missing; GPKG empty
pair,yearbuilt,23515023,San Jose,[blank],,Unidata missing; GPKG empty
pair,yearbuilt,23515024,San Jose,[blank],,Unidata missing; GPKG empty
pair,yearbuilt,23515038,San Jose,[blank],,Unidata missing; GPKG empty
pair,yearbuilt,23515040,San Jose,[blank],,Unidata missing; GPKG empty
pair,yearbuilt,23516011,San Jose,[blank],,Unidata missing; GPKG empty
pair,yearbuilt,23516015,San Jose,[blank],,Unidata missing; GPKG empty
pair,yearbuilt,23516053,San Jose,[blank],,Unidata missing; GPKG empty
pair,yearbuilt,23516058,San Jose,[blank],,Unidata missing; GPKG empty
pair,yearbuilt,23516076,San Jose,[blank],,Unidata missing; GPKG empty
pair,yearbuilt,23516079,San Jose,[blank],,Unidata missing; GPKG empty
pair,yearbuilt,23517003,San Jose,[blank],,Unidata missing; GPKG empty
pair,yearbuilt,23517009,San Jose,[blank],,Unidata missing; GPKG empty
pair,yearbuilt,23517018,San Jose,[blank],,Unidata missing; GPKG empty
pair,yearbuilt,23517021,San Jose,[blank],,Unidata missing; GPKG empty
pair,yearbuilt,23518002,San Jose,[blank],,Unidata missing; GPKG empty
pair,yearbuilt,23518003,San Jose,[blank],,Unidata missing; GPKG empty
pair,yearbuilt,23518005,San Jose,[blank],,Unidata missing; GPKG empty
pair,yearbuilt,23518012,San Jose,[blank],,Unidata missing; GPKG empty
pair,yearbuilt,23518015,San Jose,[blank],,Unidata missing; GPKG empty
pair,yearbuilt,23518018,San Jose,[blank],,Unidata missing; GPKG empty
pair,yearbuilt,23518020,San Jose,[blank],,Unidata missing; GPKG empty
pair,yearbuilt,23518023,San Jose,[blank],,Unidata missing; GPKG empty
pair,yearbuilt,23701026,San Jose,[blank],,Unidata missing; GPKG empty
pair,yearbuilt,23701033,San Jose,[blank],,Unidata missing; GPKG empty
pair,address,23701046,San Jose,[blank],,Unidata missing; GPKG empty
pair,yearbuilt,23701046,San Jose,[blank],,Unidata missing; GPKG empty
pair,yearbuilt,23702003,San Jose,[blank],,Unidata missing; GPKG empty
pair,yearbuilt,23702092,San Jose,[blank],,Unidata missing; GPKG empty
pair,yearbuilt,23703024,San Jose,[blank],,Unidata missing; GPKG empty
pair,yearbuilt,23703031,San Jose,[blank],,Unidata missing; GPKG empty
pair,yearbuilt,23703032,San Jose,[blank],,Unidata missing; GPKG empty
pair,yearbuilt,23703041,San Jose,[blank],,Unidata missing; GPKG empty
pair,yearbuilt,23703044,San Jose,[blank],,Unidata missing; GPKG empty
pair,yearbuilt,23703066,San Jose,[blank],,Unidata missing; GPKG empty
pair,yearbuilt,23703067,San Jose,[blank],,Unidata missing; GPKG empty
pair,yearbuilt,23703072,San Jose,[blank],,Unidata missing; GPKG empty
pair,yearbuilt,23705020,San Jose,[blank],,Unidata missing; GPKG empty
pair,yearbuilt,23705057,San Jose,[blank],,Unidata missing; GPKG empty
pair,yearbuilt,23705058,San Jose,[blank],,Unidata missing; GPKG empty
pair,yearbuilt,23705059,San Jose,[blank],,Unidata missing; GPKG empty
pair,yearbuilt,23705062,San Jose,[blank],,Unidata missing; GPKG empty
pair,yearbuilt,23706010,San Jose,[blank],,Unidata missing; GPKG empty
pair,yearbuilt,23706026,San Jose,[blank],,Unidata missing; GPKG empty
pair,yearbuilt,23706054,San Jose,[blank],,Unidata missing; GPKG empty
pair,yearbuilt,23706057,San Jose,[blank],,Unidata missing; GPKG empty
pair,yearbuilt,23706065,San Jose,[blank],,Unidata missing; GPKG empty
pair,yearbuilt,23706069,San Jose,[blank],,Unidata missing; GPKG empty
pair,yearbuilt,23706093,San Jose,[blank],,Unidata missing; GPKG empty
pair,yearbuilt,23707001,San Jose,[blank],,Unidata missing; GPKG empty
pair,yearbuilt,23707005,San Jose,[blank],,Unidata missing; GPKG empty
pair,yearbuilt,23707016,San Jose,[blank],,Unidata missing; GPKG empty
pair,yearbuilt,23707019,San Jose,[blank],,Unidata missing; GPKG empty
pair,yearbuilt,23707023,San Jose,[blank],,Unidata missing; GPKG empty
pair,yearbuilt,23707051,San Jose,[blank],,Unidata missing; GPKG empty
pair,yearbuilt,23708078,San Jose,[blank],,Unidata missing; GPKG empty
pair,yearbuilt,23708080,San Jose,[blank],,Unidata missing; GPKG empty
pair,yearbuilt,23708081,San Jose,[blank],,Unidata missing; GPKG empty
pair,yearbuilt,23708083,San Jose,[blank],,Unidata missing; GPKG empty
pair,yearbuilt,23709113,San Jose,[blank],,Unidata missing; GPKG empty
pair,yearbuilt,23709127,San Jose,[blank],,Unidata missing; GPKG empty
pair,yearbuilt,23709136,San Jose,[blank],,Unidata missing; GPKG empty
pair,yearbuilt,23709137,San Jose,[blank],,Unidata missing; GPKG empty
pair,yearbuilt,23709140,San Jose,[blank],,Unidata missing; GPKG empty
pair,yearbuilt,23709141,San Jose,[blank],,Unidata missing; GPKG empty
pair,yearbuilt,23709146,San Jose,[blank],,Unidata missing; GPKG empty
pair,yearbuilt,23710226,San Jose,[blank],,Unidata missing; GPKG empty
pair,yearbuilt,23710240,San Jose,[blank],,Unidata missing; GPKG empty
pair,yearbuilt,23710241,San Jose,[blank],,Unidata missing; GPKG empty
pair,yearbuilt,23712119,San Jose,[blank],,Unidata missing; GPKG empty
pair,yearbuilt,23714081,San Jose,[blank],,Unidata missing; GPKG empty
pair,yearbuilt,23714083,San Jose,[blank],,Unidata missing; GPKG empty
pair,yearbuilt,23714086,San Jose,[blank],,Unidata missing; GPKG empty
pair,yearbuilt,23714087,San Jose,[blank],,Unidata missing; GPKG empty
pair,yearbuilt,23714088,San Jose,[blank],,Unidata missing; GPKG empty
pair,yearbuilt,23714089,San Jose,[blank],,Unidata missing; GPKG empty
pair,yearbuilt,23714090,San Jose,[blank],,Unidata missing; GPKG empty
pair,yearbuilt,23715201,San Jose,[blank],,Unidata missing; GPKG empty
pair,yearbuilt,23715202,San Jose,[blank],,Unidata missing; GPKG empty
pair,yearbuilt,23716075,San Jose,[blank],,Unidata missing; GPKG empty
pair,yearbuilt,23717028,San Jose,[blank],,Unidata missing; GPKG empty
pair,yearbuilt,23717091,San Jose,[blank],,Unidata missing; GPKG empty
pair,yearbuilt,23717136,San Jose,[blank],,Unidata missing; GPKG empty
pair,yearbuilt,23717143,San Jose,[blank],,Unidata missing; GPKG empty
pair,yearbuilt,23717158,San Jose,[blank],,Unidata missing; GPKG empty
pair,yearbuilt,23717169,San Jose,[blank],,Unidata missing; GPKG empty
pair,yearbuilt,23717172,San Jose,[blank],,Unidata missing; GPKG empty
pair,yearbuilt,23717173,San Jose,[blank],,Unidata missing; GPKG empty
pair,yearbuilt,23718029,San Jose,[blank],,Unidata missing; GPKG empty
pair,yearbuilt,23718042,San Jose,[blank],,Unidata missing; GPKG empty
pair,yearbuilt,23718054,San Jose,[blank],,Unidata missing; GPKG empty
pair,yearbuilt,23718081,San Jose,[blank],,Unidata missing; GPKG empty
pair,yearbuilt,23718093,San Jose,[blank],,Unidata missing; GPKG empty
pair,yearbuilt,23718096,San Jose,[blank],,Unidata missing; GPKG empty
pair,yearbuilt,23718100,San Jose,[blank],,Unidata missing; GPKG empty
pair,yearbuilt,23718101,San Jose,[blank],,Unidata missing; GPKG empty
pair,yearbuilt,23719008,San Jose,[blank],,Unidata missing; GPKG empty
pair,yearbuilt,23719024,San Jose,[blank],,Unidata missing; GPKG empty
pair,yearbuilt,23719042,San Jose,[blank],,Unidata missing; GPKG empty
pair,yearbuilt,23719081,San Jose,[blank],,Unidata missing; GPKG empty
pair,address,23720059,San Jose,[blank],,Unidata missing; GPKG empty
pair,yearbuilt,23720059,San Jose,[blank],,Unidata missing; GPKG empty
pair,yearbuilt,23720113,San Jose,[blank],,Unidata missing; GPKG empty
pair,yearbuilt,23720115,San Jose,[blank],,Unidata missing; GPKG empty
pair,yearbuilt,23720116,San Jose,[blank],,Unidata missing; GPKG empty
pair,address,23721011,San Jose,[blank],,Unidata missing; GPKG empty
pair,yearbuilt,23721011,San Jose,[blank],,Unidata missing; GPKG empty
pair,yearbuilt,23721076,San Jose,[blank],,Unidata missing; GPKG empty
pair,yearbuilt,23721153,San Jose,[blank],,Unidata missing; GPKG empty
pair,yearbuilt,23722052,San Jose,[blank],,Unidata missing; GPKG empty
pair,yearbuilt,23722064,San Jose,[blank],,Unidata missing; GPKG empty
pair,yearbuilt,23722067,San Jose,[blank],,Unidata missing; GPKG empty
pair,yearbuilt,23722079,San Jose,[blank],,Unidata missing; GPKG empty
pair,yearbuilt,23722080,San Jose,[blank],,Unidata missing; GPKG empty
pair,yearbuilt,23727001,San Jose,[blank],,Unidata missing; GPKG empty
pair,yearbuilt,23727002,San Jose,[blank],,Unidata missing; GPKG empty
pair,yearbuilt,23727003,San Jose,[blank],,Unidata missing; GPKG empty
pair,yearbuilt,23727004,San Jose,[blank],,Unidata missing; GPKG empty
pair,yearbuilt,23727006,San Jose,[blank],,Unidata missing; GPKG empty
pair,yearbuilt,23727007,San Jose,[blank],,Unidata missing; GPKG empty
pair,yearbuilt,23727008,San Jose,[blank],,Unidata missing; GPKG empty
pair,yearbuilt,23727014,San Jose,[blank],,Unidata missing; GPKG empty
pair,yearbuilt,23727015,San Jose,[blank],,Unidata missing; GPKG empty
pair,yearbuilt,23727026,San Jose,[blank],,Unidata missing; GPKG empty
pair,yearbuilt,23727040,San Jose,[blank],,Unidata missing; GPKG empty
pair,yearbuilt,23727041,San Jose,[blank],,Unidata missing; GPKG empty
pair,yearbuilt,23727044,San Jose,[blank],,Unidata missing; GPKG empty
pair,yearbuilt,23727046,San Jose,[blank],,Unidata missing; GPKG empty
pair,yearbuilt,23727047,San Jose,[blank],,Unidata missing; GPKG empty
pair,yearbuilt,23727048,San Jose,[blank],,Unidata missing; GPKG empty
pair,yearbuilt,23727059,San Jose,[blank],,Unidata missing; GPKG empty
pair,yearbuilt,23728010,San Jose,[blank],,Unidata missing; GPKG empty
pair,yearbuilt,23728023,San Jose,[blank],,Unidata missing; GPKG empty
pair,yearbuilt,23728025,San Jose,[blank],,Unidata missing; GPKG empty
pair,yearbuilt,23728026,San Jose,[blank],,Unidata missing; GPKG empty
pair,yearbuilt,23728027,San Jose,[blank],,Unidata missing; GPKG empty
pair,yearbuilt,23728028,San Jose,[blank],,Unidata missing; GPKG empty
pair,yearbuilt,23728030,San Jose,[blank],,Unidata missing; GPKG empty
pair,yearbuilt,23728033,San Jose,[blank],,Unidata missing; GPKG empty
pair,yearbuilt,23728047,San Jose,[blank],,Unidata missing; GPKG empty
pair,yearbuilt,23728048,San Jose,[blank],,Unidata missing; GPKG empty
pair,yearbuilt,23728050,San Jose,[blank],,Unidata missing; GPKG empty
pair,yearbuilt,23728060,San Jose,[blank],,Unidata missing; GPKG empty
pair,yearbuilt,23728061,San Jose,[blank],,Unidata missing; GPKG empty
pair,yearbuilt,23729007,San Jose,[blank],,Unidata missing; GPKG empty
pair,yearbuilt,23730006,San Jose,[blank],,Unidata missing; GPKG empty
pair,yearbuilt,23730013,San Jose,[blank],,Unidata missing; GPKG empty
pair,yearbuilt,23730031,San Jose,[blank],,Unidata missing; GPKG empty
pair,yearbuilt,23730032,San Jose,[blank],,Unidata missing; GPKG empty
pair,yearbuilt,23730033,San Jose,[blank],,Unidata missing; GPKG empty
pair,yearbuilt,23730034,San Jose,[blank],,Unidata missing; GPKG empty
pair,yearbuilt,23731032,San Jose,[blank],,Unidata missing; GPKG empty
pair,yearbuilt,23735029,San Jose,[blank],,Unidata missing; GPKG empty
pair,yearbuilt,24102006,San Jose,[blank],,Unidata missing; GPKG empty
pair,yearbuilt,24102041,San Jose,[blank],,Unidata missing; GPKG empty
pair,yearbuilt,24103022,San Jose,[blank],,Unidata missing; GPKG empty
pair,yearbuilt,24103023,San Jose,[blank],,Unidata missing; GPKG empty
pair,yearbuilt,24103024,San Jose,[blank],,Unidata missing; GPKG empty
pair,yearbuilt,24103026,San Jose,[blank],,Unidata missing; GPKG empty
pair,yearbuilt,24103027,San Jose,[blank],,Unidata missing; GPKG empty
pair,yearbuilt,24104023,San Jose,[blank],,Unidata missing; GPKG empty
pair,yearbuilt,24104042,San Jose,[blank],,Unidata missing; GPKG empty
pair,yearbuilt,24104050,San Jose,[blank],,Unidata missing; GPKG empty
pair,yearbuilt,24104051,San Jose,[blank],,Unidata missing; GPKG empty
pair,yearbuilt,24104052,San Jose,[blank],,Unidata missing; GPKG empty
pair,yearbuilt,24105003,San Jose,[blank],,Unidata missing; GPKG empty
pair,yearbuilt,24105004,San Jose,[blank],,Unidata missing; GPKG empty
pair,yearbuilt,24105008,San Jose,[blank],,Unidata missing; GPKG empty
pair,yearbuilt,24105011,San Jose,[blank],,Unidata missing; GPKG empty
pair,yearbuilt,24105014,San Jose,[blank],,Unidata missing; GPKG empty
pair,yearbuilt,24105015,San Jose,[blank],,Unidata missing; GPKG empty
pair,yearbuilt,24106014,San Jose,[blank],,Unidata missing; GPKG empty
pair,yearbuilt,24106019,San Jose,[blank],,Unidata missing; GPKG empty
pair,yearbuilt,24107002,San Jose,[blank],,Unidata missing; GPKG empty
pair,yearbuilt,24107004,San Jose,[blank],,Unidata missing; GPKG empty
pair,yearbuilt,24107014,San Jose,[blank],,Unidata missing; GPKG empty
pair,yearbuilt,24107017,San Jose,[blank],,Unidata missing; GPKG empty
pair,yearbuilt,24107018,San Jose,[blank],,Unidata missing; GPKG empty
pair,yearbuilt,24109009,San Jose,[blank],,Unidata missing; GPKG empty
pair,yearbuilt,24109014,San Jose,[blank],,Unidata missing; GPKG empty
pair,yearbuilt,24110001,San Jose,[blank],,Unidata missing; GPKG empty
pair,yearbuilt,24110009,San Jose,[blank],,Unidata missing; GPKG empty
pair,yearbuilt,24110010,San Jose,[blank],,Unidata missing; GPKG empty
pair,yearbuilt,24112007,San Jose,[blank],,Unidata missing; GPKG empty
pair,yearbuilt,24113003,San Jose,[blank],,Unidata missing; GPKG empty
pair,yearbuilt,24113019,San Jose,[blank],,Unidata missing; GPKG empty
pair,yearbuilt,24114001,San Jose,[blank],,Unidata missing; GPKG empty
pair,yearbuilt,24114002,San Jose,[blank],,Unidata missing; GPKG empty
pair,yearbuilt,24115013,San Jose,[blank],,Unidata missing; GPKG empty
pair,yearbuilt,24121067,San Jose,[blank],,Unidata missing; GPKG empty
pair,yearbuilt,24121069,San Jose,[blank],,Unidata missing; GPKG empty
pair,yearbuilt,24132049,San Jose,[blank],,Unidata missing; GPKG empty
pair,yearbuilt,24137012,San Jose,[blank],,Unidata missing; GPKG empty
pair,yearbuilt,24137013,San Jose,[blank],,Unidata missing; GPKG empty
pair,address,24137014,San Jose,[blank],,Unidata missing; GPKG empty
pair,address,24141107,San Jose,[blank],,Unidata missing; GPKG empty
pair,yearbuilt,24141107,San Jose,[blank],,Unidata missing; GPKG empty
pair,yearbuilt,24401001,San Jose,[blank],,Unidata missing; GPKG empty
pair,yearbuilt,24401006,Milpitas,[blank],,Unidata missing; GPKG empty
pair,yearbuilt,24401059,San Jose,[blank],,Unidata missing; GPKG empty
pair,yearbuilt,24402002,San Jose,[blank],,Unidata missing; GPKG empty
pair,yearbuilt,24402003,San Jose,[blank],,Unidata missing; GPKG empty
pair,yearbuilt,24402015,San Jose,[blank],,Unidata missing; GPKG empty
pair,yearbuilt,24403001,San Jose,[blank],,Unidata missing; GPKG empty
pair,yearbuilt,24403039,San Jose,[blank],,Unidata missing; GPKG empty
pair,address,24404020,San Jose,[blank],,Unidata missing; GPKG empty
pair,yearbuilt,24404020,San Jose,[blank],,Unidata missing; GPKG empty
pair,yearbuilt,24404021,San Jose,[blank],,Unidata missing; GPKG empty
pair,yearbuilt,24409021,San Jose,[blank],,Unidata missing; GPKG empty
pair,yearbuilt,24409023,San Jose,[blank],,Unidata missing; GPKG empty
pair,yearbuilt,24409090,San Jose,[blank],,Unidata missing; GPKG empty
pair,yearbuilt,24413001,San Jose,[blank],,Unidata missing; GPKG empty
pair,yearbuilt,24413020,San Jose,[blank],,Unidata missing; GPKG empty
pair,yearbuilt,24414017,San Jose,[blank],,Unidata missing; GPKG empty
pair,yearbuilt,24415006,San Jose,[blank],,Unidata missing; GPKG empty
pair,yearbuilt,24415014,San Jose,[blank],,Unidata missing; GPKG empty
pair,yearbuilt,24416005,San Jose,[blank],,Unidata missing; GPKG empty
pair,yearbuilt,24416032,San Jose,[blank],,Unidata missing; GPKG empty
pair,yearbuilt,24416033,San Jose,[blank],,Unidata missing; GPKG empty
pair,yearbuilt,24416034,San Jose,[blank],,Unidata missing; GPKG empty
pair,yearbuilt,24416039,San Jose,[blank],,Unidata missing; GPKG empty
pair,yearbuilt,24416045,San Jose,[blank],,Unidata missing; GPKG empty
pair,yearbuilt,24416047,San Jose,[blank],,Unidata missing; GPKG empty
pair,yearbuilt,24417005,San Jose,[blank],,Unidata missing; GPKG empty
pair,yearbuilt,24417012,San Jose,[blank],,Unidata missing; GPKG empty
pair,address,24417056,San Jose,[blank],,Unidata missing; GPKG empty
pair,yearbuilt,24417056,San Jose,[blank],,Unidata missing; GPKG empty
pair,yearbuilt,24417057,San Jose,[blank],,Unidata missing; GPKG empty
pair,yearbuilt,24417058,San Jose,[blank],,Unidata missing; GPKG empty
pair,yearbuilt,24417059,San Jose,[blank],,Unidata missing; GPKG empty
pair,yearbuilt,24417060,San Jose,[blank],,Unidata missing; GPKG empty
pair,yearbuilt,24417061,San Jose,[blank],,Unidata missing; GPKG empty
pair,yearbuilt,24418013,San Jose,[blank],,Unidata missing; GPKG empty
pair,yearbuilt,24418016,San Jose,[blank],,Unidata missing; GPKG empty
pair,yearbuilt,24418028,San Jose,[blank],,Unidata missing; GPKG empty
pair,yearbuilt,24418032,San Jose,[blank],,Unidata missing; GPKG empty
pair,yearbuilt,24418034,San Jose,[blank],,Unidata missing; GPKG empty
pair,yearbuilt,24418045,San Jose,[blank],,Unidata missing; GPKG empty
pair,yearbuilt,24419005,San Jose,[blank],,Unidata missing; GPKG empty
pair,yearbuilt,24419050,San Jose,[blank],,Unidata missing; GPKG empty
pair,yearbuilt,24420005,San Jose,[blank],,Unidata missing; GPKG empty
pair,yearbuilt,24421052,San Jose,[blank],,Unidata missing; GPKG empty
pair,yearbuilt,24422001,San Jose,[blank],,Unidata missing; GPKG empty
pair,yearbuilt,24422009,San Jose,[blank],,Unidata missing; GPKG empty
pair,yearbuilt,24422014,San Jose,[blank],,Unidata missing; GPKG empty
pair,yearbuilt,24422022,San Jose,[blank],,Unidata missing; GPKG empty
pair,yearbuilt,24422030,San Jose,[blank],,Unidata missing; GPKG empty
pair,yearbuilt,24422033,San Jose,[blank],,Unidata missing; GPKG empty
pair,yearbuilt,24422036,San Jose,[blank],,Unidata missing; GPKG empty
pair,yearbuilt,24422043,San Jose,[blank],,Unidata missing; GPKG empty
pair,yearbuilt,24422044,San Jose,[blank],,Unidata missing; GPKG empty
pair,yearbuilt,24422049,San Jose,[blank],,Unidata missing; GPKG empty
pair,yearbuilt,24423051,San Jose,[blank],,Unidata missing; GPKG empty
pair,yearbuilt,24423052,San Jose,[blank],,Unidata missing; GPKG empty
pair,yearbuilt,24423053,San Jose,[blank],,Unidata missing; GPKG empty
pair,yearbuilt,24423054,San Jose,[blank],,Unidata missing; GPKG empty
pair,yearbuilt,24423055,San Jose,[blank],,Unidata missing; GPKG empty
pair,yearbuilt,24424002,San Jose,[blank],,Unidata missing; GPKG empty
pair,yearbuilt,24424003,San Jose,[blank],,Unidata missing; GPKG empty
pair,yearbuilt,24424005,San Jose,[blank],,Unidata missing; GPKG empty
pair,yearbuilt,24424018,San Jose,[blank],,Unidata missing; GPKG empty
pair,yearbuilt,24424019,San Jose,[blank],,Unidata missing; GPKG empty
pair,yearbuilt,24434015,San Jose,[blank],,Unidata missing; GPKG empty
pair,yearbuilt,24437002,San Jose,[blank],,Unidata missing; GPKG empty
pair,yearbuilt,24437003,San Jose,[blank],,Unidata missing; GPKG empty
pair,yearbuilt,24445016,San Jose,[blank],,Unidata missing; GPKG empty
pair,yearbuilt,24501003,San Jose,[blank],,Unidata missing; GPKG empty
pair,yearbuilt,24501004,San Jose,[blank],,Unidata missing; GPKG empty
pair,yearbuilt,24501005,San Jose,[blank],,Unidata missing; GPKG empty
pair,yearbuilt,24505016,San Jose,[blank],,Unidata missing; GPKG empty
pair,yearbuilt,24506001,San Jose,[blank],,Unidata missing; GPKG empty
pair,yearbuilt,24511001,San Jose,[blank],,Unidata missing; GPKG empty
pair,yearbuilt,24511002,San Jose,[blank],,Unidata missing; GPKG empty
pair,yearbuilt,24516006,San Jose,[blank],,Unidata missing; GPKG empty
pair,yearbuilt,24516021,San Jose,[blank],,Unidata missing; GPKG empty
pair,yearbuilt,24516047,San Jose,[blank],,Unidata missing; GPKG empty
pair,yearbuilt,24518002,San Jose,[blank],,Unidata missing; GPKG empty
pair,yearbuilt,24527021,San Jose,[blank],,Unidata missing; GPKG empty
pair,yearbuilt,24527089,San Jose,[blank],,Unidata missing; GPKG empty
pair,yearbuilt,24540034,San Jose,[blank],,Unidata missing; GPKG empty
pair,yearbuilt,24540035,San Jose,[blank],,Unidata missing; GPKG empty
pair,yearbuilt,24540036,San Jose,[blank],,Unidata missing; GPKG empty
pair,yearbuilt,24548005,San Jose,[blank],,Unidata missing; GPKG empty
pair,yearbuilt,24548006,San Jose,[blank],,Unidata missing; GPKG empty
pair,zoning,24548006,San Jose,[blank],,Unidata missing; GPKG empty
pair,yearbuilt,24901027,San Jose,[blank],,Unidata missing; GPKG empty
pair,yearbuilt,24902013,San Jose,[blank],,Unidata missing; GPKG empty
pair,yearbuilt,24902014,San Jose,[blank],,Unidata missing; GPKG empty
pair,yearbuilt,24902015,San Jose,[blank],,Unidata missing; GPKG empty
pair,yearbuilt,24902016,San Jose,[blank],,Unidata missing; GPKG empty
pair,yearbuilt,24902017,San Jose,[blank],,Unidata missing; GPKG empty
pair,yearbuilt,24902018,San Jose,[blank],,Unidata missing; GPKG empty
pair,yearbuilt,24902019,San Jose,[blank],,Unidata missing; GPKG empty
pair,yearbuilt,24902028,San Jose,[blank],,Unidata missing; GPKG empty
pair,yearbuilt,24902070,San Jose,[blank],,Unidata missing; GPKG empty
pair,yearbuilt,24904018,San Jose,[blank],,Unidata missing; GPKG empty
pair,yearbuilt,24905071,San Jose,[blank],,Unidata missing; GPKG empty
pair,yearbuilt,24905072,San Jose,[blank],,Unidata missing; GPKG empty
pair,yearbuilt,24905073,San Jose,[blank],,Unidata missing; GPKG empty
pair,yearbuilt,24905074,San Jose,[blank],,Unidata missing; GPKG empty
pair,yearbuilt,24905075,San Jose,[blank],,Unidata missing; GPKG empty
pair,yearbuilt,24906002,San Jose,[blank],,Unidata missing; GPKG empty
pair,yearbuilt,24906009,San Jose,[blank],,Unidata missing; GPKG empty
pair,yearbuilt,24908011,San Jose,[blank],,Unidata missing; GPKG empty
pair,yearbuilt,24908020,San Jose,[blank],,Unidata missing; GPKG empty
pair,yearbuilt,24908033,San Jose,[blank],,Unidata missing; GPKG empty
pair,yearbuilt,24908034,San Jose,[blank],,Unidata missing; GPKG empty
pair,yearbuilt,24909013,San Jose,[blank],,Unidata missing; GPKG empty
pair,yearbuilt,24910049,San Jose,[blank],,Unidata missing; GPKG empty
pair,yearbuilt,24911031,San Jose,[blank],,Unidata missing; GPKG empty
pair,yearbuilt,24911037,San Jose,[blank],,Unidata missing; GPKG empty
pair,yearbuilt,24911040,San Jose,[blank],,Unidata missing; GPKG empty
pair,yearbuilt,24911041,San Jose,[blank],,Unidata missing; GPKG empty
pair,yearbuilt,24911043,San Jose,[blank],,Unidata missing; GPKG empty
pair,yearbuilt,24912007,San Jose,[blank],,Unidata missing; GPKG empty
pair,yearbuilt,24912011,San Jose,[blank],,Unidata missing; GPKG empty
pair,yearbuilt,24912093,San Jose,[blank],,Unidata missing; GPKG empty
pair,yearbuilt,24912100,San Jose,[blank],,Unidata missing; GPKG empty
pair,yearbuilt,24913012,San Jose,[blank],,Unidata missing; GPKG empty
pair,yearbuilt,24913015,San Jose,[blank],,Unidata missing; GPKG empty
pair,yearbuilt,24913017,San Jose,[blank],,Unidata missing; GPKG empty
pair,yearbuilt,24913020,San Jose,[blank],,Unidata missing; GPKG empty
pair,yearbuilt,24913058,San Jose,[blank],,Unidata missing; GPKG empty
pair,yearbuilt,24916065,San Jose,[blank],,Unidata missing; GPKG empty
pair,yearbuilt,24916066,San Jose,[blank],,Unidata missing; GPKG empty
pair,yearbuilt,24918001,San Jose,[blank],,Unidata missing; GPKG empty
pair,yearbuilt,24920013,San Jose,[blank],,Unidata missing; GPKG empty
pair,yearbuilt,24921003,San Jose,[blank],,Unidata missing; GPKG empty
pair,yearbuilt,24921004,San Jose,[blank],,Unidata missing; GPKG empty
pair,yearbuilt,24921005,San Jose,[blank],,Unidata missing; GPKG empty
pair,yearbuilt,24925050,San Jose,[blank],,Unidata missing; GPKG empty
pair,address,24926014,San Jose,[blank],,Unidata missing; GPKG empty
pair,yearbuilt,24926014,San Jose,[blank],,Unidata missing; GPKG empty
pair,yearbuilt,24930001,San Jose,[blank],,Unidata missing; GPKG empty
pair,yearbuilt,24931045,San Jose,[blank],,Unidata missing; GPKG empty
pair,yearbuilt,24931059,San Jose,[blank],,Unidata missing; GPKG empty
pair,yearbuilt,24932067,San Jose,[blank],,Unidata missing; GPKG empty
pair,yearbuilt,24933030,San Jose,[blank],,Unidata missing; GPKG empty
pair,yearbuilt,24933032,San Jose,[blank],,Unidata missing; GPKG empty
pair,yearbuilt,24934001,San Jose,[blank],,Unidata missing; GPKG empty
pair,yearbuilt,24935043,San Jose,[blank],,Unidata missing; GPKG empty
pair,yearbuilt,24935046,San Jose,[blank],,Unidata missing; GPKG empty
pair,yearbuilt,24935047,San Jose,[blank],,Unidata missing; GPKG empty
pair,yearbuilt,24936011,San Jose,[blank],,Unidata missing; GPKG empty
pair,yearbuilt,24936013,San Jose,[blank],,Unidata missing; GPKG empty
pair,yearbuilt,24936028,San Jose,[blank],,Unidata missing; GPKG empty
pair,yearbuilt,24938008,San Jose,[blank],,Unidata missing; GPKG empty
pair,yearbuilt,24938041,San Jose,[blank],,Unidata missing; GPKG empty
pair,yearbuilt,24938052,San Jose,[blank],,Unidata missing; GPKG empty
pair,yearbuilt,24938053,San Jose,[blank],,Unidata missing; GPKG empty
pair,yearbuilt,24938054,San Jose,[blank],,Unidata missing; GPKG empty
pair,yearbuilt,24938055,San Jose,[blank],,Unidata missing; GPKG empty
pair,yearbuilt,24939011,San Jose,[blank],,Unidata missing; GPKG empty
pair,yearbuilt,24939013,San Jose,[blank],,Unidata missing; GPKG empty
pair,yearbuilt,24939016,San Jose,[blank],,Unidata missing; GPKG empty
pair,yearbuilt,24939017,San Jose,[blank],,Unidata missing; GPKG empty
pair,yearbuilt,24939018,San Jose,[blank],,Unidata missing; GPKG empty
pair,yearbuilt,24939030,San Jose,[blank],,Unidata missing; GPKG empty
pair,yearbuilt,24939043,San Jose,[blank],,Unidata missing; GPKG empty
pair,yearbuilt,24939044,San Jose,[blank],,Unidata missing; GPKG empty
pair,yearbuilt,24939045,San Jose,[blank],,Unidata missing; GPKG empty
pair,yearbuilt,24939046,San Jose,[blank],,Unidata missing; GPKG empty
pair,yearbuilt,24940011,San Jose,[blank],,Unidata missing; GPKG empty
pair,yearbuilt,24940029,San Jose,[blank],,Unidata missing; GPKG empty
pair,yearbuilt,24940032,San Jose,[blank],,Unidata missing; GPKG empty
pair,yearbuilt,24940053,San Jose,[blank],,Unidata missing; GPKG empty
pair,yearbuilt,24940062,San Jose,[blank],,Unidata missing; GPKG empty
pair,yearbuilt,24941002,San Jose,[blank],,Unidata missing; GPKG empty
pair,yearbuilt,24941022,San Jose,[blank],,Unidata missing; GPKG empty
pair,yearbuilt,24941032,San Jose,[blank],,Unidata missing; GPKG empty
pair,yearbuilt,24941033,San Jose,[blank],,Unidata missing; GPKG empty
pair,yearbuilt,24942050,San Jose,[blank],,Unidata missing; GPKG empty
pair,yearbuilt,24942051,San Jose,[blank],,Unidata missing; GPKG empty
pair,yearbuilt,24942070,San Jose,[blank],,Unidata missing; GPKG empty
pair,yearbuilt,24942074,San Jose,[blank],,Unidata missing; GPKG empty
pair,yearbuilt,24943044,San Jose,[blank],,Unidata missing; GPKG empty
pair,yearbuilt,24943060,San Jose,[blank],,Unidata missing; GPKG empty
pair,yearbuilt,24943071,San Jose,[blank],,Unidata missing; GPKG empty
pair,yearbuilt,24943089,San Jose,[blank],,Unidata missing; GPKG empty
pair,yearbuilt,24944008,San Jose,[blank],,Unidata missing; GPKG empty
pair,yearbuilt,24944009,San Jose,[blank],,Unidata missing; GPKG empty
pair,yearbuilt,24944019,San Jose,[blank],,Unidata missing; GPKG empty
pair,yearbuilt,24944075,San Jose,[blank],,Unidata missing; GPKG empty
pair,yearbuilt,24944087,San Jose,[blank],,Unidata missing; GPKG empty
pair,yearbuilt,24944095,San Jose,[blank],,Unidata missing; GPKG empty
pair,yearbuilt,24944096,San Jose,[blank],,Unidata missing; GPKG empty
pair,yearbuilt,24944103,San Jose,[blank],,Unidata missing; GPKG empty
pair,yearbuilt,24945021,San Jose,[blank],,Unidata missing; GPKG empty
pair,yearbuilt,24945057,San Jose,[blank],,Unidata missing; GPKG empty
pair,yearbuilt,24946001,San Jose,[blank],,Unidata missing; GPKG empty
pair,yearbuilt,24946005,San Jose,[blank],,Unidata missing; GPKG empty
pair,yearbuilt,24946036,San Jose,[blank],,Unidata missing; GPKG empty
pair,yearbuilt,24946079,San Jose,[blank],,Unidata missing; GPKG empty
pair,yearbuilt,24946081,San Jose,[blank],,Unidata missing; GPKG empty
pair,yearbuilt,24946082,San Jose,[blank],,Unidata missing; GPKG empty
pair,yearbuilt,24946087,San Jose,[blank],,Unidata missing; GPKG empty
pair,yearbuilt,24947018,San Jose,[blank],,Unidata missing; GPKG empty
pair,yearbuilt,24947025,San Jose,[blank],,Unidata missing; GPKG empty
pair,yearbuilt,24947067,San Jose,[blank],,Unidata missing; GPKG empty
pair,yearbuilt,24948028,San Jose,[blank],,Unidata missing; GPKG empty
pair,yearbuilt,24948029,San Jose,[blank],,Unidata missing; GPKG empty
pair,yearbuilt,24948045,San Jose,[blank],,Unidata missing; GPKG empty
pair,yearbuilt,24949022,San Jose,[blank],,Unidata missing; GPKG empty
pair,yearbuilt,24951004,San Jose,[blank],,Unidata missing; GPKG empty
pair,yearbuilt,24952039,San Jose,[blank],,Unidata missing; GPKG empty
pair,yearbuilt,24952076,San Jose,[blank],,Unidata missing; GPKG empty
pair,yearbuilt,24958073,San Jose,[blank],,Unidata missing; GPKG empty
pair,yearbuilt,24959017,San Jose,[blank],,Unidata missing; GPKG empty
pair,yearbuilt,24959076,San Jose,[blank],,Unidata missing; GPKG empty
pair,yearbuilt,24963043,San Jose,[blank],,Unidata missing; GPKG empty
pair,yearbuilt,24963046,San Jose,[blank],,Unidata missing; GPKG empty
pair,yearbuilt,24964001,San Jose,[blank],,Unidata missing; GPKG empty
pair,yearbuilt,24964027,San Jose,[blank],,Unidata missing; GPKG empty
pair,yearbuilt,24964029,San Jose,[blank],,Unidata missing; GPKG empty
pair,yearbuilt,24964030,San Jose,[blank],,Unidata missing; GPKG empty
pair,yearbuilt,24965018,San Jose,[blank],,Unidata missing; GPKG empty
pair,yearbuilt,24965019,San Jose,[blank],,Unidata missing; GPKG empty
pair,yearbuilt,24965060,San Jose,[blank],,Unidata missing; GPKG empty
pair,yearbuilt,24965077,San Jose,[blank],,Unidata missing; GPKG empty
pair,yearbuilt,24965080,San Jose,[blank],,Unidata missing; GPKG empty
pair,yearbuilt,24965081,San Jose,[blank],,Unidata missing; GPKG empty
pair,yearbuilt,24965101,San Jose,[blank],,Unidata missing; GPKG empty
pair,yearbuilt,24965102,San Jose,[blank],,Unidata missing; GPKG empty
pair,yearbuilt,24966044,San Jose,[blank],,Unidata missing; GPKG empty
pair,yearbuilt,24967011,San Jose,[blank],,Unidata missing; GPKG empty
pair,yearbuilt,24967014,San Jose,[blank],,Unidata missing; GPKG empty
pair,yearbuilt,24968024,San Jose,[blank],,Unidata missing; GPKG empty
pair,yearbuilt,24977042,San Jose,[blank],,Unidata missing; GPKG empty
pair,yearbuilt,24980063,San Jose,[blank],,Unidata missing; GPKG empty
pair,yearbuilt,24984062,San Jose,[blank],,Unidata missing; GPKG empty
pair,yearbuilt,24984063,San Jose,[blank],,Unidata missing; GPKG empty
pair,yearbuilt,25401004,San Jose,[blank],,Unidata missing; GPKG empty
pair,yearbuilt,25401017,San Jose,[blank],,Unidata missing; GPKG empty
pair,yearbuilt,25401018,San Jose,[blank],,Unidata missing; GPKG empty
pair,address,25401023,San Jose,[blank],,Unidata missing; GPKG empty
pair,yearbuilt,25401023,San Jose,[blank],,Unidata missing; GPKG empty
pair,yearbuilt,25401024,San Jose,[blank],,Unidata missing; GPKG empty
pair,yearbuilt,25401034,San Jose,[blank],,Unidata missing; GPKG empty
pair,yearbuilt,25402027,San Jose,[blank],,Unidata missing; GPKG empty
pair,yearbuilt,25402038,San Jose,[blank],,Unidata missing; GPKG empty
pair,yearbuilt,25402046,San Jose,[blank],,Unidata missing; GPKG empty
pair,yearbuilt,25402047,San Jose,[blank],,Unidata missing; GPKG empty
pair,yearbuilt,25402068,San Jose,[blank],,Unidata missing; GPKG empty
pair,yearbuilt,25402071,San Jose,[blank],,Unidata missing; GPKG empty
pair,yearbuilt,25402081,San Jose,[blank],,Unidata missing; GPKG empty
pair,yearbuilt,25402084,San Jose,[blank],,Unidata missing; GPKG empty
pair,yearbuilt,25402086,San Jose,[blank],,Unidata missing; GPKG empty
pair,yearbuilt,25402087,San Jose,[blank],,Unidata missing; GPKG empty
pair,yearbuilt,25402094,San Jose,[blank],,Unidata missing; GPKG empty
pair,zoning,25402094,San Jose,[blank],,Unidata missing; GPKG empty
pair,yearbuilt,25402096,San Jose,[blank],,Unidata missing; GPKG empty
pair,yearbuilt,25402101,San Jose,[blank],,Unidata missing; GPKG empty
pair,yearbuilt,25403006,San Jose,[blank],,Unidata missing; GPKG empty
pair,yearbuilt,25403016,San Jose,[blank],,Unidata missing; GPKG empty
pair,address,25403024,San Jose,[blank],,Unidata missing; GPKG empty
pair,yearbuilt,25403024,San Jose,[blank],,Unidata missing; GPKG empty
pair,yearbuilt,25403027,San Jose,[blank],,Unidata missing; GPKG empty
pair,yearbuilt,25403035,San Jose,[blank],,Unidata missing; GPKG empty
pair,yearbuilt,25403036,San Jose,[blank],,Unidata missing; GPKG empty
pair,yearbuilt,25403043,San Jose,[blank],,Unidata missing; GPKG empty
pair,yearbuilt,25403044,San Jose,[blank],,Unidata missing; GPKG empty
pair,yearbuilt,25403046,San Jose,[blank],,Unidata missing; GPKG empty
pair,yearbuilt,25404034,San Jose,[blank],,Unidata missing; GPKG empty
pair,yearbuilt,25404089,San Jose,[blank],,Unidata missing; GPKG empty
pair,yearbuilt,25404095,San Jose,[blank],,Unidata missing; GPKG empty
pair,yearbuilt,25405043,San Jose,[blank],,Unidata missing; GPKG empty
pair,yearbuilt,25405045,San Jose,[blank],,Unidata missing; GPKG empty
pair,yearbuilt,25405050,San Jose,[blank],,Unidata missing; GPKG empty
pair,yearbuilt,25406004,San Jose,[blank],,Unidata missing; GPKG empty
pair,address,25406027,San Jose,[blank],,Unidata missing; GPKG empty
pair,yearbuilt,25406027,San Jose,[blank],,Unidata missing; GPKG empty
pair,address,25406028,San Jose,[blank],,Unidata missing; GPKG empty
pair,yearbuilt,25406028,San Jose,[blank],,Unidata missing; GPKG empty
pair,yearbuilt,25406033,San Jose,[blank],,Unidata missing; GPKG empty
pair,yearbuilt,25406034,San Jose,[blank],,Unidata missing; GPKG empty
pair,address,25406041,San Jose,[blank],,Unidata missing; GPKG empty
pair,yearbuilt,25406041,San Jose,[blank],,Unidata missing; GPKG empty
pair,yearbuilt,25407044,San Jose,[blank],,Unidata missing; GPKG empty
pair,address,25407055,San Jose,[blank],,Unidata missing; GPKG empty
pair,yearbuilt,25407055,San Jose,[blank],,Unidata missing; GPKG empty
pair,yearbuilt,25408009,San Jose,[blank],,Unidata missing; GPKG empty
pair,yearbuilt,25408046,San Jose,[blank],,Unidata missing; GPKG empty
pair,yearbuilt,25408052,San Jose,[blank],,Unidata missing; GPKG empty
pair,yearbuilt,25408056,San Jose,[blank],,Unidata missing; GPKG empty
pair,yearbuilt,25408057,San Jose,[blank],,Unidata missing; GPKG empty
pair,yearbuilt,25408058,San Jose,[blank],,Unidata missing; GPKG empty
pair,yearbuilt,25409135,San Jose,[blank],,Unidata missing; GPKG empty
pair,yearbuilt,25409137,San Jose,[blank],,Unidata missing; GPKG empty
pair,yearbuilt,25409138,San Jose,[blank],,Unidata missing; GPKG empty
pair,yearbuilt,25410001,San Jose,[blank],,Unidata missing; GPKG empty
pair,yearbuilt,25410058,San Jose,[blank],,Unidata missing; GPKG empty
pair,yearbuilt,25410060,San Jose,[blank],,Unidata missing; GPKG empty
pair,yearbuilt,25411075,San Jose,[blank],,Unidata missing; GPKG empty
pair,yearbuilt,25412001,San Jose,[blank],,Unidata missing; GPKG empty
pair,yearbuilt,25412006,San Jose,[blank],,Unidata missing; GPKG empty
pair,yearbuilt,25412010,San Jose,[blank],,Unidata missing; GPKG empty
pair,yearbuilt,25413090,San Jose,[blank],,Unidata missing; GPKG empty
pair,yearbuilt,25413098,San Jose,[blank],,Unidata missing; GPKG empty
pair,yearbuilt,25413101,San Jose,[blank],,Unidata missing; GPKG empty
pair,yearbuilt,25413109,San Jose,[blank],,Unidata missing; GPKG empty
pair,yearbuilt,25413115,San Jose,[blank],,Unidata missing; GPKG empty
pair,yearbuilt,25413116,San Jose,[blank],,Unidata missing; GPKG empty
pair,yearbuilt,25413123,San Jose,[blank],,Unidata missing; GPKG empty
pair,yearbuilt,25413124,San Jose,[blank],,Unidata missing; GPKG empty
pair,yearbuilt,25413128,San Jose,[blank],,Unidata missing; GPKG empty
pair,yearbuilt,25413129,San Jose,[blank],,Unidata missing; GPKG empty
pair,yearbuilt,25413131,San Jose,[blank],,Unidata missing; GPKG empty
pair,address,25413132,San Jose,[blank],,Unidata missing; GPKG empty
pair,yearbuilt,25413132,San Jose,[blank],,Unidata missing; GPKG empty
pair,yearbuilt,25413137,San Jose,[blank],,Unidata missing; GPKG empty
pair,yearbuilt,25413138,San Jose,[blank],,Unidata missing; GPKG empty
pair,yearbuilt,25413139,San Jose,[blank],,Unidata missing; GPKG empty
pair,yearbuilt,25414113,San Jose,[blank],,Unidata missing; GPKG empty
pair,yearbuilt,25414114,San Jose,[blank],,Unidata missing; GPKG empty
pair,yearbuilt,25414116,San Jose,[blank],,Unidata missing; GPKG empty
pair,yearbuilt,25414120,San Jose,[blank],,Unidata missing; GPKG empty
pair,yearbuilt,25415049,San Jose,[blank],,Unidata missing; GPKG empty
pair,yearbuilt,25415053,San Jose,[blank],,Unidata missing; GPKG empty
pair,yearbuilt,25415059,San Jose,[blank],,Unidata missing; GPKG empty
pair,yearbuilt,25415069,San Jose,[blank],,Unidata missing; GPKG empty
pair,yearbuilt,25415078,San Jose,[blank],,Unidata missing; GPKG empty
pair,yearbuilt,25416024,San Jose,[blank],,Unidata missing; GPKG empty
pair,yearbuilt,25416032,San Jose,[blank],,Unidata missing; GPKG empty
pair,yearbuilt,25416034,San Jose,[blank],,Unidata missing; GPKG empty
pair,yearbuilt,25416035,San Jose,[blank],,Unidata missing; GPKG empty
pair,yearbuilt,25416036,San Jose,[blank],,Unidata missing; GPKG empty
pair,yearbuilt,25417008,San Jose,[blank],,Unidata missing; GPKG empty
pair,yearbuilt,25417034,San Jose,[blank],,Unidata missing; GPKG empty
pair,yearbuilt,25417043,San Jose,[blank],,Unidata missing; GPKG empty
pair,yearbuilt,25417052,San Jose,[blank],,Unidata missing; GPKG empty
pair,yearbuilt,25417056,San Jose,[blank],,Unidata missing; GPKG empty
pair,zoning,25417056,San Jose,[blank],,Unidata missing; GPKG empty
pair,yearbuilt,25417057,San Jose,[blank],,Unidata missing; GPKG empty
pair,zoning,25417057,San Jose,[blank],,Unidata missing; GPKG empty
pair,yearbuilt,25417061,San Jose,[blank],,Unidata missing; GPKG empty
pair,yearbuilt,25417063,San Jose,[blank],,Unidata missing; GPKG empty
pair,yearbuilt,25417082,San Jose,[blank],,Unidata missing; GPKG empty
pair,zoning,25417082,San Jose,[blank],,Unidata missing; GPKG empty
pair,yearbuilt,25417083,San Jose,[blank],,Unidata missing; GPKG empty
pair,yearbuilt,25417099,San Jose,[blank],,Unidata missing; GPKG empty
pair,yearbuilt,25417102,San Jose,[blank],,Unidata missing; GPKG empty
pair,yearbuilt,25417105,San Jose,[blank],,Unidata missing; GPKG empty
pair,yearbuilt,25417106,San Jose,[blank],,Unidata missing; GPKG empty
pair,yearbuilt,25417107,San Jose,[blank],,Unidata missing; GPKG empty
pair,yearbuilt,25417108,San Jose,[blank],,Unidata missing; GPKG empty
pair,yearbuilt,25417109,San Jose,[blank],,Unidata missing; GPKG empty
pair,yearbuilt,25417110,San Jose,[blank],,Unidata missing; GPKG empty
pair,yearbuilt,25417111,San Jose,[blank],,Unidata missing; GPKG empty
pair,yearbuilt,25417112,San Jose,[blank],,Unidata missing; GPKG empty
pair,yearbuilt,25417113,San Jose,[blank],,Unidata missing; GPKG empty
pair,yearbuilt,25418044,San Jose,[blank],,Unidata missing; GPKG empty
pair,yearbuilt,25419028,San Jose,[blank],,Unidata missing; GPKG empty
pair,address,25419030,San Jose,[blank],,Unidata missing; GPKG empty
pair,yearbuilt,25419030,San Jose,[blank],,Unidata missing; GPKG empty
pair,yearbuilt,25419032,San Jose,[blank],,Unidata missing; GPKG empty
pair,yearbuilt,25419039,San Jose,[blank],,Unidata missing; GPKG empty
pair,yearbuilt,25419040,San Jose,[blank],,Unidata missing; GPKG empty
pair,yearbuilt,25419042,San Jose,[blank],,Unidata missing; GPKG empty
pair,yearbuilt,25419044,San Jose,[blank],,Unidata missing; GPKG empty
pair,yearbuilt,25419046,San Jose,[blank],,Unidata missing; GPKG empty
pair,yearbuilt,25419047,San Jose,[blank],,Unidata missing; GPKG empty
pair,yearbuilt,25419048,San Jose,[blank],,Unidata missing; GPKG empty
pair,yearbuilt,25429015,San Jose,[blank],,Unidata missing; GPKG empty
pair,yearbuilt,25429022,San Jose,[blank],,Unidata missing; GPKG empty
pair,yearbuilt,25429023,San Jose,[blank],,Unidata missing; GPKG empty
pair,yearbuilt,25429027,San Jose,[blank],,Unidata missing; GPKG empty
pair,yearbuilt,25429028,San Jose,[blank],,Unidata missing; GPKG empty
pair,yearbuilt,25429030,San Jose,[blank],,Unidata missing; GPKG empty
pair,yearbuilt,25429031,San Jose,[blank],,Unidata missing; GPKG empty
pair,yearbuilt,25429032,San Jose,[blank],,Unidata missing; GPKG empty
pair,yearbuilt,25429033,San Jose,[blank],,Unidata missing; GPKG empty
pair,yearbuilt,25438060,San Jose,[blank],,Unidata missing; GPKG empty
pair,yearbuilt,25438063,San Jose,[blank],,Unidata missing; GPKG empty
pair,yearbuilt,25439026,San Jose,[blank],,Unidata missing; GPKG empty
pair,yearbuilt,25439027,San Jose,[blank],,Unidata missing; GPKG empty
pair,yearbuilt,25439029,San Jose,[blank],,Unidata missing; GPKG empty
pair,yearbuilt,25439030,San Jose,[blank],,Unidata missing; GPKG empty
pair,address,25440001,San Jose,[blank],,Unidata missing; GPKG empty
pair,yearbuilt,25440001,San Jose,[blank],,Unidata missing; GPKG empty
pair,yearbuilt,25440007,San Jose,[blank],,Unidata missing; GPKG empty
pair,yearbuilt,25440010,San Jose,[blank],,Unidata missing; GPKG empty
pair,yearbuilt,25440015,San Jose,[blank],,Unidata missing; GPKG empty
pair,address,25442096,San Jose,[blank],,Unidata missing; GPKG empty
pair,yearbuilt,25442096,San Jose,[blank],,Unidata missing; GPKG empty
pair,yearbuilt,25445108,San Jose,[blank],,Unidata missing; GPKG empty
pair,address,25452124,San Jose,[blank],,Unidata missing; GPKG empty
pair,yearbuilt,25454025,San Jose,[blank],,Unidata missing; GPKG empty
pair,yearbuilt,25455011,San Jose,[blank],,Unidata missing; GPKG empty
pair,yearbuilt,25455040,San Jose,[blank],,Unidata missing; GPKG empty
pair,yearbuilt,25457126,San Jose,[blank],,Unidata missing; GPKG empty
pair,yearbuilt,25472104,San Jose,[blank],,Unidata missing; GPKG empty
pair,yearbuilt,25480049,San Jose,[blank],,Unidata missing; GPKG empty
pair,yearbuilt,25485084,San Jose,[blank],,Unidata missing; GPKG empty
pair,yearbuilt,25491001,San Jose,[blank],,Unidata missing; GPKG empty
pair,yearbuilt,25491004,San Jose,[blank],,Unidata missing; GPKG empty
pair,yearbuilt,25491204,San Jose,[blank],,Unidata missing; GPKG empty
pair,yearbuilt,25901001,San Jose,[blank],,Unidata missing; GPKG empty
pair,yearbuilt,25901002,San Jose,[blank],,Unidata missing; GPKG empty
pair,yearbuilt,25901003,San Jose,[blank],,Unidata missing; GPKG empty
pair,yearbuilt,25901004,San Jose,[blank],,Unidata missing; GPKG empty
pair,yearbuilt,25901021,San Jose,[blank],,Unidata missing; GPKG empty
pair,yearbuilt,25901036,San Jose,[blank],,Unidata missing; GPKG empty
pair,yearbuilt,25901044,San Jose,[blank],,Unidata missing; GPKG empty
pair,yearbuilt,25901085,San Jose,[blank],,Unidata missing; GPKG empty
pair,yearbuilt,25901086,San Jose,[blank],,Unidata missing; GPKG empty
pair,yearbuilt,25902115,San Jose,[blank],,Unidata missing; GPKG empty
pair,yearbuilt,25902128,San Jose,[blank],,Unidata missing; GPKG empty
pair,yearbuilt,25902129,San Jose,[blank],,Unidata missing; GPKG empty
pair,yearbuilt,25902130,San Jose,[blank],,Unidata missing; GPKG empty
pair,yearbuilt,25902131,San Jose,[blank],,Unidata missing; GPKG empty
pair,yearbuilt,25903035,San Jose,[blank],,Unidata missing; GPKG empty
pair,yearbuilt,25903054,San Jose,[blank],,Unidata missing; GPKG empty
pair,yearbuilt,25903091,San Jose,[blank],,Unidata missing; GPKG empty
pair,yearbuilt,25903136,San Jose,[blank],,Unidata missing; GPKG empty
pair,yearbuilt,25903141,San Jose,[blank],,Unidata missing; GPKG empty
pair,yearbuilt,25903146,San Jose,[blank],,Unidata missing; GPKG empty
pair,yearbuilt,25903147,San Jose,[blank],,Unidata missing; GPKG empty
pair,yearbuilt,25903148,San Jose,[blank],,Unidata missing; GPKG empty
pair,yearbuilt,25903149,San Jose,[blank],,Unidata missing; GPKG empty
pair,yearbuilt,25903150,San Jose,[blank],,Unidata missing; GPKG empty
pair,yearbuilt,25904007,San Jose,[blank],,Unidata missing; GPKG empty
pair,yearbuilt,25904010,San Jose,[blank],,Unidata missing; GPKG empty
pair,address,25904011,San Jose,[blank],,Unidata missing; GPKG empty
pair,yearbuilt,25904011,San Jose,[blank],,Unidata missing; GPKG empty
pair,yearbuilt,25904012,San Jose,[blank],,Unidata missing; GPKG empty
pair,yearbuilt,25904013,San Jose,[blank],,Unidata missing; GPKG empty
pair,yearbuilt,25904015,San Jose,[blank],,Unidata missing; GPKG empty
pair,yearbuilt,25904016,San Jose,[blank],,Unidata missing; GPKG empty
pair,yearbuilt,25904018,San Jose,[blank],,Unidata missing; GPKG empty
pair,yearbuilt,25904019,San Jose,[blank],,Unidata missing; GPKG empty
pair,yearbuilt,25904021,San Jose,[blank],,Unidata missing; GPKG empty
pair,yearbuilt,25904022,San Jose,[blank],,Unidata missing; GPKG empty
pair,yearbuilt,25904023,San Jose,[blank],,Unidata missing; GPKG empty
pair,yearbuilt,25904024,San Jose,[blank],,Unidata missing; GPKG empty
pair,yearbuilt,25904025,San Jose,[blank],,Unidata missing; GPKG empty
pair,yearbuilt,25904026,San Jose,[blank],,Unidata missing; GPKG empty
pair,yearbuilt,25905012,San Jose,[blank],,Unidata missing; GPKG empty
pair,yearbuilt,25905013,San Jose,[blank],,Unidata missing; GPKG empty
pair,yearbuilt,25905014,San Jose,[blank],,Unidata missing; GPKG empty
pair,yearbuilt,25905027,San Jose,[blank],,Unidata missing; GPKG empty
pair,yearbuilt,25905048,San Jose,[blank],,Unidata missing; GPKG empty
pair,yearbuilt,25905060,San Jose,[blank],,Unidata missing; GPKG empty
pair,yearbuilt,25905064,San Jose,[blank],,Unidata missing; GPKG empty
pair,yearbuilt,25905071,San Jose,[blank],,Unidata missing; GPKG empty
pair,yearbuilt,25905072,San Jose,[blank],,Unidata missing; GPKG empty
pair,yearbuilt,25905078,San Jose,[blank],,Unidata missing; GPKG empty
pair,yearbuilt,25906006,San Jose,[blank],,Unidata missing; GPKG empty
pair,yearbuilt,25906011,San Jose,[blank],,Unidata missing; GPKG empty
pair,yearbuilt,25906018,San Jose,[blank],,Unidata missing; GPKG empty
pair,yearbuilt,25906040,San Jose,[blank],,Unidata missing; GPKG empty
pair,yearbuilt,25906052,San Jose,[blank],,Unidata missing; GPKG empty
pair,yearbuilt,25906054,San Jose,[blank],,Unidata missing; GPKG empty
pair,yearbuilt,25906055,San Jose,[blank],,Unidata missing; GPKG empty
pair,yearbuilt,25906056,San Jose,[blank],,Unidata missing; GPKG empty
pair,yearbuilt,25906057,San Jose,[blank],,Unidata missing; GPKG empty
pair,yearbuilt,25906059,San Jose,[blank],,Unidata missing; GPKG empty
pair,yearbuilt,25906063,San Jose,[blank],,Unidata missing; GPKG empty
pair,yearbuilt,25906064,San Jose,[blank],,Unidata missing; GPKG empty
pair,yearbuilt,25906067,San Jose,[blank],,Unidata missing; GPKG empty
pair,yearbuilt,25906068,San Jose,[blank],,Unidata missing; GPKG empty
pair,yearbuilt,25906069,San Jose,[blank],,Unidata missing; GPKG empty
pair,yearbuilt,25907001,San Jose,[blank],,Unidata missing; GPKG empty
pair,yearbuilt,25907075,San Jose,[blank],,Unidata missing; GPKG empty
pair,yearbuilt,25907113,San Jose,[blank],,Unidata missing; GPKG empty
pair,yearbuilt,25907114,San Jose,[blank],,Unidata missing; GPKG empty
pair,yearbuilt,25907115,San Jose,[blank],,Unidata missing; GPKG empty
pair,yearbuilt,25908064,San Jose,[blank],,Unidata missing; GPKG empty
pair,yearbuilt,25908098,San Jose,[blank],,Unidata missing; GPKG empty
pair,yearbuilt,25908101,San Jose,[blank],,Unidata missing; GPKG empty
pair,yearbuilt,25908103,San Jose,[blank],,Unidata missing; GPKG empty
pair,yearbuilt,25909009,San Jose,[blank],,Unidata missing; GPKG empty
pair,yearbuilt,25909038,San Jose,[blank],,Unidata missing; GPKG empty
pair,yearbuilt,25909040,San Jose,[blank],,Unidata missing; GPKG empty
pair,yearbuilt,25909049,San Jose,[blank],,Unidata missing; GPKG empty
pair,yearbuilt,25909050,San Jose,[blank],,Unidata missing; GPKG empty
pair,zoning,25909050,San Jose,[blank],,Unidata missing; GPKG empty
pair,yearbuilt,25909051,San Jose,[blank],,Unidata missing; GPKG empty
pair,yearbuilt,25909052,San Jose,[blank],,Unidata missing; GPKG empty
pair,yearbuilt,25910015,San Jose,[blank],,Unidata missing; GPKG empty
pair,yearbuilt,25910022,San Jose,[blank],,Unidata missing; GPKG empty
pair,yearbuilt,25910023,San Jose,[blank],,Unidata missing; GPKG empty
pair,yearbuilt,25911007,San Jose,[blank],,Unidata missing; GPKG empty
pair,yearbuilt,25911017,San Jose,[blank],,Unidata missing; GPKG empty
pair,yearbuilt,25911020,San Jose,[blank],,Unidata missing; GPKG empty
pair,yearbuilt,25911021,San Jose,[blank],,Unidata missing; GPKG empty
pair,yearbuilt,25911023,San Jose,[blank],,Unidata missing; GPKG empty
pair,yearbuilt,25912085,San Jose,[blank],,Unidata missing; GPKG empty
pair,yearbuilt,25912108,San Jose,[blank],,Unidata missing; GPKG empty
pair,yearbuilt,25912123,San Jose,[blank],,Unidata missing; GPKG empty
pair,yearbuilt,25912130,San Jose,[blank],,Unidata missing; GPKG empty
pair,yearbuilt,25912131,San Jose,[blank],,Unidata missing; GPKG empty
pair,yearbuilt,25912132,San Jose,[blank],,Unidata missing; GPKG empty
pair,yearbuilt,25913041,San Jose,[blank],,Unidata missing; GPKG empty
pair,yearbuilt,25913060,San Jose,[blank],,Unidata missing; GPKG empty
pair,yearbuilt,25913083,San Jose,[blank],,Unidata missing; GPKG empty
pair,yearbuilt,25913084,San Jose,[blank],,Unidata missing; GPKG empty
pair,yearbuilt,25913086,San Jose,[blank],,Unidata missing; GPKG empty
pair,yearbuilt,25913087,San Jose,[blank],,Unidata missing; GPKG empty
pair,yearbuilt,25914019,San Jose,[blank],,Unidata missing; GPKG empty
pair,yearbuilt,25915018,San Jose,[blank],,Unidata missing; GPKG empty
pair,yearbuilt,25915041,San Jose,[blank],,Unidata missing; GPKG empty
pair,yearbuilt,25915051,San Jose,[blank],,Unidata missing; GPKG empty
pair,yearbuilt,25915052,San Jose,[blank],,Unidata missing; GPKG empty
pair,address,25915072,San Jose,[blank],,Unidata missing; GPKG empty
pair,yearbuilt,25915072,San Jose,[blank],,Unidata missing; GPKG empty
pair,yearbuilt,25915074,San Jose,[blank],,Unidata missing; GPKG empty
pair,yearbuilt,25915080,San Jose,[blank],,Unidata missing; GPKG empty
pair,yearbuilt,25915083,San Jose,[blank],,Unidata missing; GPKG empty
pair,yearbuilt,25915084,San Jose,[blank],,Unidata missing; GPKG empty
pair,yearbuilt,25915085,San Jose,[blank],,Unidata missing; GPKG empty
pair,yearbuilt,25916058,San Jose,[blank],,Unidata missing; GPKG empty
pair,yearbuilt,25916069,San Jose,[blank],,Unidata missing; GPKG empty
pair,yearbuilt,25916116,San Jose,[blank],,Unidata missing; GPKG empty
pair,yearbuilt,25916118,San Jose,[blank],,Unidata missing; GPKG empty
pair,yearbuilt,25916119,San Jose,[blank],,Unidata missing; GPKG empty
pair,yearbuilt,25916122,San Jose,[blank],,Unidata missing; GPKG empty
pair,yearbuilt,25916123,San Jose,[blank],,Unidata missing; GPKG empty
pair,yearbuilt,25916124,San Jose,[blank],,Unidata missing; GPKG empty
pair,yearbuilt,25916125,San Jose,[blank],,Unidata missing; GPKG empty
pair,yearbuilt,25917032,San Jose,[blank],,Unidata missing; GPKG empty
pair,address,25917049,San Jose,[blank],,Unidata missing; GPKG empty
pair,yearbuilt,25917049,San Jose,[blank],,Unidata missing; GPKG empty
pair,yearbuilt,25917109,San Jose,[blank],,Unidata missing; GPKG empty
pair,yearbuilt,25917110,San Jose,[blank],,Unidata missing; GPKG empty
pair,yearbuilt,25917111,San Jose,[blank],,Unidata missing; GPKG empty
pair,yearbuilt,25917112,San Jose,[blank],,Unidata missing; GPKG empty
pair,yearbuilt,25917114,San Jose,[blank],,Unidata missing; GPKG empty
pair,yearbuilt,25917115,San Jose,[blank],,Unidata missing; GPKG empty
pair,yearbuilt,25917116,San Jose,[blank],,Unidata missing; GPKG empty
pair,yearbuilt,25918040,San Jose,[blank],,Unidata missing; GPKG empty
pair,yearbuilt,25918051,San Jose,[blank],,Unidata missing; GPKG empty
pair,yearbuilt,25918067,San Jose,[blank],,Unidata missing; GPKG empty
pair,yearbuilt,25919027,San Jose,[blank],,Unidata missing; GPKG empty
pair,address,25920030,San Jose,[blank],,Unidata missing; GPKG empty
pair,yearbuilt,25920030,San Jose,[blank],,Unidata missing; GPKG empty
pair,yearbuilt,25920045,San Jose,[blank],,Unidata missing; GPKG empty
pair,yearbuilt,25920064,San Jose,[blank],,Unidata missing; GPKG empty
pair,yearbuilt,25920066,San Jose,[blank],,Unidata missing; GPKG empty
pair,yearbuilt,25921069,San Jose,[blank],,Unidata missing; GPKG empty
pair,yearbuilt,25921138,San Jose,[blank],,Unidata missing; GPKG empty
pair,yearbuilt,25922002,San Jose,[blank],,Unidata missing; GPKG empty
pair,yearbuilt,25922018,San Jose,[blank],,Unidata missing; GPKG empty
pair,yearbuilt,25922021,San Jose,[blank],,Unidata missing; GPKG empty
pair,yearbuilt,25922029,San Jose,[blank],,Unidata missing; GPKG empty
pair,yearbuilt,25922043,San Jose,[blank],,Unidata missing; GPKG empty
pair,yearbuilt,25922053,San Jose,[blank],,Unidata missing; GPKG empty
pair,address,25922057,San Jose,[blank],,Unidata missing; GPKG empty
pair,yearbuilt,25922057,San Jose,[blank],,Unidata missing; GPKG empty
pair,yearbuilt,25922059,San Jose,[blank],,Unidata missing; GPKG empty
pair,yearbuilt,25922060,San Jose,[blank],,Unidata missing; GPKG empty
pair,yearbuilt,25922061,San Jose,[blank],,Unidata missing; GPKG empty
pair,address,25922062,San Jose,[blank],,Unidata missing; GPKG empty
pair,yearbuilt,25922062,San Jose,[blank],,Unidata missing; GPKG empty
pair,address,25922063,San Jose,[blank],,Unidata missing; GPKG empty
pair,yearbuilt,25922063,San Jose,[blank],,Unidata missing; GPKG empty
pair,yearbuilt,25922064,San Jose,[blank],,Unidata missing; GPKG empty
pair,yearbuilt,25922065,San Jose,[blank],,Unidata missing; GPKG empty
pair,yearbuilt,25922066,San Jose,[blank],,Unidata missing; GPKG empty
pair,yearbuilt,25923020,San Jose,[blank],,Unidata missing; GPKG empty
pair,address,25923021,San Jose,[blank],,Unidata missing; GPKG empty
pair,yearbuilt,25923021,San Jose,[blank],,Unidata missing; GPKG empty
pair,yearbuilt,25923023,San Jose,[blank],,Unidata missing; GPKG empty
pair,yearbuilt,25923024,San Jose,[blank],,Unidata missing; GPKG empty
pair,yearbuilt,25923026,San Jose,[blank],,Unidata missing; GPKG empty
pair,zoning,25923026,San Jose,[blank],,Unidata missing; GPKG empty
pair,yearbuilt,25923029,San Jose,[blank],,Unidata missing; GPKG empty
pair,yearbuilt,25924020,San Jose,[blank],,Unidata missing; GPKG empty
pair,yearbuilt,25924038,San Jose,[blank],,Unidata missing; GPKG empty
pair,yearbuilt,25924040,San Jose,[blank],,Unidata missing; GPKG empty
pair,yearbuilt,25924041,San Jose,[blank],,Unidata missing; GPKG empty
pair,yearbuilt,25925002,San Jose,[blank],,Unidata missing; GPKG empty
pair,yearbuilt,25925022,San Jose,[blank],,Unidata missing; GPKG empty
pair,yearbuilt,25925031,San Jose,[blank],,Unidata missing; GPKG empty
pair,yearbuilt,25925033,San Jose,[blank],,Unidata missing; GPKG empty
pair,yearbuilt,25925034,San Jose,[blank],,Unidata missing; GPKG empty
pair,yearbuilt,25925041,San Jose,[blank],,Unidata missing; GPKG empty
pair,yearbuilt,25925051,San Jose,[blank],,Unidata missing; GPKG empty
pair,yearbuilt,25925052,San Jose,[blank],,Unidata missing; GPKG empty
pair,yearbuilt,25925056,San Jose,[blank],,Unidata missing; GPKG empty
pair,yearbuilt,25925057,San Jose,[blank],,Unidata missing; GPKG empty
pair,yearbuilt,25925064,San Jose,[blank],,Unidata missing; GPKG empty
pair,yearbuilt,25925065,San Jose,[blank],,Unidata missing; GPKG empty
pair,yearbuilt,25925066,San Jose,[blank],,Unidata missing; GPKG empty
pair,yearbuilt,25925072,San Jose,[blank],,Unidata missing; GPKG empty
pair,yearbuilt,25925073,San Jose,[blank],,Unidata missing; GPKG empty
pair,yearbuilt,25925076,San Jose,[blank],,Unidata missing; GPKG empty
pair,yearbuilt,25926006,San Jose,[blank],,Unidata missing; GPKG empty
pair,yearbuilt,25926007,San Jose,[blank],,Unidata missing; GPKG empty
pair,address,25926015,San Jose,[blank],,Unidata missing; GPKG empty
pair,yearbuilt,25926015,San Jose,[blank],,Unidata missing; GPKG empty
pair,address,25926016,San Jose,[blank],,Unidata missing; GPKG empty
pair,yearbuilt,25926016,San Jose,[blank],,Unidata missing; GPKG empty
pair,yearbuilt,25926019,San Jose,[blank],,Unidata missing; GPKG empty
pair,address,25926020,San Jose,[blank],,Unidata missing; GPKG empty
pair,yearbuilt,25926020,San Jose,[blank],,Unidata missing; GPKG empty
pair,yearbuilt,25926021,San Jose,[blank],,Unidata missing; GPKG empty
pair,yearbuilt,25926022,San Jose,[blank],,Unidata missing; GPKG empty
pair,zoning,25926022,San Jose,[blank],,Unidata missing; GPKG empty
pair,yearbuilt,25926023,San Jose,[blank],,Unidata missing; GPKG empty
pair,yearbuilt,25926024,San Jose,[blank],,Unidata missing; GPKG empty
pair,yearbuilt,25926025,San Jose,[blank],,Unidata missing; GPKG empty
pair,yearbuilt,25927008,San Jose,[blank],,Unidata missing; GPKG empty
pair,yearbuilt,25927009,San Jose,[blank],,Unidata missing; GPKG empty
pair,yearbuilt,25927011,San Jose,[blank],,Unidata missing; GPKG empty
pair,yearbuilt,25927018,San Jose,[blank],,Unidata missing; GPKG empty
pair,address,25927019,San Jose,[blank],,Unidata missing; GPKG empty
pair,yearbuilt,25927019,San Jose,[blank],,Unidata missing; GPKG empty
pair,address,25927020,San Jose,[blank],,Unidata missing; GPKG empty
pair,yearbuilt,25927020,San Jose,[blank],,Unidata missing; GPKG empty
pair,address,25927021,San Jose,[blank],,Unidata missing; GPKG empty
pair,yearbuilt,25927021,San Jose,[blank],,Unidata missing; GPKG empty
pair,address,25927022,San Jose,[blank],,Unidata missing; GPKG empty
pair,yearbuilt,25927022,San Jose,[blank],,Unidata missing; GPKG empty
pair,yearbuilt,25927026,San Jose,[blank],,Unidata missing; GPKG empty
pair,yearbuilt,25927027,San Jose,[blank],,Unidata missing; GPKG empty
pair,yearbuilt,25928001,San Jose,[blank],,Unidata missing; GPKG empty
pair,yearbuilt,25928028,San Jose,[blank],,Unidata missing; GPKG empty
pair,yearbuilt,25928031,San Jose,[blank],,Unidata missing; GPKG empty
pair,yearbuilt,25928041,San Jose,[blank],,Unidata missing; GPKG empty
pair,yearbuilt,25928043,San Jose,[blank],,Unidata missing; GPKG empty
pair,yearbuilt,25928044,San Jose,[blank],,Unidata missing; GPKG empty
pair,yearbuilt,25928045,San Jose,[blank],,Unidata missing; GPKG empty
pair,zoning,25928045,San Jose,[blank],,Unidata missing; GPKG empty
pair,address,25928048,San Jose,[blank],,Unidata missing; GPKG empty
pair,yearbuilt,25928048,San Jose,[blank],,Unidata missing; GPKG empty
pair,yearbuilt,25929002,San Jose,[blank],,Unidata missing; GPKG empty
pair,yearbuilt,25929003,San Jose,[blank],,Unidata missing; GPKG empty
pair,yearbuilt,25929012,San Jose,[blank],,Unidata missing; GPKG empty
pair,yearbuilt,25929033,San Jose,[blank],,Unidata missing; GPKG empty
pair,yearbuilt,25929072,San Jose,[blank],,Unidata missing; GPKG empty
pair,yearbuilt,25929085,San Jose,[blank],,Unidata missing; GPKG empty
pair,yearbuilt,25929092,San Jose,[blank],,Unidata missing; GPKG empty
pair,yearbuilt,25929098,San Jose,[blank],,Unidata missing; GPKG empty
pair,address,25929100,San Jose,[blank],,Unidata missing; GPKG empty
pair,yearbuilt,25929100,San Jose,[blank],,Unidata missing; GPKG empty
pair,yearbuilt,25929101,San Jose,[blank],,Unidata missing; GPKG empty
pair,yearbuilt,25929105,San Jose,[blank],,Unidata missing; GPKG empty
pair,yearbuilt,25930033,San Jose,[blank],,Unidata missing; GPKG empty
pair,yearbuilt,25930034,San Jose,[blank],,Unidata missing; GPKG empty
pair,yearbuilt,25930087,San Jose,[blank],,Unidata missing; GPKG empty
pair,yearbuilt,25930089,San Jose,[blank],,Unidata missing; GPKG empty
pair,yearbuilt,25930094,San Jose,[blank],,Unidata missing; GPKG empty
pair,yearbuilt,25930103,San Jose,[blank],,Unidata missing; GPKG empty
pair,yearbuilt,25930104,San Jose,[blank],,Unidata missing; GPKG empty
pair,yearbuilt,25930105,San Jose,[blank],,Unidata missing; GPKG empty
pair,yearbuilt,25930106,San Jose,[blank],,Unidata missing; GPKG empty
pair,yearbuilt,25930107,San Jose,[blank],,Unidata missing; GPKG empty
pair,yearbuilt,25931065,San Jose,[blank],,Unidata missing; GPKG empty
pair,yearbuilt,25931067,San Jose,[blank],,Unidata missing; GPKG empty
pair,yearbuilt,25931068,San Jose,[blank],,Unidata missing; GPKG empty
pair,yearbuilt,25931069,San Jose,[blank],,Unidata missing; GPKG empty
pair,yearbuilt,25931077,San Jose,[blank],,Unidata missing; GPKG empty
pair,yearbuilt,25931078,San Jose,[blank],,Unidata missing; GPKG empty
pair,yearbuilt,25931079,San Jose,[blank],,Unidata missing; GPKG empty
pair,yearbuilt,25931080,San Jose,[blank],,Unidata missing; GPKG empty
pair,yearbuilt,25931081,San Jose,[blank],,Unidata missing; GPKG empty
pair,yearbuilt,25931082,San Jose,[blank],,Unidata missing; GPKG empty
pair,yearbuilt,25931083,San Jose,[blank],,Unidata missing; GPKG empty
pair,yearbuilt,25931084,San Jose,[blank],,Unidata missing; GPKG empty
pair,zoning,25931084,San Jose,[blank],,Unidata missing; GPKG empty
pair,yearbuilt,25932062,San Jose,[blank],,Unidata missing; GPKG empty
pair,yearbuilt,25932082,San Jose,[blank],,Unidata missing; GPKG empty
pair,yearbuilt,25932087,San Jose,[blank],,Unidata missing; GPKG empty
pair,yearbuilt,25932088,San Jose,[blank],,Unidata missing; GPKG empty
pair,yearbuilt,25932096,San Jose,[blank],,Unidata missing; GPKG empty
pair,yearbuilt,25932097,San Jose,[blank],,Unidata missing; GPKG empty
pair,address,25932105,San Jose,[blank],,Unidata missing; GPKG empty
pair,yearbuilt,25932105,San Jose,[blank],,Unidata missing; GPKG empty
pair,zoning,25932105,San Jose,[blank],,Unidata missing; GPKG empty
pair,yearbuilt,25932106,San Jose,[blank],,Unidata missing; GPKG empty
pair,yearbuilt,25932107,San Jose,[blank],,Unidata missing; GPKG empty
pair,yearbuilt,25932108,San Jose,[blank],,Unidata missing; GPKG empty
pair,yearbuilt,25932115,San Jose,[blank],,Unidata missing; GPKG empty
pair,yearbuilt,25932116,San Jose,[blank],,Unidata missing; GPKG empty
pair,yearbuilt,25933044,San Jose,[blank],,Unidata missing; GPKG empty
pair,yearbuilt,25933049,San Jose,[blank],,Unidata missing; GPKG empty
pair,yearbuilt,25933056,San Jose,[blank],,Unidata missing; GPKG empty
pair,yearbuilt,25933057,San Jose,[blank],,Unidata missing; GPKG empty
pair,yearbuilt,25933059,San Jose,[blank],,Unidata missing; GPKG empty
pair,yearbuilt,25933060,San Jose,[blank],,Unidata missing; GPKG empty
pair,yearbuilt,25933067,San Jose,[blank],,Unidata missing; GPKG empty
pair,yearbuilt,25933078,San Jose,[blank],,Unidata missing; GPKG empty
pair,address,25933079,San Jose,[blank],,Unidata missing; GPKG empty
pair,yearbuilt,25933079,San Jose,[blank],,Unidata missing; GPKG empty
pair,yearbuilt,25933087,San Jose,[blank],,Unidata missing; GPKG empty
pair,yearbuilt,25933088,San Jose,[blank],,Unidata missing; GPKG empty
pair,yearbuilt,25933089,San Jose,[blank],,Unidata missing; GPKG empty
pair,address,25933090,San Jose,[blank],,Unidata missing; GPKG empty
pair,yearbuilt,25933090,San Jose,[blank],,Unidata missing; GPKG empty
pair,zoning,25933090,San Jose,[blank],,Unidata missing; GPKG empty
pair,yearbuilt,25934006,San Jose,[blank],,Unidata missing; GPKG empty
pair,yearbuilt,25934007,San Jose,[blank],,Unidata missing; GPKG empty
pair,yearbuilt,25934008,San Jose,[blank],,Unidata missing; GPKG empty
pair,yearbuilt,25934009,San Jose,[blank],,Unidata missing; GPKG empty
pair,yearbuilt,25934011,San Jose,[blank],,Unidata missing; GPKG empty
pair,yearbuilt,25934012,San Jose,[blank],,Unidata missing; GPKG empty
pair,yearbuilt,25934013,San Jose,[blank],,Unidata missing; GPKG empty
pair,yearbuilt,25934016,San Jose,[blank],,Unidata missing; GPKG empty
pair,yearbuilt,25934017,San Jose,[blank],,Unidata missing; GPKG empty
pair,yearbuilt,25934020,San Jose,[blank],,Unidata missing; GPKG empty
pair,yearbuilt,25934021,San Jose,[blank],,Unidata missing; GPKG empty
pair,yearbuilt,25934022,San Jose,[blank],,Unidata missing; GPKG empty
pair,yearbuilt,25934023,San Jose,[blank],,Unidata missing; GPKG empty
pair,yearbuilt,25934024,San Jose,[blank],,Unidata missing; GPKG empty
pair,yearbuilt,25934025,San Jose,[blank],,Unidata missing; GPKG empty
pair,yearbuilt,25934026,San Jose,[blank],,Unidata missing; GPKG empty
pair,yearbuilt,25934027,San Jose,[blank],,Unidata missing; GPKG empty
pair,yearbuilt,25934030,San Jose,[blank],,Unidata missing; GPKG empty
pair,yearbuilt,25934031,San Jose,[blank],,Unidata missing; GPKG empty
pair,yearbuilt,25934034,San Jose,[blank],,Unidata missing; GPKG empty
pair,yearbuilt,25934039,San Jose,[blank],,Unidata missing; GPKG empty
pair,address,25934041,San Jose,[blank],,Unidata missing; GPKG empty
pair,yearbuilt,25934041,San Jose,[blank],,Unidata missing; GPKG empty
pair,yearbuilt,25934044,San Jose,[blank],,Unidata missing; GPKG empty
pair,yearbuilt,25934055,San Jose,[blank],,Unidata missing; GPKG empty
pair,yearbuilt,25934056,San Jose,[blank],,Unidata missing; GPKG empty
pair,yearbuilt,25935009,San Jose,[blank],,Unidata missing; GPKG empty
pair,yearbuilt,25935026,San Jose,[blank],,Unidata missing; GPKG empty
pair,yearbuilt,25935027,San Jose,[blank],,Unidata missing; GPKG empty
pair,yearbuilt,25935029,San Jose,[blank],,Unidata missing; GPKG empty
pair,yearbuilt,25935030,San Jose,[blank],,Unidata missing; GPKG empty
pair,yearbuilt,25935031,San Jose,[blank],,Unidata missing; GPKG empty
pair,yearbuilt,25935032,San Jose,[blank],,Unidata missing; GPKG empty
pair,yearbuilt,25935050,San Jose,[blank],,Unidata missing; GPKG empty
pair,yearbuilt,25935055,San Jose,[blank],,Unidata missing; GPKG empty
pair,yearbuilt,25936067,San Jose,[blank],,Unidata missing; GPKG empty
pair,yearbuilt,25936069,San Jose,[blank],,Unidata missing; GPKG empty
pair,yearbuilt,25936081,San Jose,[blank],,Unidata missing; GPKG empty
pair,yearbuilt,25936082,San Jose,[blank],,Unidata missing; GPKG empty
pair,yearbuilt,25936083,San Jose,[blank],,Unidata missing; GPKG empty
pair,yearbuilt,25936084,San Jose,[blank],,Unidata missing; GPKG empty
pair,yearbuilt,25937041,San Jose,[blank],,Unidata missing; GPKG empty
pair,yearbuilt,25937042,San Jose,[blank],,Unidata missing; GPKG empty
pair,yearbuilt,25937043,San Jose,[blank],,Unidata missing; GPKG empty
pair,yearbuilt,25937044,San Jose,[blank],,Unidata missing; GPKG empty
pair,yearbuilt,25937057,San Jose,[blank],,Unidata missing; GPKG empty
pair,yearbuilt,25937058,San Jose,[blank],,Unidata missing; GPKG empty
pair,yearbuilt,25937059,San Jose,[blank],,Unidata missing; GPKG empty
pair,yearbuilt,25937060,San Jose,[blank],,Unidata missing; GPKG empty
pair,yearbuilt,25938010,San Jose,[blank],,Unidata missing; GPKG empty
pair,yearbuilt,25938019,San Jose,[blank],,Unidata missing; GPKG empty
pair,yearbuilt,25938028,San Jose,[blank],,Unidata missing; GPKG empty
pair,yearbuilt,25938036,San Jose,[blank],,Unidata missing; GPKG empty
pair,yearbuilt,25938039,San Jose,[blank],,Unidata missing; GPKG empty
pair,yearbuilt,25938040,San Jose,[blank],,Unidata missing; GPKG empty
pair,yearbuilt,25938041,San Jose,[blank],,Unidata missing; GPKG empty
pair,yearbuilt,25938042,San Jose,[blank],,Unidata missing; GPKG empty
pair,yearbuilt,25938085,San Jose,[blank],,Unidata missing; GPKG empty
pair,yearbuilt,25938089,San Jose,[blank],,Unidata missing; GPKG empty
pair,yearbuilt,25938090,San Jose,[blank],,Unidata missing; GPKG empty
pair,yearbuilt,25938100,San Jose,[blank],,Unidata missing; GPKG empty
pair,yearbuilt,25938109,San Jose,[blank],,Unidata missing; GPKG empty
pair,yearbuilt,25938110,San Jose,[blank],,Unidata missing; GPKG empty
pair,yearbuilt,25938116,San Jose,[blank],,Unidata missing; GPKG empty
pair,yearbuilt,25938121,San Jose,[blank],,Unidata missing; GPKG empty
pair,yearbuilt,25938122,San Jose,[blank],,Unidata missing; GPKG empty
pair,yearbuilt,25938129,San Jose,[blank],,Unidata missing; GPKG empty
pair,yearbuilt,25938130,San Jose,[blank],,Unidata missing; GPKG empty
pair,yearbuilt,25938134,San Jose,[blank],,Unidata missing; GPKG empty
pair,yearbuilt,25938135,San Jose,[blank],,Unidata missing; GPKG empty
pair,yearbuilt,25938136,San Jose,[blank],,Unidata missing; GPKG empty
pair,yearbuilt,25938137,San Jose,[blank],,Unidata missing; GPKG empty
pair,yearbuilt,25938138,San Jose,[blank],,Unidata missing; GPKG empty
pair,yearbuilt,25938139,San Jose,[blank],,Unidata missing; GPKG empty
pair,yearbuilt,25938141,San Jose,[blank],,Unidata missing; GPKG empty
pair,yearbuilt,25938142,San Jose,[blank],,Unidata missing; GPKG empty
pair,yearbuilt,25938144,San Jose,[blank],,Unidata missing; GPKG empty
pair,yearbuilt,25938145,San Jose,[blank],,Unidata missing; GPKG empty
pair,yearbuilt,25938146,San Jose,[blank],,Unidata missing; GPKG empty
pair,yearbuilt,25938147,San Jose,[blank],,Unidata missing; GPKG empty
pair,yearbuilt,25938148,San Jose,[blank],,Unidata missing; GPKG empty
pair,yearbuilt,25938149,San Jose,[blank],,Unidata missing; GPKG empty
pair,yearbuilt,25938150,San Jose,[blank],,Unidata missing; GPKG empty
pair,yearbuilt,25938151,San Jose,[blank],,Unidata missing; GPKG empty
pair,yearbuilt,25938152,San Jose,[blank],,Unidata missing; GPKG empty
pair,yearbuilt,25938153,San Jose,[blank],,Unidata missing; GPKG empty
pair,yearbuilt,25938154,San Jose,[blank],,Unidata missing; GPKG empty
pair,yearbuilt,25939094,San Jose,[blank],,Unidata missing; GPKG empty
pair,yearbuilt,25939128,San Jose,[blank],,Unidata missing; GPKG empty
pair,yearbuilt,25940014,San Jose,[blank],,Unidata missing; GPKG empty
pair,yearbuilt,25940015,San Jose,[blank],,Unidata missing; GPKG empty
pair,yearbuilt,25940016,San Jose,[blank],,Unidata missing; GPKG empty
pair,yearbuilt,25940018,San Jose,[blank],,Unidata missing; GPKG empty
pair,yearbuilt,25940035,San Jose,[blank],,Unidata missing; GPKG empty
pair,yearbuilt,25940042,San Jose,[blank],,Unidata missing; GPKG empty
pair,yearbuilt,25940047,San Jose,[blank],,Unidata missing; GPKG empty
pair,yearbuilt,25940057,San Jose,[blank],,Unidata missing; GPKG empty
pair,yearbuilt,25940061,San Jose,[blank],,Unidata missing; GPKG empty
pair,yearbuilt,25940062,San Jose,[blank],,Unidata missing; GPKG empty
pair,yearbuilt,25940063,San Jose,[blank],,Unidata missing; GPKG empty
pair,yearbuilt,25940065,San Jose,[blank],,Unidata missing; GPKG empty
pair,yearbuilt,25940066,San Jose,[blank],,Unidata missing; GPKG empty
pair,yearbuilt,25940070,San Jose,[blank],,Unidata missing; GPKG empty
pair,yearbuilt,25940071,San Jose,[blank],,Unidata missing; GPKG empty
pair,yearbuilt,25940072,San Jose,[blank],,Unidata missing; GPKG empty
pair,yearbuilt,25940088,San Jose,[blank],,Unidata missing; GPKG empty
pair,yearbuilt,25940090,San Jose,[blank],,Unidata missing; GPKG empty
pair,yearbuilt,25940092,San Jose,[blank],,Unidata missing; GPKG empty
pair,yearbuilt,25941065,San Jose,[blank],,Unidata missing; GPKG empty
pair,yearbuilt,25941067,San Jose,[blank],,Unidata missing; GPKG empty
pair,address,25941077,San Jose,[blank],,Unidata missing; GPKG empty
pair,yearbuilt,25941077,San Jose,[blank],,Unidata missing; GPKG empty
pair,yearbuilt,25942077,San Jose,[blank],,Unidata missing; GPKG empty
pair,yearbuilt,25942080,San Jose,[blank],,Unidata missing; GPKG empty
pair,yearbuilt,25942085,San Jose,[blank],,Unidata missing; GPKG empty
pair,yearbuilt,25942086,San Jose,[blank],,Unidata missing; GPKG empty
pair,yearbuilt,25942087,San Jose,[blank],,Unidata missing; GPKG empty
pair,yearbuilt,25943064,San Jose,[blank],,Unidata missing; GPKG empty
pair,yearbuilt,25944075,San Jose,[blank],,Unidata missing; GPKG empty
pair,yearbuilt,25944080,San Jose,[blank],,Unidata missing; GPKG empty
pair,address,25944082,San Jose,[blank],,Unidata missing; GPKG empty
pair,yearbuilt,25944082,San Jose,[blank],,Unidata missing; GPKG empty
pair,yearbuilt,25944084,San Jose,[blank],,Unidata missing; GPKG empty
pair,yearbuilt,25944086,San Jose,[blank],,Unidata missing; GPKG empty
pair,yearbuilt,25944087,San Jose,[blank],,Unidata missing; GPKG empty
pair,yearbuilt,25945001,San Jose,[blank],,Unidata missing; GPKG empty
pair,yearbuilt,25945010,San Jose,[blank],,Unidata missing; GPKG empty
pair,yearbuilt,25945012,San Jose,[blank],,Unidata missing; GPKG empty
pair,yearbuilt,25945058,San Jose,[blank],,Unidata missing; GPKG empty
pair,yearbuilt,25945080,San Jose,[blank],,Unidata missing; GPKG empty
pair,yearbuilt,25945082,San Jose,[blank],,Unidata missing; GPKG empty
pair,yearbuilt,25945083,San Jose,[blank],,Unidata missing; GPKG empty
pair,yearbuilt,25945084,San Jose,[blank],,Unidata missing; GPKG empty
pair,address,25945086,San Jose,[blank],,Unidata missing; GPKG empty
pair,yearbuilt,25945086,San Jose,[blank],,Unidata missing; GPKG empty
pair,zoning,25945086,San Jose,[blank],,Unidata missing; GPKG empty
pair,address,25945094,San Jose,[blank],,Unidata missing; GPKG empty
pair,yearbuilt,25945094,San Jose,[blank],,Unidata missing; GPKG empty
pair,yearbuilt,25945095,San Jose,[blank],,Unidata missing; GPKG empty
pair,address,25945096,San Jose,[blank],,Unidata missing; GPKG empty
pair,yearbuilt,25945096,San Jose,[blank],,Unidata missing; GPKG empty
pair,yearbuilt,25945097,San Jose,[blank],,Unidata missing; GPKG empty
pair,yearbuilt,25946040,San Jose,[blank],,Unidata missing; GPKG empty
pair,yearbuilt,25946044,San Jose,[blank],,Unidata missing; GPKG empty
pair,yearbuilt,25946045,San Jose,[blank],,Unidata missing; GPKG empty
pair,yearbuilt,25946046,San Jose,[blank],,Unidata missing; GPKG empty
pair,yearbuilt,25946047,San Jose,[blank],,Unidata missing; GPKG empty
pair,yearbuilt,25946056,San Jose,[blank],,Unidata missing; GPKG empty
pair,yearbuilt,25946057,San Jose,[blank],,Unidata missing; GPKG empty
pair,yearbuilt,25946058,San Jose,[blank],,Unidata missing; GPKG empty
pair,yearbuilt,25946066,San Jose,[blank],,Unidata missing; GPKG empty
pair,yearbuilt,25946067,San Jose,[blank],,Unidata missing; GPKG empty
pair,yearbuilt,25946068,San Jose,[blank],,Unidata missing; GPKG empty
pair,yearbuilt,25946069,San Jose,[blank],,Unidata missing; GPKG empty
pair,yearbuilt,25946082,San Jose,[blank],,Unidata missing; GPKG empty
pair,yearbuilt,25946085,San Jose,[blank],,Unidata missing; GPKG empty
pair,yearbuilt,25946086,San Jose,[blank],,Unidata missing; GPKG empty
pair,yearbuilt,25946088,San Jose,[blank],,Unidata missing; GPKG empty
pair,yearbuilt,25946089,San Jose,[blank],,Unidata missing; GPKG empty
pair,yearbuilt,25946090,San Jose,[blank],,Unidata missing; GPKG empty
pair,yearbuilt,25946095,San Jose,[blank],,Unidata missing; GPKG empty
pair,yearbuilt,25946097,San Jose,[blank],,Unidata missing; GPKG empty
pair,yearbuilt,25946107,San Jose,[blank],,Unidata missing; GPKG empty
pair,yearbuilt,25946109,San Jose,[blank],,Unidata missing; GPKG empty
pair,yearbuilt,25946118,San Jose,[blank],,Unidata missing; GPKG empty
pair,yearbuilt,25946119,San Jose,[blank],,Unidata missing; GPKG empty
pair,yearbuilt,25946120,San Jose,[blank],,Unidata missing; GPKG empty
pair,yearbuilt,25946121,San Jose,[blank],,Unidata missing; GPKG empty
pair,yearbuilt,25946122,San Jose,[blank],,Unidata missing; GPKG empty
pair,yearbuilt,25947031,San Jose,[blank],,Unidata missing; GPKG empty
pair,yearbuilt,25947032,San Jose,[blank],,Unidata missing; GPKG empty
pair,yearbuilt,25947033,San Jose,[blank],,Unidata missing; GPKG empty
pair,yearbuilt,25947034,San Jose,[blank],,Unidata missing; GPKG empty
pair,yearbuilt,25947035,San Jose,[blank],,Unidata missing; GPKG empty
pair,yearbuilt,25947036,San Jose,[blank],,Unidata missing; GPKG empty
pair,yearbuilt,25947038,San Jose,[blank],,Unidata missing; GPKG empty
pair,yearbuilt,25947040,San Jose,[blank],,Unidata missing; GPKG empty
pair,yearbuilt,25947041,San Jose,[blank],,Unidata missing; GPKG empty
pair,yearbuilt,25947049,San Jose,[blank],,Unidata missing; GPKG empty
pair,yearbuilt,25947059,San Jose,[blank],,Unidata missing; GPKG empty
pair,yearbuilt,25947070,San Jose,[blank],,Unidata missing; GPKG empty
pair,yearbuilt,25947074,San Jose,[blank],,Unidata missing; GPKG empty
pair,yearbuilt,25947075,San Jose,[blank],,Unidata missing; GPKG empty
pair,yearbuilt,25947077,San Jose,[blank],,Unidata missing; GPKG empty
pair,yearbuilt,25947079,San Jose,[blank],,Unidata missing; GPKG empty
pair,yearbuilt,25947080,San Jose,[blank],,Unidata missing; GPKG empty
pair,yearbuilt,25947081,San Jose,[blank],,Unidata missing; GPKG empty
pair,yearbuilt,25948013,San Jose,[blank],,Unidata missing; GPKG empty
pair,yearbuilt,25948025,San Jose,[blank],,Unidata missing; GPKG empty
pair,yearbuilt,25948030,San Jose,[blank],,Unidata missing; GPKG empty
pair,yearbuilt,25948031,San Jose,[blank],,Unidata missing; GPKG empty
pair,yearbuilt,25948046,San Jose,[blank],,Unidata missing; GPKG empty
pair,yearbuilt,25948050,San Jose,[blank],,Unidata missing; GPKG empty
pair,yearbuilt,25948053,San Jose,[blank],,Unidata missing; GPKG empty
pair,yearbuilt,25948063,San Jose,[blank],,Unidata missing; GPKG empty
pair,yearbuilt,25948067,San Jose,[blank],,Unidata missing; GPKG empty
pair,yearbuilt,25948074,San Jose,[blank],,Unidata missing; GPKG empty
pair,yearbuilt,25948076,San Jose,[blank],,Unidata missing; GPKG empty
pair,yearbuilt,25951003,San Jose,[blank],,Unidata missing; GPKG empty
pair,yearbuilt,25951005,San Jose,[blank],,Unidata missing; GPKG empty
pair,yearbuilt,25952193,San Jose,[blank],,Unidata missing; GPKG empty
pair,yearbuilt,25952195,San Jose,[blank],,Unidata missing; GPKG empty
pair,yearbuilt,25952196,San Jose,[blank],,Unidata missing; GPKG empty
pair,yearbuilt,25952197,San Jose,[blank],,Unidata missing; GPKG empty
pair,yearbuilt,25952198,San Jose,[blank],,Unidata missing; GPKG empty
pair,yearbuilt,25952199,San Jose,[blank],,Unidata missing; GPKG empty
pair,yearbuilt,25952200,San Jose,[blank],,Unidata missing; GPKG empty
pair,yearbuilt,25952201,San Jose,[blank],,Unidata missing; GPKG empty
pair,yearbuilt,25952202,San Jose,[blank],,Unidata missing; GPKG empty
pair,yearbuilt,25952203,San Jose,[blank],,Unidata missing; GPKG empty
pair,yearbuilt,25953037,San Jose,[blank],,Unidata missing; GPKG empty
pair,yearbuilt,25953038,San Jose,[blank],,Unidata missing; GPKG empty
pair,yearbuilt,25954001,San Jose,[blank],,Unidata missing; GPKG empty
pair,address,25954002,San Jose,[blank],,Unidata missing; GPKG empty
pair,yearbuilt,25954002,San Jose,[blank],,Unidata missing; GPKG empty
pair,yearbuilt,25954003,San Jose,[blank],,Unidata missing; GPKG empty
pair,yearbuilt,25954009,San Jose,[blank],,Unidata missing; GPKG empty
pair,yearbuilt,25954010,San Jose,[blank],,Unidata missing; GPKG empty
pair,yearbuilt,25954024,San Jose,[blank],,Unidata missing; GPKG empty
pair,yearbuilt,25954025,San Jose,[blank],,Unidata missing; GPKG empty
pair,yearbuilt,25954026,San Jose,[blank],,Unidata missing; GPKG empty
pair,yearbuilt,25954042,San Jose,[blank],,Unidata missing; GPKG empty
pair,yearbuilt,25954051,San Jose,[blank],,Unidata missing; GPKG empty
pair,yearbuilt,25954057,San Jose,[blank],,Unidata missing; GPKG empty
pair,yearbuilt,25964002,San Jose,[blank],,Unidata missing; GPKG empty
pair,yearbuilt,25964094,San Jose,[blank],,Unidata missing; GPKG empty
pair,yearbuilt,26101026,San Jose,[blank],,Unidata missing; GPKG empty
pair,yearbuilt,26101076,San Jose,[blank],,Unidata missing; GPKG empty
pair,yearbuilt,26101091,San Jose,[blank],,Unidata missing; GPKG empty
pair,yearbuilt,26102027,San Jose,[blank],,Unidata missing; GPKG empty
pair,yearbuilt,26102030,San Jose,[blank],,Unidata missing; GPKG empty
pair,yearbuilt,26102031,San Jose,[blank],,Unidata missing; GPKG empty
pair,yearbuilt,26102032,San Jose,[blank],,Unidata missing; GPKG empty
pair,yearbuilt,26102033,San Jose,[blank],,Unidata missing; GPKG empty
pair,yearbuilt,26102036,San Jose,[blank],,Unidata missing; GPKG empty
pair,yearbuilt,26102038,San Jose,[blank],,Unidata missing; GPKG empty
pair,yearbuilt,26102058,San Jose,[blank],,Unidata missing; GPKG empty
pair,yearbuilt,26102062,San Jose,[blank],,Unidata missing; GPKG empty
pair,yearbuilt,26103021,San Jose,[blank],,Unidata missing; GPKG empty
pair,yearbuilt,26103022,San Jose,[blank],,Unidata missing; GPKG empty
pair,yearbuilt,26103023,San Jose,[blank],,Unidata missing; GPKG empty
pair,yearbuilt,26103025,San Jose,[blank],,Unidata missing; GPKG empty
pair,yearbuilt,26103037,San Jose,[blank],,Unidata missing; GPKG empty
pair,yearbuilt,26103046,San Jose,[blank],,Unidata missing; GPKG empty
pair,yearbuilt,26103055,San Jose,[blank],,Unidata missing; GPKG empty
pair,yearbuilt,26103056,San Jose,[blank],,Unidata missing; GPKG empty
pair,yearbuilt,26104007,San Jose,[blank],,Unidata missing; GPKG empty
pair,yearbuilt,26104015,San Jose,[blank],,Unidata missing; GPKG empty
pair,yearbuilt,26104021,San Jose,[blank],,Unidata missing; GPKG empty
pair,yearbuilt,26104048,San Jose,[blank],,Unidata missing; GPKG empty
pair,yearbuilt,26107029,San Jose,[blank],,Unidata missing; GPKG empty
pair,yearbuilt,26107034,San Jose,[blank],,Unidata missing; GPKG empty
pair,yearbuilt,26108082,San Jose,[blank],,Unidata missing; GPKG empty
pair,yearbuilt,26108083,San Jose,[blank],,Unidata missing; GPKG empty
pair,yearbuilt,26109080,San Jose,[blank],,Unidata missing; GPKG empty
pair,yearbuilt,26110009,San Jose,[blank],,Unidata missing; GPKG empty
pair,yearbuilt,26110053,San Jose,[blank],,Unidata missing; GPKG empty
pair,yearbuilt,26110065,San Jose,[blank],,Unidata missing; GPKG empty
pair,yearbuilt,26110078,San Jose,[blank],,Unidata missing; GPKG empty
pair,yearbuilt,26110092,San Jose,[blank],,Unidata missing; GPKG empty
pair,yearbuilt,26110107,San Jose,[blank],,Unidata missing; GPKG empty
pair,yearbuilt,26111003,San Jose,[blank],,Unidata missing; GPKG empty
pair,yearbuilt,26111005,San Jose,[blank],,Unidata missing; GPKG empty
pair,yearbuilt,26112057,San Jose,[blank],,Unidata missing; GPKG empty
pair,yearbuilt,26112065,San Jose,[blank],,Unidata missing; GPKG empty
pair,yearbuilt,26112084,San Jose,[blank],,Unidata missing; GPKG empty
pair,yearbuilt,26113018,San Jose,[blank],,Unidata missing; GPKG empty
pair,yearbuilt,26113024,San Jose,[blank],,Unidata missing; GPKG empty
pair,yearbuilt,26113036,San Jose,[blank],,Unidata missing; GPKG empty
pair,yearbuilt,26114006,San Jose,[blank],,Unidata missing; GPKG empty
pair,yearbuilt,26116040,San Jose,[blank],,Unidata missing; GPKG empty
pair,yearbuilt,26116042,San Jose,[blank],,Unidata missing; GPKG empty
pair,yearbuilt,26116051,San Jose,[blank],,Unidata missing; GPKG empty
pair,yearbuilt,26116052,San Jose,[blank],,Unidata missing; GPKG empty
pair,yearbuilt,26116057,San Jose,[blank],,Unidata missing; GPKG empty
pair,yearbuilt,26117084,San Jose,[blank],,Unidata missing; GPKG empty
pair,yearbuilt,26117087,San Jose,[blank],,Unidata missing; GPKG empty
pair,yearbuilt,26118017,San Jose,[blank],,Unidata missing; GPKG empty
pair,yearbuilt,26118019,San Jose,[blank],,Unidata missing; GPKG empty
pair,yearbuilt,26123032,San Jose,[blank],,Unidata missing; GPKG empty
pair,yearbuilt,26123064,San Jose,[blank],,Unidata missing; GPKG empty
pair,yearbuilt,26123074,San Jose,[blank],,Unidata missing; GPKG empty
pair,yearbuilt,26124008,San Jose,[blank],,Unidata missing; GPKG empty
pair,yearbuilt,26124009,San Jose,[blank],,Unidata missing; GPKG empty
pair,yearbuilt,26124011,San Jose,[blank],,Unidata missing; GPKG empty
pair,yearbuilt,26124053,San Jose,[blank],,Unidata missing; GPKG empty
pair,yearbuilt,26127071,San Jose,[blank],,Unidata missing; GPKG empty
pair,yearbuilt,26127073,San Jose,[blank],,Unidata missing; GPKG empty
pair,yearbuilt,26128002,San Jose,[blank],,Unidata missing; GPKG empty
pair,yearbuilt,26128021,San Jose,[blank],,Unidata missing; GPKG empty
pair,yearbuilt,26128022,San Jose,[blank],,Unidata missing; GPKG empty
pair,yearbuilt,26128084,San Jose,[blank],,Unidata missing; GPKG empty
pair,yearbuilt,26128087,San Jose,[blank],,Unidata missing; GPKG empty
pair,yearbuilt,26129015,San Jose,[blank],,Unidata missing; GPKG empty
pair,yearbuilt,26129016,San Jose,[blank],,Unidata missing; GPKG empty
pair,yearbuilt,26129018,San Jose,[blank],,Unidata missing; GPKG empty
pair,yearbuilt,26129019,San Jose,[blank],,Unidata missing; GPKG empty
pair,yearbuilt,26129023,San Jose,[blank],,Unidata missing; GPKG empty
pair,yearbuilt,26129026,San Jose,[blank],,Unidata missing; GPKG empty
pair,yearbuilt,26129027,San Jose,[blank],,Unidata missing; GPKG empty
pair,yearbuilt,26129048,San Jose,[blank],,Unidata missing; GPKG empty
pair,yearbuilt,26129055,San Jose,[blank],,Unidata missing; GPKG empty
pair,yearbuilt,26130019,San Jose,[blank],,Unidata missing; GPKG empty
pair,yearbuilt,26130020,San Jose,[blank],,Unidata missing; GPKG empty
pair,yearbuilt,26130021,San Jose,[blank],,Unidata missing; GPKG empty
pair,yearbuilt,26130022,San Jose,[blank],,Unidata missing; GPKG empty
pair,yearbuilt,26131082,San Jose,[blank],,Unidata missing; GPKG empty
pair,yearbuilt,26132074,San Jose,[blank],,Unidata missing; GPKG empty
pair,yearbuilt,26133002,San Jose,[blank],,Unidata missing; GPKG empty
pair,yearbuilt,26133018,San Jose,[blank],,Unidata missing; GPKG empty
pair,yearbuilt,26133050,San Jose,[blank],,Unidata missing; GPKG empty
pair,yearbuilt,26133051,San Jose,[blank],,Unidata missing; GPKG empty
pair,yearbuilt,26134002,San Jose,[blank],,Unidata missing; GPKG empty
pair,yearbuilt,26134003,San Jose,[blank],,Unidata missing; GPKG empty
pair,yearbuilt,26134004,San Jose,[blank],,Unidata missing; GPKG empty
pair,yearbuilt,26134005,San Jose,[blank],,Unidata missing; GPKG empty
pair,yearbuilt,26134006,San Jose,[blank],,Unidata missing; GPKG empty
pair,address,26134011,San Jose,[blank],,Unidata missing; GPKG empty
pair,yearbuilt,26134011,San Jose,[blank],,Unidata missing; GPKG empty
pair,yearbuilt,26134012,San Jose,[blank],,Unidata missing; GPKG empty
pair,yearbuilt,26134013,San Jose,[blank],,Unidata missing; GPKG empty
pair,yearbuilt,26134014,San Jose,[blank],,Unidata missing; GPKG empty
pair,yearbuilt,26134016,San Jose,[blank],,Unidata missing; GPKG empty
pair,address,26134018,San Jose,[blank],,Unidata missing; GPKG empty
pair,yearbuilt,26134018,San Jose,[blank],,Unidata missing; GPKG empty
pair,yearbuilt,26134019,San Jose,[blank],,Unidata missing; GPKG empty
pair,yearbuilt,26134020,San Jose,[blank],,Unidata missing; GPKG empty
pair,address,26134021,San Jose,[blank],,Unidata missing; GPKG empty
pair,yearbuilt,26134021,San Jose,[blank],,Unidata missing; GPKG empty
pair,address,26134022,San Jose,[blank],,Unidata missing; GPKG empty
pair,yearbuilt,26134022,San Jose,[blank],,Unidata missing; GPKG empty
pair,yearbuilt,26134023,San Jose,[blank],,Unidata missing; GPKG empty
pair,yearbuilt,26135003,San Jose,[blank],,Unidata missing; GPKG empty
pair,yearbuilt,26135006,San Jose,[blank],,Unidata missing; GPKG empty
pair,yearbuilt,26135007,San Jose,[blank],,Unidata missing; GPKG empty
pair,yearbuilt,26135010,San Jose,[blank],,Unidata missing; GPKG empty
pair,yearbuilt,26135014,San Jose,[blank],,Unidata missing; GPKG empty
pair,yearbuilt,26135027,San Jose,[blank],,Unidata missing; GPKG empty
pair,yearbuilt,26135030,San Jose,[blank],,Unidata missing; GPKG empty
pair,address,26135031,San Jose,[blank],,Unidata missing; GPKG empty
pair,yearbuilt,26135031,San Jose,[blank],,Unidata missing; GPKG empty
pair,yearbuilt,26135033,San Jose,[blank],,Unidata missing; GPKG empty
pair,zoning,26135033,San Jose,[blank],,Unidata missing; GPKG empty
pair,yearbuilt,26135034,San Jose,[blank],,Unidata missing; GPKG empty
pair,yearbuilt,26135035,San Jose,[blank],,Unidata missing; GPKG empty
pair,yearbuilt,26135036,San Jose,[blank],,Unidata missing; GPKG empty
pair,yearbuilt,26136041,San Jose,[blank],,Unidata missing; GPKG empty
pair,yearbuilt,26136076,San Jose,[blank],,Unidata missing; GPKG empty
pair,yearbuilt,26136083,San Jose,[blank],,Unidata missing; GPKG empty
pair,yearbuilt,26136094,San Jose,[blank],,Unidata missing; GPKG empty
pair,address,26137009,San Jose,[blank],,Unidata missing; GPKG empty
pair,yearbuilt,26137009,San Jose,[blank],,Unidata missing; GPKG empty
pair,yearbuilt,26137016,San Jose,[blank],,Unidata missing; GPKG empty
pair,yearbuilt,26137021,San Jose,[blank],,Unidata missing; GPKG empty
pair,yearbuilt,26137026,San Jose,[blank],,Unidata missing; GPKG empty
pair,yearbuilt,26137027,San Jose,[blank],,Unidata missing; GPKG empty
pair,address,26137028,San Jose,[blank],,Unidata missing; GPKG empty
pair,yearbuilt,26137028,San Jose,[blank],,Unidata missing; GPKG empty
pair,yearbuilt,26137030,San Jose,[blank],,Unidata missing; GPKG empty
pair,yearbuilt,26137032,San Jose,[blank],,Unidata missing; GPKG empty
pair,yearbuilt,26137033,San Jose,[blank],,Unidata missing; GPKG empty
pair,yearbuilt,26138001,San Jose,[blank],,Unidata missing; GPKG empty
pair,yearbuilt,26138004,San Jose,[blank],,Unidata missing; GPKG empty
pair,yearbuilt,26138018,San Jose,[blank],,Unidata missing; GPKG empty
pair,yearbuilt,26138030,San Jose,[blank],,Unidata missing; GPKG empty
pair,yearbuilt,26138048,San Jose,[blank],,Unidata missing; GPKG empty
pair,yearbuilt,26138052,San Jose,[blank],,Unidata missing; GPKG empty
pair,yearbuilt,26138053,San Jose,[blank],,Unidata missing; GPKG empty
pair,address,26138058,San Jose,[blank],,Unidata missing; GPKG empty
pair,yearbuilt,26138058,San Jose,[blank],,Unidata missing; GPKG empty
pair,zoning,26138058,San Jose,[blank],,Unidata missing; GPKG empty
pair,address,26138059,San Jose,[blank],,Unidata missing; GPKG empty
pair,yearbuilt,26138059,San Jose,[blank],,Unidata missing; GPKG empty
pair,yearbuilt,26138060,San Jose,[blank],,Unidata missing; GPKG empty
pair,address,26138061,San Jose,[blank],,Unidata missing; GPKG empty
pair,yearbuilt,26138061,San Jose,[blank],,Unidata missing; GPKG empty
pair,zoning,26138061,San Jose,[blank],,Unidata missing; GPKG empty
pair,address,26138062,San Jose,[blank],,Unidata missing; GPKG empty
pair,yearbuilt,26138062,San Jose,[blank],,Unidata missing; GPKG empty
pair,yearbuilt,26138063,San Jose,[blank],,Unidata missing; GPKG empty
pair,yearbuilt,26138066,San Jose,[blank],,Unidata missing; GPKG empty
pair,yearbuilt,26138067,San Jose,[blank],,Unidata missing; GPKG empty
pair,yearbuilt,26139006,San Jose,[blank],,Unidata missing; GPKG empty
pair,yearbuilt,26139010,San Jose,[blank],,Unidata missing; GPKG empty
pair,yearbuilt,26139013,San Jose,[blank],,Unidata missing; GPKG empty
pair,yearbuilt,26139015,San Jose,[blank],,Unidata missing; GPKG empty
pair,yearbuilt,26139016,San Jose,[blank],,Unidata missing; GPKG empty
pair,yearbuilt,26139020,San Jose,[blank],,Unidata missing; GPKG empty
pair,yearbuilt,26139024,San Jose,[blank],,Unidata missing; GPKG empty
pair,yearbuilt,26139028,San Jose,[blank],,Unidata missing; GPKG empty
pair,yearbuilt,26139035,San Jose,[blank],,Unidata missing; GPKG empty
pair,yearbuilt,26139036,San Jose,[blank],,Unidata missing; GPKG empty
pair,yearbuilt,26139041,San Jose,[blank],,Unidata missing; GPKG empty
pair,yearbuilt,26139043,San Jose,[blank],,Unidata missing; GPKG empty
pair,yearbuilt,26140034,San Jose,[blank],,Unidata missing; GPKG empty
pair,yearbuilt,26140068,San Jose,[blank],,Unidata missing; GPKG empty
pair,yearbuilt,26140077,San Jose,[blank],,Unidata missing; GPKG empty
pair,yearbuilt,26140083,San Jose,[blank],,Unidata missing; GPKG empty
pair,yearbuilt,26140086,San Jose,[blank],,Unidata missing; GPKG empty
pair,yearbuilt,26140104,San Jose,[blank],,Unidata missing; GPKG empty
pair,yearbuilt,26141006,San Jose,[blank],,Unidata missing; GPKG empty
pair,yearbuilt,26141010,San Jose,[blank],,Unidata missing; GPKG empty
pair,yearbuilt,26141011,San Jose,[blank],,Unidata missing; GPKG empty
pair,yearbuilt,26141021,San Jose,[blank],,Unidata missing; GPKG empty
pair,yearbuilt,26141037,San Jose,[blank],,Unidata missing; GPKG empty
pair,yearbuilt,26141040,San Jose,[blank],,Unidata missing; GPKG empty
pair,yearbuilt,26141082,San Jose,[blank],,Unidata missing; GPKG empty
pair,yearbuilt,26141103,San Jose,[blank],,Unidata missing; GPKG empty
pair,yearbuilt,26142005,San Jose,[blank],,Unidata missing; GPKG empty
pair,yearbuilt,26142036,San Jose,[blank],,Unidata missing; GPKG empty
pair,yearbuilt,26142045,San Jose,[blank],,Unidata missing; GPKG empty
pair,yearbuilt,26142049,San Jose,[blank],,Unidata missing; GPKG empty
pair,yearbuilt,26142050,San Jose,[blank],,Unidata missing; GPKG empty
pair,yearbuilt,26142051,San Jose,[blank],,Unidata missing; GPKG empty
pair,yearbuilt,26142052,San Jose,[blank],,Unidata missing; GPKG empty
pair,yearbuilt,26142053,San Jose,[blank],,Unidata missing; GPKG empty
pair,yearbuilt,26142059,San Jose,[blank],,Unidata missing; GPKG empty
pair,yearbuilt,26142064,San Jose,[blank],,Unidata missing; GPKG empty
pair,yearbuilt,26142073,San Jose,[blank],,Unidata missing; GPKG empty
pair,yearbuilt,26142074,San Jose,[blank],,Unidata missing; GPKG empty
pair,yearbuilt,26142075,San Jose,[blank],,Unidata missing; GPKG empty
pair,yearbuilt,26142077,San Jose,[blank],,Unidata missing; GPKG empty
pair,yearbuilt,26142080,San Jose,[blank],,Unidata missing; GPKG empty
pair,yearbuilt,26142081,San Jose,[blank],,Unidata missing; GPKG empty
pair,yearbuilt,26157027,San Jose,[blank],,Unidata missing; GPKG empty
pair,yearbuilt,26162064,San Jose,[blank],,Unidata missing; GPKG empty
pair,yearbuilt,26401065,San Jose,[blank],,Unidata missing; GPKG empty
pair,yearbuilt,26402019,San Jose,[blank],,Unidata missing; GPKG empty
pair,yearbuilt,26402045,San Jose,[blank],,Unidata missing; GPKG empty
pair,yearbuilt,26402063,San Jose,[blank],,Unidata missing; GPKG empty
pair,yearbuilt,26404014,San Jose,[blank],,Unidata missing; GPKG empty
pair,yearbuilt,26404023,San Jose,[blank],,Unidata missing; GPKG empty
pair,yearbuilt,26405015,San Jose,[blank],,Unidata missing; GPKG empty
pair,yearbuilt,26405029,San Jose,[blank],,Unidata missing; GPKG empty
pair,yearbuilt,26405030,San Jose,[blank],,Unidata missing; GPKG empty
pair,yearbuilt,26405044,San Jose,[blank],,Unidata missing; GPKG empty
pair,yearbuilt,26405059,San Jose,[blank],,Unidata missing; GPKG empty
pair,yearbuilt,26405081,San Jose,[blank],,Unidata missing; GPKG empty
pair,yearbuilt,26405082,San Jose,[blank],,Unidata missing; GPKG empty
pair,yearbuilt,26406005,San Jose,[blank],,Unidata missing; GPKG empty
pair,yearbuilt,26406011,San Jose,[blank],,Unidata missing; GPKG empty
pair,yearbuilt,26406079,San Jose,[blank],,Unidata missing; GPKG empty
pair,yearbuilt,26407035,San Jose,[blank],,Unidata missing; GPKG empty
pair,yearbuilt,26407038,San Jose,[blank],,Unidata missing; GPKG empty
pair,yearbuilt,26407060,San Jose,[blank],,Unidata missing; GPKG empty
pair,yearbuilt,26407077,San Jose,[blank],,Unidata missing; GPKG empty
pair,yearbuilt,26408058,San Jose,[blank],,Unidata missing; GPKG empty
pair,yearbuilt,26408060,San Jose,[blank],,Unidata missing; GPKG empty
pair,address,26408061,San Jose,[blank],,Unidata missing; GPKG empty
pair,yearbuilt,26408061,San Jose,[blank],,Unidata missing; GPKG empty
pair,yearbuilt,26408067,San Jose,[blank],,Unidata missing; GPKG empty
pair,yearbuilt,26408068,San Jose,[blank],,Unidata missing; GPKG empty
pair,yearbuilt,26408069,San Jose,[blank],,Unidata missing; GPKG empty
pair,yearbuilt,26408075,San Jose,[blank],,Unidata missing; GPKG empty
pair,yearbuilt,26408082,San Jose,[blank],,Unidata missing; GPKG empty
pair,yearbuilt,26409029,San Jose,[blank],,Unidata missing; GPKG empty
pair,zoning,26409029,San Jose,[blank],,Unidata missing; GPKG empty
pair,yearbuilt,26410010,San Jose,[blank],,Unidata missing; GPKG empty
pair,yearbuilt,26410011,San Jose,[blank],,Unidata missing; GPKG empty
pair,yearbuilt,26410012,San Jose,[blank],,Unidata missing; GPKG empty
pair,yearbuilt,26410016,San Jose,[blank],,Unidata missing; GPKG empty
pair,yearbuilt,26410017,San Jose,[blank],,Unidata missing; GPKG empty
pair,yearbuilt,26410027,San Jose,[blank],,Unidata missing; GPKG empty
pair,yearbuilt,26410032,San Jose,[blank],,Unidata missing; GPKG empty
pair,yearbuilt,26410033,San Jose,[blank],,Unidata missing; GPKG empty
pair,yearbuilt,26410039,San Jose,[blank],,Unidata missing; GPKG empty
pair,yearbuilt,26410040,San Jose,[blank],,Unidata missing; GPKG empty
pair,yearbuilt,26410051,San Jose,[blank],,Unidata missing; GPKG empty
pair,yearbuilt,26410058,San Jose,[blank],,Unidata missing; GPKG empty
pair,yearbuilt,26410059,San Jose,[blank],,Unidata missing; GPKG empty
pair,yearbuilt,26410066,San Jose,[blank],,Unidata missing; GPKG empty
pair,yearbuilt,26410067,San Jose,[blank],,Unidata missing; GPKG empty
pair,yearbuilt,26410068,San Jose,[blank],,Unidata missing; GPKG empty
pair,address,26411002,San Jose,[blank],,Unidata missing; GPKG empty
pair,yearbuilt,26411002,San Jose,[blank],,Unidata missing; GPKG empty
pair,yearbuilt,26411004,San Jose,[blank],,Unidata missing; GPKG empty
pair,yearbuilt,26411011,San Jose,[blank],,Unidata missing; GPKG empty
pair,yearbuilt,26411015,San Jose,[blank],,Unidata missing; GPKG empty
pair,yearbuilt,26411024,San Jose,[blank],,Unidata missing; GPKG empty
pair,yearbuilt,26411025,San Jose,[blank],,Unidata missing; GPKG empty
pair,yearbuilt,26411026,San Jose,[blank],,Unidata missing; GPKG empty
pair,yearbuilt,26411027,San Jose,[blank],,Unidata missing; GPKG empty
pair,yearbuilt,26411028,San Jose,[blank],,Unidata missing; GPKG empty
pair,yearbuilt,26411034,San Jose,[blank],,Unidata missing; GPKG empty
pair,yearbuilt,26411050,San Jose,[blank],,Unidata missing; GPKG empty
pair,yearbuilt,26411052,San Jose,[blank],,Unidata missing; GPKG empty
pair,yearbuilt,26411064,San Jose,[blank],,Unidata missing; GPKG empty
pair,yearbuilt,26411074,San Jose,[blank],,Unidata missing; GPKG empty
pair,yearbuilt,26411083,San Jose,[blank],,Unidata missing; GPKG empty
pair,yearbuilt,26411086,San Jose,[blank],,Unidata missing; GPKG empty
pair,yearbuilt,26411091,San Jose,[blank],,Unidata missing; GPKG empty
pair,yearbuilt,26411094,San Jose,[blank],,Unidata missing; GPKG empty
pair,yearbuilt,26411099,San Jose,[blank],,Unidata missing; GPKG empty
pair,yearbuilt,26411100,San Jose,[blank],,Unidata missing; GPKG empty
pair,yearbuilt,26411101,San Jose,[blank],,Unidata missing; GPKG empty
pair,yearbuilt,26411102,San Jose,[blank],,Unidata missing; GPKG empty
pair,yearbuilt,26411103,San Jose,[blank],,Unidata missing; GPKG empty
pair,yearbuilt,26411109,San Jose,[blank],,Unidata missing; GPKG empty
pair,yearbuilt,26411111,San Jose,[blank],,Unidata missing; GPKG empty
pair,yearbuilt,26411113,San Jose,[blank],,Unidata missing; GPKG empty
pair,yearbuilt,26411114,San Jose,[blank],,Unidata missing; GPKG empty
pair,yearbuilt,26412010,San Jose,[blank],,Unidata missing; GPKG empty
pair,yearbuilt,26412012,San Jose,[blank],,Unidata missing; GPKG empty
pair,yearbuilt,26412024,San Jose,[blank],,Unidata missing; GPKG empty
pair,yearbuilt,26412027,San Jose,[blank],,Unidata missing; GPKG empty
pair,yearbuilt,26412031,San Jose,[blank],,Unidata missing; GPKG empty
pair,yearbuilt,26412032,San Jose,[blank],,Unidata missing; GPKG empty
pair,yearbuilt,26412035,San Jose,[blank],,Unidata missing; GPKG empty
pair,yearbuilt,26412036,San Jose,[blank],,Unidata missing; GPKG empty
pair,address,26413015,San Jose,[blank],,Unidata missing; GPKG empty
pair,yearbuilt,26413015,San Jose,[blank],,Unidata missing; GPKG empty
pair,yearbuilt,26414014,San Jose,[blank],,Unidata missing; GPKG empty
pair,yearbuilt,26414027,San Jose,[blank],,Unidata missing; GPKG empty
pair,yearbuilt,26414043,San Jose,[blank],,Unidata missing; GPKG empty
pair,yearbuilt,26414054,San Jose,[blank],,Unidata missing; GPKG empty
pair,yearbuilt,26414070,San Jose,[blank],,Unidata missing; GPKG empty
pair,yearbuilt,26414077,San Jose,[blank],,Unidata missing; GPKG empty
pair,yearbuilt,26414078,San Jose,[blank],,Unidata missing; GPKG empty
pair,yearbuilt,26414079,San Jose,[blank],,Unidata missing; GPKG empty
pair,yearbuilt,26414087,San Jose,[blank],,Unidata missing; GPKG empty
pair,yearbuilt,26414096,San Jose,[blank],,Unidata missing; GPKG empty
pair,yearbuilt,26414098,San Jose,[blank],,Unidata missing; GPKG empty
pair,yearbuilt,26414106,San Jose,[blank],,Unidata missing; GPKG empty
pair,yearbuilt,26414123,San Jose,[blank],,Unidata missing; GPKG empty
pair,yearbuilt,26414132,San Jose,[blank],,Unidata missing; GPKG empty
pair,yearbuilt,26415002,San Jose,[blank],,Unidata missing; GPKG empty
pair,yearbuilt,26415015,San Jose,[blank],,Unidata missing; GPKG empty
pair,yearbuilt,26415016,San Jose,[blank],,Unidata missing; GPKG empty
pair,yearbuilt,26415017,San Jose,[blank],,Unidata missing; GPKG empty
pair,yearbuilt,26415018,San Jose,[blank],,Unidata missing; GPKG empty
pair,yearbuilt,26415019,San Jose,[blank],,Unidata missing; GPKG empty
pair,address,26415022,San Jose,[blank],,Unidata missing; GPKG empty
pair,yearbuilt,26415022,San Jose,[blank],,Unidata missing; GPKG empty
pair,yearbuilt,26415029,San Jose,[blank],,Unidata missing; GPKG empty
pair,yearbuilt,26415033,San Jose,[blank],,Unidata missing; GPKG empty
pair,yearbuilt,26415034,San Jose,[blank],,Unidata missing; GPKG empty
pair,address,26415036,San Jose,[blank],,Unidata missing; GPKG empty
pair,yearbuilt,26415036,San Jose,[blank],,Unidata missing; GPKG empty
pair,address,26415038,San Jose,[blank],,Unidata missing; GPKG empty
pair,yearbuilt,26415038,San Jose,[blank],,Unidata missing; GPKG empty
pair,zoning,26415038,San Jose,[blank],,Unidata missing; GPKG empty
pair,yearbuilt,26415063,San Jose,[blank],,Unidata missing; GPKG empty
pair,yearbuilt,26415065,San Jose,[blank],,Unidata missing; GPKG empty
pair,yearbuilt,26415066,San Jose,[blank],,Unidata missing; GPKG empty
pair,yearbuilt,26416028,San Jose,[blank],,Unidata missing; GPKG empty
pair,yearbuilt,26416029,San Jose,[blank],,Unidata missing; GPKG empty
pair,yearbuilt,26416041,San Jose,[blank],,Unidata missing; GPKG empty
pair,address,26416042,San Jose,[blank],,Unidata missing; GPKG empty
pair,yearbuilt,26416042,San Jose,[blank],,Unidata missing; GPKG empty
pair,yearbuilt,26416045,San Jose,[blank],,Unidata missing; GPKG empty
pair,yearbuilt,26416046,San Jose,[blank],,Unidata missing; GPKG empty
pair,yearbuilt,26417001,San Jose,[blank],,Unidata missing; GPKG empty
pair,yearbuilt,26417011,San Jose,[blank],,Unidata missing; GPKG empty
pair,yearbuilt,26417013,San Jose,[blank],,Unidata missing; GPKG empty
pair,yearbuilt,26417015,San Jose,[blank],,Unidata missing; GPKG empty
pair,yearbuilt,26417098,San Jose,[blank],,Unidata missing; GPKG empty
pair,yearbuilt,26417101,San Jose,[blank],,Unidata missing; GPKG empty
pair,yearbuilt,26417103,San Jose,[blank],,Unidata missing; GPKG empty
pair,yearbuilt,26417105,San Jose,[blank],,Unidata missing; GPKG empty
pair,yearbuilt,26418047,San Jose,[blank],,Unidata missing; GPKG empty
pair,yearbuilt,26418052,San Jose,[blank],,Unidata missing; GPKG empty
pair,yearbuilt,26419037,San Jose,[blank],,Unidata missing; GPKG empty
pair,yearbuilt,26419067,San Jose,[blank],,Unidata missing; GPKG empty
pair,yearbuilt,26419078,San Jose,[blank],,Unidata missing; GPKG empty
pair,yearbuilt,26420011,San Jose,[blank],,Unidata missing; GPKG empty
pair,yearbuilt,26420047,San Jose,[blank],,Unidata missing; GPKG empty
pair,yearbuilt,26420063,San Jose,[blank],,Unidata missing; GPKG empty
pair,yearbuilt,26420064,San Jose,[blank],,Unidata missing; GPKG empty
pair,yearbuilt,26420065,San Jose,[blank],,Unidata missing; GPKG empty
pair,yearbuilt,26420073,San Jose,[blank],,Unidata missing; GPKG empty
pair,yearbuilt,26420074,San Jose,[blank],,Unidata missing; GPKG empty
pair,yearbuilt,26420089,San Jose,[blank],,Unidata missing; GPKG empty
pair,yearbuilt,26420090,San Jose,[blank],,Unidata missing; GPKG empty
pair,yearbuilt,26420106,San Jose,[blank],,Unidata missing; GPKG empty
pair,yearbuilt,26420108,San Jose,[blank],,Unidata missing; GPKG empty
pair,yearbuilt,26420110,San Jose,[blank],,Unidata missing; GPKG empty
pair,yearbuilt,26420128,San Jose,[blank],,Unidata missing; GPKG empty
pair,yearbuilt,26420133,San Jose,[blank],,Unidata missing; GPKG empty
pair,yearbuilt,26421005,San Jose,[blank],,Unidata missing; GPKG empty
pair,yearbuilt,26421073,San Jose,[blank],,Unidata missing; GPKG empty
pair,address,26422029,San Jose,[blank],,Unidata missing; GPKG empty
pair,yearbuilt,26422029,San Jose,[blank],,Unidata missing; GPKG empty
pair,yearbuilt,26422055,San Jose,[blank],,Unidata missing; GPKG empty
pair,yearbuilt,26423030,San Jose,[blank],,Unidata missing; GPKG empty
pair,yearbuilt,26423079,San Jose,[blank],,Unidata missing; GPKG empty
pair,yearbuilt,26424060,San Jose,[blank],,Unidata missing; GPKG empty
pair,yearbuilt,26424078,San Jose,[blank],,Unidata missing; GPKG empty
pair,yearbuilt,26424079,San Jose,[blank],,Unidata missing; GPKG empty
pair,address,26425125,San Jose,[blank],,Unidata missing; GPKG empty
pair,yearbuilt,26425125,San Jose,[blank],,Unidata missing; GPKG empty
pair,yearbuilt,26425126,San Jose,[blank],,Unidata missing; GPKG empty
pair,yearbuilt,26425127,San Jose,[blank],,Unidata missing; GPKG empty
pair,yearbuilt,26425128,San Jose,[blank],,Unidata missing; GPKG empty
pair,yearbuilt,26426002,San Jose,[blank],,Unidata missing; GPKG empty
pair,yearbuilt,26426020,San Jose,[blank],,Unidata missing; GPKG empty
pair,yearbuilt,26426021,San Jose,[blank],,Unidata missing; GPKG empty
pair,yearbuilt,26426022,San Jose,[blank],,Unidata missing; GPKG empty
pair,yearbuilt,26426030,San Jose,[blank],,Unidata missing; GPKG empty
pair,yearbuilt,26426037,San Jose,[blank],,Unidata missing; GPKG empty
pair,yearbuilt,26426094,San Jose,[blank],,Unidata missing; GPKG empty
pair,yearbuilt,26426099,San Jose,[blank],,Unidata missing; GPKG empty
pair,yearbuilt,26426100,San Jose,[blank],,Unidata missing; GPKG empty
pair,zoning,26426100,San Jose,[blank],,Unidata missing; GPKG empty
pair,yearbuilt,26426101,San Jose,[blank],,Unidata missing; GPKG empty
pair,yearbuilt,26426102,San Jose,[blank],,Unidata missing; GPKG empty
pair,yearbuilt,26426103,San Jose,[blank],,Unidata missing; GPKG empty
pair,yearbuilt,26427082,San Jose,[blank],,Unidata missing; GPKG empty
pair,yearbuilt,26427085,San Jose,[blank],,Unidata missing; GPKG empty
pair,yearbuilt,26427086,San Jose,[blank],,Unidata missing; GPKG empty
pair,yearbuilt,26427087,San Jose,[blank],,Unidata missing; GPKG empty
pair,yearbuilt,26427088,San Jose,[blank],,Unidata missing; GPKG empty
pair,yearbuilt,26428019,San Jose,[blank],,Unidata missing; GPKG empty
pair,yearbuilt,26428022,San Jose,[blank],,Unidata missing; GPKG empty
pair,yearbuilt,26428024,San Jose,[blank],,Unidata missing; GPKG empty
pair,yearbuilt,26428025,San Jose,[blank],,Unidata missing; GPKG empty
pair,yearbuilt,26428028,San Jose,[blank],,Unidata missing; GPKG empty
pair,yearbuilt,26428144,San Jose,[blank],,Unidata missing; GPKG empty
pair,yearbuilt,26428149,San Jose,[blank],,Unidata missing; GPKG empty
pair,yearbuilt,26428153,San Jose,[blank],,Unidata missing; GPKG empty
pair,yearbuilt,26428154,San Jose,[blank],,Unidata missing; GPKG empty
pair,yearbuilt,26428157,San Jose,[blank],,Unidata missing; GPKG empty
pair,yearbuilt,26428158,San Jose,[blank],,Unidata missing; GPKG empty
pair,yearbuilt,26428160,San Jose,[blank],,Unidata missing; GPKG empty
pair,yearbuilt,26428161,San Jose,[blank],,Unidata missing; GPKG empty
pair,yearbuilt,26428162,San Jose,[blank],,Unidata missing; GPKG empty
pair,yearbuilt,26428163,San Jose,[blank],,Unidata missing; GPKG empty
pair,yearbuilt,26428167,San Jose,[blank],,Unidata missing; GPKG empty
pair,yearbuilt,26428168,San Jose,[blank],,Unidata missing; GPKG empty
pair,yearbuilt,26428169,San Jose,[blank],,Unidata missing; GPKG empty
pair,yearbuilt,26428172,San Jose,[blank],,Unidata missing; GPKG empty
pair,yearbuilt,26428173,San Jose,[blank],,Unidata missing; GPKG empty
pair,yearbuilt,26428174,San Jose,[blank],,Unidata missing; GPKG empty
pair,yearbuilt,26428175,San Jose,[blank],,Unidata missing; GPKG empty
pair,yearbuilt,26428176,San Jose,[blank],,Unidata missing; GPKG empty
pair,yearbuilt,26428177,San Jose,[blank],,Unidata missing; GPKG empty
pair,yearbuilt,26428178,San Jose,[blank],,Unidata missing; GPKG empty
pair,address,26429072,San Jose,[blank],,Unidata missing; GPKG empty
pair,yearbuilt,26429072,San Jose,[blank],,Unidata missing; GPKG empty
pair,yearbuilt,26429092,San Jose,[blank],,Unidata missing; GPKG empty
pair,yearbuilt,26429095,San Jose,[blank],,Unidata missing; GPKG empty
pair,address,26429096,San Jose,[blank],,Unidata missing; GPKG empty
pair,yearbuilt,26429096,San Jose,[blank],,Unidata missing; GPKG empty
pair,yearbuilt,26429097,San Jose,[blank],,Unidata missing; GPKG empty
pair,yearbuilt,26429098,San Jose,[blank],,Unidata missing; GPKG empty
pair,yearbuilt,26429103,San Jose,[blank],,Unidata missing; GPKG empty
pair,yearbuilt,26429104,San Jose,[blank],,Unidata missing; GPKG empty
pair,yearbuilt,26429108,San Jose,[blank],,Unidata missing; GPKG empty
pair,yearbuilt,26429113,San Jose,[blank],,Unidata missing; GPKG empty
pair,yearbuilt,26430010,San Jose,[blank],,Unidata missing; GPKG empty
pair,yearbuilt,26430011,San Jose,[blank],,Unidata missing; GPKG empty
pair,yearbuilt,26430012,San Jose,[blank],,Unidata missing; GPKG empty
pair,yearbuilt,26430013,San Jose,[blank],,Unidata missing; GPKG empty
pair,yearbuilt,26430014,San Jose,[blank],,Unidata missing; GPKG empty
pair,yearbuilt,26430016,San Jose,[blank],,Unidata missing; GPKG empty
pair,yearbuilt,26430017,San Jose,[blank],,Unidata missing; GPKG empty
pair,yearbuilt,26430018,San Jose,[blank],,Unidata missing; GPKG empty
pair,yearbuilt,26430019,San Jose,[blank],,Unidata missing; GPKG empty
pair,yearbuilt,26430020,San Jose,[blank],,Unidata missing; GPKG empty
pair,yearbuilt,26430021,San Jose,[blank],,Unidata missing; GPKG empty
pair,yearbuilt,26430022,San Jose,[blank],,Unidata missing; GPKG empty
pair,yearbuilt,26430023,San Jose,[blank],,Unidata missing; GPKG empty
pair,yearbuilt,26430024,San Jose,[blank],,Unidata missing; GPKG empty
pair,yearbuilt,26430025,San Jose,[blank],,Unidata missing; GPKG empty
pair,yearbuilt,26430026,San Jose,[blank],,Unidata missing; GPKG empty
pair,yearbuilt,26430027,San Jose,[blank],,Unidata missing; GPKG empty
pair,yearbuilt,26430028,San Jose,[blank],,Unidata missing; GPKG empty
pair,yearbuilt,26430035,San Jose,[blank],,Unidata missing; GPKG empty
pair,yearbuilt,26430081,San Jose,[blank],,Unidata missing; GPKG empty
pair,yearbuilt,26430082,San Jose,[blank],,Unidata missing; GPKG empty
pair,yearbuilt,26430087,San Jose,[blank],,Unidata missing; GPKG empty
pair,yearbuilt,26430113,San Jose,[blank],,Unidata missing; GPKG empty
pair,yearbuilt,26430136,San Jose,[blank],,Unidata missing; GPKG empty
pair,yearbuilt,26431006,San Jose,[blank],,Unidata missing; GPKG empty
pair,yearbuilt,26431007,San Jose,[blank],,Unidata missing; GPKG empty
pair,yearbuilt,26431008,San Jose,[blank],,Unidata missing; GPKG empty
pair,yearbuilt,26431014,San Jose,[blank],,Unidata missing; GPKG empty
pair,yearbuilt,26431061,San Jose,[blank],,Unidata missing; GPKG empty
pair,yearbuilt,26431068,San Jose,[blank],,Unidata missing; GPKG empty
pair,yearbuilt,26431101,San Jose,[blank],,Unidata missing; GPKG empty
pair,yearbuilt,26431102,San Jose,[blank],,Unidata missing; GPKG empty
pair,yearbuilt,26431106,San Jose,[blank],,Unidata missing; GPKG empty
pair,yearbuilt,26431109,San Jose,[blank],,Unidata missing; GPKG empty
pair,yearbuilt,26431110,San Jose,[blank],,Unidata missing; GPKG empty
pair,yearbuilt,26432017,San Jose,[blank],,Unidata missing; GPKG empty
pair,yearbuilt,26432021,San Jose,[blank],,Unidata missing; GPKG empty
pair,yearbuilt,26432022,San Jose,[blank],,Unidata missing; GPKG empty
pair,yearbuilt,26432026,San Jose,[blank],,Unidata missing; GPKG empty
pair,yearbuilt,26432080,San Jose,[blank],,Unidata missing; GPKG empty
pair,yearbuilt,26432081,San Jose,[blank],,Unidata missing; GPKG empty
pair,yearbuilt,26433026,San Jose,[blank],,Unidata missing; GPKG empty
pair,yearbuilt,26433057,San Jose,[blank],,Unidata missing; GPKG empty
pair,yearbuilt,26434042,San Jose,[blank],,Unidata missing; GPKG empty
pair,yearbuilt,26434043,San Jose,[blank],,Unidata missing; GPKG empty
pair,yearbuilt,26434045,San Jose,[blank],,Unidata missing; GPKG empty
pair,yearbuilt,26434067,San Jose,[blank],,Unidata missing; GPKG empty
pair,yearbuilt,26434068,San Jose,[blank],,Unidata missing; GPKG empty
pair,yearbuilt,26434069,San Jose,[blank],,Unidata missing; GPKG empty
pair,yearbuilt,26434075,San Jose,[blank],,Unidata missing; GPKG empty
pair,yearbuilt,26434076,San Jose,[blank],,Unidata missing; GPKG empty
pair,yearbuilt,26435017,San Jose,[blank],,Unidata missing; GPKG empty
pair,yearbuilt,26435019,San Jose,[blank],,Unidata missing; GPKG empty
pair,yearbuilt,26435021,San Jose,[blank],,Unidata missing; GPKG empty
pair,yearbuilt,26435026,San Jose,[blank],,Unidata missing; GPKG empty
pair,yearbuilt,26435027,San Jose,[blank],,Unidata missing; GPKG empty
pair,yearbuilt,26435029,San Jose,[blank],,Unidata missing; GPKG empty
pair,yearbuilt,26435039,San Jose,[blank],,Unidata missing; GPKG empty
pair,yearbuilt,26435040,San Jose,[blank],,Unidata missing; GPKG empty
pair,yearbuilt,26435041,San Jose,[blank],,Unidata missing; GPKG empty
pair,yearbuilt,26435042,San Jose,[blank],,Unidata missing; GPKG empty
pair,yearbuilt,26435043,San Jose,[blank],,Unidata missing; GPKG empty
pair,yearbuilt,26435093,San Jose,[blank],,Unidata missing; GPKG empty
pair,yearbuilt,26435096,San Jose,[blank],,Unidata missing; GPKG empty
pair,yearbuilt,26435097,San Jose,[blank],,Unidata missing; GPKG empty
pair,yearbuilt,26435099,San Jose,[blank],,Unidata missing; GPKG empty
pair,yearbuilt,26435100,San Jose,[blank],,Unidata missing; GPKG empty
pair,yearbuilt,26435101,San Jose,[blank],,Unidata missing; GPKG empty
pair,zoning,26435101,San Jose,[blank],,Unidata missing; GPKG empty
pair,yearbuilt,26435102,San Jose,[blank],,Unidata missing; GPKG empty
pair,yearbuilt,26436012,San Jose,[blank],,Unidata missing; GPKG empty
pair,yearbuilt,26436069,San Jose,[blank],,Unidata missing; GPKG empty
pair,yearbuilt,26436074,San Jose,[blank],,Unidata missing; GPKG empty
pair,yearbuilt,26436122,San Jose,[blank],,Unidata missing; GPKG empty
pair,yearbuilt,26436123,San Jose,[blank],,Unidata missing; GPKG empty
pair,yearbuilt,26436124,San Jose,[blank],,Unidata missing; GPKG empty
pair,yearbuilt,26436127,San Jose,[blank],,Unidata missing; GPKG empty
pair,yearbuilt,26436142,San Jose,[blank],,Unidata missing; GPKG empty
pair,yearbuilt,26437012,San Jose,[blank],,Unidata missing; GPKG empty
pair,yearbuilt,26437033,San Jose,[blank],,Unidata missing; GPKG empty
pair,yearbuilt,26437034,San Jose,[blank],,Unidata missing; GPKG empty
pair,yearbuilt,26437035,San Jose,[blank],,Unidata missing; GPKG empty
pair,yearbuilt,26437067,San Jose,[blank],,Unidata missing; GPKG empty
pair,yearbuilt,26437077,San Jose,[blank],,Unidata missing; GPKG empty
pair,yearbuilt,26437084,San Jose,[blank],,Unidata missing; GPKG empty
pair,yearbuilt,26437086,San Jose,[blank],,Unidata missing; GPKG empty
pair,yearbuilt,26437089,San Jose,[blank],,Unidata missing; GPKG empty
pair,yearbuilt,26437091,San Jose,[blank],,Unidata missing; GPKG empty
pair,yearbuilt,26438053,San Jose,[blank],,Unidata missing; GPKG empty
pair,yearbuilt,26438085,San Jose,[blank],,Unidata missing; GPKG empty
pair,yearbuilt,26438091,San Jose,[blank],,Unidata missing; GPKG empty
pair,yearbuilt,26438092,San Jose,[blank],,Unidata missing; GPKG empty
pair,yearbuilt,26438093,San Jose,[blank],,Unidata missing; GPKG empty
pair,yearbuilt,26438104,San Jose,[blank],,Unidata missing; GPKG empty
pair,yearbuilt,26439021,San Jose,[blank],,Unidata missing; GPKG empty
pair,yearbuilt,26439023,San Jose,[blank],,Unidata missing; GPKG empty
pair,yearbuilt,26439024,San Jose,[blank],,Unidata missing; GPKG empty
pair,yearbuilt,26440013,San Jose,[blank],,Unidata missing; GPKG empty
pair,yearbuilt,26440038,San Jose,[blank],,Unidata missing; GPKG empty
pair,yearbuilt,26440042,San Jose,[blank],,Unidata missing; GPKG empty
pair,yearbuilt,26440071,San Jose,[blank],,Unidata missing; GPKG empty
pair,yearbuilt,26440078,San Jose,[blank],,Unidata missing; GPKG empty
pair,yearbuilt,26440081,San Jose,[blank],,Unidata missing; GPKG empty
pair,yearbuilt,26440085,San Jose,[blank],,Unidata missing; GPKG empty
pair,yearbuilt,26440092,San Jose,[blank],,Unidata missing; GPKG empty
pair,yearbuilt,26440093,San Jose,[blank],,Unidata missing; GPKG empty
pair,yearbuilt,26440095,San Jose,[blank],,Unidata missing; GPKG empty
pair,address,26440101,San Jose,[blank],,Unidata missing; GPKG empty
pair,yearbuilt,26440101,San Jose,[blank],,Unidata missing; GPKG empty
pair,yearbuilt,26440103,San Jose,[blank],,Unidata missing; GPKG empty
pair,yearbuilt,26440116,San Jose,[blank],,Unidata missing; GPKG empty
pair,yearbuilt,26440117,San Jose,[blank],,Unidata missing; GPKG empty
pair,yearbuilt,26440118,San Jose,[blank],,Unidata missing; GPKG empty
pair,address,26440119,San Jose,[blank],,Unidata missing; GPKG empty
pair,yearbuilt,26440119,San Jose,[blank],,Unidata missing; GPKG empty
pair,address,26440120,San Jose,[blank],,Unidata missing; GPKG empty
pair,yearbuilt,26440120,San Jose,[blank],,Unidata missing; GPKG empty
pair,yearbuilt,26440122,San Jose,[blank],,Unidata missing; GPKG empty
pair,yearbuilt,26440124,San Jose,[blank],,Unidata missing; GPKG empty
pair,yearbuilt,26440125,San Jose,[blank],,Unidata missing; GPKG empty
pair,yearbuilt,26440126,San Jose,[blank],,Unidata missing; GPKG empty
pair,yearbuilt,26440129,San Jose,[blank],,Unidata missing; GPKG empty
pair,yearbuilt,26441060,San Jose,[blank],,Unidata missing; GPKG empty
pair,address,26441066,San Jose,[blank],,Unidata missing; GPKG empty
pair,yearbuilt,26441066,San Jose,[blank],,Unidata missing; GPKG empty
pair,yearbuilt,26441069,San Jose,[blank],,Unidata missing; GPKG empty
pair,yearbuilt,26441074,San Jose,[blank],,Unidata missing; GPKG empty
pair,address,26441087,San Jose,[blank],,Unidata missing; GPKG empty
pair,yearbuilt,26441087,San Jose,[blank],,Unidata missing; GPKG empty
pair,address,26441089,San Jose,[blank],,Unidata missing; GPKG empty
pair,yearbuilt,26441089,San Jose,[blank],,Unidata missing; GPKG empty
pair,address,26441091,San Jose,[blank],,Unidata missing; GPKG empty
pair,yearbuilt,26441091,San Jose,[blank],,Unidata missing; GPKG empty
pair,address,26442001,San Jose,[blank],,Unidata missing; GPKG empty
pair,yearbuilt,26442001,San Jose,[blank],,Unidata missing; GPKG empty
pair,yearbuilt,26442013,San Jose,[blank],,Unidata missing; GPKG empty
pair,address,26442041,San Jose,[blank],,Unidata missing; GPKG empty
pair,yearbuilt,26442041,San Jose,[blank],,Unidata missing; GPKG empty
pair,address,26442099,San Jose,[blank],,Unidata missing; GPKG empty
pair,yearbuilt,26442099,San Jose,[blank],,Unidata missing; GPKG empty
pair,address,26442108,San Jose,[blank],,Unidata missing; GPKG empty
pair,yearbuilt,26442108,San Jose,[blank],,Unidata missing; GPKG empty
pair,yearbuilt,26442109,San Jose,[blank],,Unidata missing; GPKG empty
pair,yearbuilt,26442111,San Jose,[blank],,Unidata missing; GPKG empty
pair,yearbuilt,26442117,San Jose,[blank],,Unidata missing; GPKG empty
pair,yearbuilt,26443071,San Jose,[blank],,Unidata missing; GPKG empty
pair,yearbuilt,26443073,San Jose,[blank],,Unidata missing; GPKG empty
pair,address,26443075,San Jose,[blank],,Unidata missing; GPKG empty
pair,yearbuilt,26443075,San Jose,[blank],,Unidata missing; GPKG empty
pair,address,26443076,San Jose,[blank],,Unidata missing; GPKG empty
pair,yearbuilt,26443076,San Jose,[blank],,Unidata missing; GPKG empty
pair,yearbuilt,26443078,San Jose,[blank],,Unidata missing; GPKG empty
pair,yearbuilt,26444082,San Jose,[blank],,Unidata missing; GPKG empty
pair,yearbuilt,26446179,San Jose,[blank],,Unidata missing; GPKG empty
pair,yearbuilt,26447039,San Jose,[blank],,Unidata missing; GPKG empty
pair,yearbuilt,26447071,San Jose,[blank],,Unidata missing; GPKG empty
pair,address,26447120,San Jose,[blank],,Unidata missing; GPKG empty
pair,yearbuilt,26447120,San Jose,[blank],,Unidata missing; GPKG empty
pair,yearbuilt,26447122,San Jose,[blank],,Unidata missing; GPKG empty
pair,address,26447124,San Jose,[blank],,Unidata missing; GPKG empty
pair,yearbuilt,26447124,San Jose,[blank],,Unidata missing; GPKG empty
pair,yearbuilt,26448001,San Jose,[blank],,Unidata missing; GPKG empty
pair,yearbuilt,26448006,San Jose,[blank],,Unidata missing; GPKG empty
pair,yearbuilt,26448010,San Jose,[blank],,Unidata missing; GPKG empty
pair,yearbuilt,26448084,San Jose,[blank],,Unidata missing; GPKG empty
pair,yearbuilt,26448090,San Jose,[blank],,Unidata missing; GPKG empty
pair,yearbuilt,26448092,San Jose,[blank],,Unidata missing; GPKG empty
pair,yearbuilt,26448094,San Jose,[blank],,Unidata missing; GPKG empty
pair,yearbuilt,26448097,San Jose,[blank],,Unidata missing; GPKG empty
pair,yearbuilt,26448098,San Jose,[blank],,Unidata missing; GPKG empty
pair,yearbuilt,26448103,San Jose,[blank],,Unidata missing; GPKG empty
pair,zoning,26448103,San Jose,[blank],,Unidata missing; GPKG empty
pair,yearbuilt,26448104,San Jose,[blank],,Unidata missing; GPKG empty
pair,yearbuilt,26448105,San Jose,[blank],,Unidata missing; GPKG empty
pair,address,26448107,San Jose,[blank],,Unidata missing; GPKG empty
pair,yearbuilt,26448107,San Jose,[blank],,Unidata missing; GPKG empty
pair,yearbuilt,26448108,San Jose,[blank],,Unidata missing; GPKG empty
pair,yearbuilt,26448109,San Jose,[blank],,Unidata missing; GPKG empty
pair,yearbuilt,26448110,San Jose,[blank],,Unidata missing; GPKG empty
pair,yearbuilt,26448113,San Jose,[blank],,Unidata missing; GPKG empty
pair,address,26448116,San Jose,[blank],,Unidata missing; GPKG empty
pair,yearbuilt,26448116,San Jose,[blank],,Unidata missing; GPKG empty
pair,address,26448117,San Jose,[blank],,Unidata missing; GPKG empty
pair,yearbuilt,26448117,San Jose,[blank],,Unidata missing; GPKG empty
pair,address,26448118,San Jose,[blank],,Unidata missing; GPKG empty
pair,yearbuilt,26448118,San Jose,[blank],,Unidata missing; GPKG empty
pair,yearbuilt,26448119,San Jose,[blank],,Unidata missing; GPKG empty
pair,yearbuilt,26448123,San Jose,[blank],,Unidata missing; GPKG empty
pair,yearbuilt,26448124,San Jose,[blank],,Unidata missing; GPKG empty
pair,yearbuilt,26448125,San Jose,[blank],,Unidata missing; GPKG empty
pair,yearbuilt,26448126,San Jose,[blank],,Unidata missing; GPKG empty
pair,yearbuilt,26448127,San Jose,[blank],,Unidata missing; GPKG empty
pair,yearbuilt,26448128,San Jose,[blank],,Unidata missing; GPKG empty
pair,yearbuilt,26448129,San Jose,[blank],,Unidata missing; GPKG empty
pair,zoning,26448129,San Jose,[blank],,Unidata missing; GPKG empty
pair,yearbuilt,26448130,San Jose,[blank],,Unidata missing; GPKG empty
pair,yearbuilt,26451014,San Jose,[blank],,Unidata missing; GPKG empty
pair,yearbuilt,26451090,San Jose,[blank],,Unidata missing; GPKG empty
pair,yearbuilt,26451098,San Jose,[blank],,Unidata missing; GPKG empty
pair,address,26452035,San Jose,[blank],,Unidata missing; GPKG empty
pair,yearbuilt,26452035,San Jose,[blank],,Unidata missing; GPKG empty
pair,address,26452064,San Jose,[blank],,Unidata missing; GPKG empty
pair,yearbuilt,26452064,San Jose,[blank],,Unidata missing; GPKG empty
pair,yearbuilt,26453016,San Jose,[blank],,Unidata missing; GPKG empty
pair,yearbuilt,26453017,San Jose,[blank],,Unidata missing; GPKG empty
pair,yearbuilt,26453043,San Jose,[blank],,Unidata missing; GPKG empty
pair,yearbuilt,26453044,San Jose,[blank],,Unidata missing; GPKG empty
pair,yearbuilt,26453049,San Jose,[blank],,Unidata missing; GPKG empty
pair,yearbuilt,26454067,San Jose,[blank],,Unidata missing; GPKG empty
pair,yearbuilt,26455057,San Jose,[blank],,Unidata missing; GPKG empty
pair,yearbuilt,26456019,San Jose,[blank],,Unidata missing; GPKG empty
pair,yearbuilt,26456022,San Jose,[blank],,Unidata missing; GPKG empty
pair,yearbuilt,26456032,San Jose,[blank],,Unidata missing; GPKG empty
pair,yearbuilt,26456080,San Jose,[blank],,Unidata missing; GPKG empty
pair,yearbuilt,26456090,San Jose,[blank],,Unidata missing; GPKG empty
pair,yearbuilt,26456091,San Jose,[blank],,Unidata missing; GPKG empty
pair,yearbuilt,26456108,San Jose,[blank],,Unidata missing; GPKG empty
pair,yearbuilt,26457004,San Jose,[blank],,Unidata missing; GPKG empty
pair,address,26457014,San Jose,[blank],,Unidata missing; GPKG empty
pair,yearbuilt,26457014,San Jose,[blank],,Unidata missing; GPKG empty
pair,yearbuilt,26457037,San Jose,[blank],,Unidata missing; GPKG empty
pair,yearbuilt,26457038,San Jose,[blank],,Unidata missing; GPKG empty
pair,yearbuilt,26457039,San Jose,[blank],,Unidata missing; GPKG empty
pair,yearbuilt,26458005,San Jose,[blank],,Unidata missing; GPKG empty
pair,yearbuilt,26459083,San Jose,[blank],,Unidata missing; GPKG empty
pair,yearbuilt,26462091,San Jose,[blank],,Unidata missing; GPKG empty
pair,yearbuilt,26471219,San Jose,[blank],,Unidata missing; GPKG empty
pair,yearbuilt,26902037,Santa Clara,[blank],,Unidata missing; GPKG empty
pair,yearbuilt,26902070,Santa Clara,[blank],,Unidata missing; GPKG empty
pair,yearbuilt,26902078,Santa Clara,[blank],,Unidata missing; GPKG empty
pair,yearbuilt,26903006,Santa Clara,[blank],,Unidata missing; GPKG empty
pair,yearbuilt,26903051,Santa Clara,[blank],,Unidata missing; GPKG empty
pair,yearbuilt,26903086,Santa Clara,[blank],,Unidata missing; GPKG empty
pair,yearbuilt,26903122,Santa Clara,[blank],,Unidata missing; GPKG empty
pair,yearbuilt,26903130,Santa Clara,[blank],,Unidata missing; GPKG empty
pair,yearbuilt,26903131,Santa Clara,[blank],,Unidata missing; GPKG empty
pair,yearbuilt,26903132,Santa Clara,[blank],,Unidata missing; GPKG empty
pair,yearbuilt,26905090,Santa Clara,[blank],,Unidata missing; GPKG empty
pair,yearbuilt,26905106,Santa Clara,[blank],,Unidata missing; GPKG empty
pair,yearbuilt,26906015,Santa Clara,[blank],,Unidata missing; GPKG empty
pair,yearbuilt,26906039,Santa Clara,[blank],,Unidata missing; GPKG empty
pair,yearbuilt,26906051,Santa Clara,[blank],,Unidata missing; GPKG empty
pair,address,26906052,Santa Clara,[blank],,Unidata missing; GPKG empty
pair,yearbuilt,26906052,Santa Clara,[blank],,Unidata missing; GPKG empty
pair,yearbuilt,26906053,Santa Clara,[blank],,Unidata missing; GPKG empty
pair,address,26913013,Santa Clara,[blank],,Unidata missing; GPKG empty
pair,yearbuilt,26913013,Santa Clara,[blank],,Unidata missing; GPKG empty
pair,yearbuilt,26913052,Santa Clara,[blank],,Unidata missing; GPKG empty
pair,yearbuilt,26915024,Santa Clara,[blank],,Unidata missing; GPKG empty
pair,yearbuilt,26915056,Santa Clara,[blank],,Unidata missing; GPKG empty
pair,yearbuilt,26915058,Santa Clara,[blank],,Unidata missing; GPKG empty
pair,yearbuilt,26915085,Santa Clara,[blank],,Unidata missing; GPKG empty
pair,yearbuilt,26916024,Santa Clara,[blank],,Unidata missing; GPKG empty
pair,yearbuilt,26916080,Santa Clara,[blank],,Unidata missing; GPKG empty
pair,yearbuilt,26916083,Santa Clara,[blank],,Unidata missing; GPKG empty
pair,yearbuilt,26918021,Santa Clara,[blank],,Unidata missing; GPKG empty
pair,yearbuilt,26918039,Santa Clara,[blank],,Unidata missing; GPKG empty
pair,yearbuilt,26918042,Santa Clara,[blank],,Unidata missing; GPKG empty
pair,yearbuilt,26918043,Santa Clara,[blank],,Unidata missing; GPKG empty
pair,yearbuilt,26919072,Santa Clara,[blank],,Unidata missing; GPKG empty
pair,yearbuilt,26920041,Santa Clara,[blank],,Unidata missing; GPKG empty
pair,yearbuilt,26920044,Santa Clara,[blank],,Unidata missing; GPKG empty
pair,yearbuilt,26920055,Santa Clara,[blank],,Unidata missing; GPKG empty
pair,yearbuilt,26920080,Santa Clara,[blank],,Unidata missing; GPKG empty
pair,yearbuilt,26922084,Santa Clara,[blank],,Unidata missing; GPKG empty
pair,yearbuilt,26922089,Santa Clara,[blank],,Unidata missing; GPKG empty
pair,address,26922093,Santa Clara,[blank],,Unidata missing; GPKG empty
pair,yearbuilt,26922093,Santa Clara,[blank],,Unidata missing; GPKG empty
pair,yearbuilt,26922094,Santa Clara,[blank],,Unidata missing; GPKG empty
pair,yearbuilt,26922097,Santa Clara,[blank],,Unidata missing; GPKG empty
pair,yearbuilt,26922099,Santa Clara,[blank],,Unidata missing; GPKG empty
pair,yearbuilt,26922107,Santa Clara,[blank],,Unidata missing; GPKG empty
pair,address,26922109,Santa Clara,[blank],,Unidata missing; GPKG empty
pair,yearbuilt,26922109,Santa Clara,[blank],,Unidata missing; GPKG empty
pair,yearbuilt,26922112,Santa Clara,[blank],,Unidata missing; GPKG empty
pair,yearbuilt,26923017,Santa Clara,[blank],,Unidata missing; GPKG empty
pair,yearbuilt,26923047,Santa Clara,[blank],,Unidata missing; GPKG empty
pair,yearbuilt,26923073,Santa Clara,[blank],,Unidata missing; GPKG empty
pair,yearbuilt,26923075,Santa Clara,[blank],,Unidata missing; GPKG empty
pair,yearbuilt,26923077,Santa Clara,[blank],,Unidata missing; GPKG empty
pair,yearbuilt,26923078,Santa Clara,[blank],,Unidata missing; GPKG empty
pair,yearbuilt,26923079,Santa Clara,[blank],,Unidata missing; GPKG empty
pair,yearbuilt,26923080,Santa Clara,[blank],,Unidata missing; GPKG empty
pair,yearbuilt,26923081,Santa Clara,[blank],,Unidata missing; GPKG empty
pair,yearbuilt,26923082,Santa Clara,[blank],,Unidata missing; GPKG empty
pair,yearbuilt,26923084,Santa Clara,[blank],,Unidata missing; GPKG empty
pair,yearbuilt,26923085,Santa Clara,[blank],,Unidata missing; GPKG empty
pair,yearbuilt,26923087,Santa Clara,[blank],,Unidata missing; GPKG empty
pair,yearbuilt,26923088,Santa Clara,[blank],,Unidata missing; GPKG empty
pair,yearbuilt,26923089,Santa Clara,[blank],,Unidata missing; GPKG empty
pair,yearbuilt,26923090,Santa Clara,[blank],,Unidata missing; GPKG empty
pair,yearbuilt,26923091,Santa Clara,[blank],,Unidata missing; GPKG empty
pair,yearbuilt,26923092,Santa Clara,[blank],,Unidata missing; GPKG empty
pair,yearbuilt,26926068,Santa Clara,[blank],,Unidata missing; GPKG empty
pair,yearbuilt,26928025,Santa Clara,[blank],,Unidata missing; GPKG empty
pair,yearbuilt,26928028,Santa Clara,[blank],,Unidata missing; GPKG empty
pair,yearbuilt,26928051,Santa Clara,[blank],,Unidata missing; GPKG empty
pair,yearbuilt,26928052,Santa Clara,[blank],,Unidata missing; GPKG empty
pair,yearbuilt,26928053,Santa Clara,[blank],,Unidata missing; GPKG empty
pair,yearbuilt,26928063,Santa Clara,[blank],,Unidata missing; GPKG empty
pair,yearbuilt,26928072,Santa Clara,[blank],,Unidata missing; GPKG empty
pair,yearbuilt,26934040,Santa Clara,[blank],,Unidata missing; GPKG empty
pair,yearbuilt,26934054,Santa Clara,[blank],,Unidata missing; GPKG empty
pair,yearbuilt,26935010,Santa Clara,[blank],,Unidata missing; GPKG empty
pair,address,26935032,Santa Clara,[blank],,Unidata missing; GPKG empty
pair,yearbuilt,26935032,Santa Clara,[blank],,Unidata missing; GPKG empty
pair,yearbuilt,26935067,Santa Clara,[blank],,Unidata missing; GPKG empty
pair,yearbuilt,26936070,Santa Clara,[blank],,Unidata missing; GPKG empty
pair,yearbuilt,26936072,Santa Clara,[blank],,Unidata missing; GPKG empty
pair,yearbuilt,26936082,Santa Clara,[blank],,Unidata missing; GPKG empty
pair,yearbuilt,26938075,Santa Clara,[blank],,Unidata missing; GPKG empty
pair,yearbuilt,26938111,Santa Clara,[blank],,Unidata missing; GPKG empty
pair,yearbuilt,26942011,Santa Clara,[blank],,Unidata missing; GPKG empty
pair,yearbuilt,26943018,Santa Clara,[blank],,Unidata missing; GPKG empty
pair,address,26943039,Santa Clara,[blank],,Unidata missing; GPKG empty
pair,yearbuilt,26943039,Santa Clara,[blank],,Unidata missing; GPKG empty
pair,yearbuilt,26943053,Santa Clara,[blank],,Unidata missing; GPKG empty
pair,yearbuilt,26944026,Santa Clara,[blank],,Unidata missing; GPKG empty
pair,yearbuilt,26944067,Santa Clara,[blank],,Unidata missing; GPKG empty
pair,yearbuilt,26945092,Santa Clara,[blank],,Unidata missing; GPKG empty
pair,yearbuilt,26946037,San Jose,[blank],,Unidata missing; GPKG empty
pair,yearbuilt,26947149,Santa Clara,[blank],,Unidata missing; GPKG empty
pair,yearbuilt,26950010,Santa Clara,[blank],,Unidata missing; GPKG empty
pair,yearbuilt,27403011,San Jose,[blank],,Unidata missing; GPKG empty
pair,yearbuilt,27403037,San Jose,[blank],,Unidata missing; GPKG empty
pair,yearbuilt,27403051,Santa Clara,[blank],,Unidata missing; GPKG empty
pair,yearbuilt,27406037,San Jose,[blank],,Unidata missing; GPKG empty
pair,yearbuilt,27406100,San Jose,[blank],,Unidata missing; GPKG empty
pair,yearbuilt,27408050,San Jose,[blank],,Unidata missing; GPKG empty
pair,yearbuilt,27410001,San Jose,[blank],,Unidata missing; GPKG empty
pair,yearbuilt,27410003,San Jose,[blank],,Unidata missing; GPKG empty
pair,yearbuilt,27410005,San Jose,[blank],,Unidata missing; GPKG empty
pair,yearbuilt,27411039,San Jose,[blank],,Unidata missing; GPKG empty
pair,yearbuilt,27411069,San Jose,[blank],,Unidata missing; GPKG empty
pair,yearbuilt,27412044,San Jose,[blank],,Unidata missing; GPKG empty
pair,yearbuilt,27414069,San Jose,[blank],,Unidata missing; GPKG empty
pair,yearbuilt,27414121,San Jose,[blank],,Unidata missing; GPKG empty
pair,yearbuilt,27414128,San Jose,[blank],,Unidata missing; GPKG empty
pair,yearbuilt,27414146,San Jose,[blank],,Unidata missing; GPKG empty
pair,yearbuilt,27415017,San Jose,[blank],,Unidata missing; GPKG empty
pair,yearbuilt,27415031,San Jose,[blank],,Unidata missing; GPKG empty
pair,yearbuilt,27415033,San Jose,[blank],,Unidata missing; GPKG empty
pair,yearbuilt,27415145,San Jose,[blank],,Unidata missing; GPKG empty
pair,yearbuilt,27415151,San Jose,[blank],,Unidata missing; GPKG empty
pair,yearbuilt,27416003,San Jose,[blank],,Unidata missing; GPKG empty
pair,yearbuilt,27416013,San Jose,[blank],,Unidata missing; GPKG empty
pair,yearbuilt,27416014,San Jose,[blank],,Unidata missing; GPKG empty
pair,yearbuilt,27416027,San Jose,[blank],,Unidata missing; GPKG empty
pair,yearbuilt,27416028,San Jose,[blank],,Unidata missing; GPKG empty
pair,yearbuilt,27416030,San Jose,[blank],,Unidata missing; GPKG empty
pair,yearbuilt,27416049,San Jose,[blank],,Unidata missing; GPKG empty
pair,yearbuilt,27416051,San Jose,[blank],,Unidata missing; GPKG empty
pair,yearbuilt,27416068,Burbank,[blank],,Unidata missing; GPKG empty
pair,yearbuilt,27416070,San Jose,[blank],,Unidata missing; GPKG empty
pair,yearbuilt,27417021,Burbank,[blank],,Unidata missing; GPKG empty
pair,yearbuilt,27417022,Burbank,[blank],,Unidata missing; GPKG empty
pair,yearbuilt,27417065,San Jose,[blank],,Unidata missing; GPKG empty
pair,yearbuilt,27417075,Burbank,[blank],,Unidata missing; GPKG empty
pair,yearbuilt,27418005,San Jose,[blank],,Unidata missing; GPKG empty
pair,yearbuilt,27419033,San Jose,[blank],,Unidata missing; GPKG empty
pair,yearbuilt,27419063,Burbank,[blank],,Unidata missing; GPKG empty
pair,yearbuilt,27420065,San Jose,[blank],,Unidata missing; GPKG empty
pair,yearbuilt,27421045,San Jose,[blank],,Unidata missing; GPKG empty
pair,yearbuilt,27421046,San Jose,[blank],,Unidata missing; GPKG empty
pair,address,27424026,San Jose,[blank],,Unidata missing; GPKG empty
pair,yearbuilt,27424026,San Jose,[blank],,Unidata missing; GPKG empty
pair,yearbuilt,27428062,San Jose,[blank],,Unidata missing; GPKG empty
pair,yearbuilt,27429031,San Jose,[blank],,Unidata missing; GPKG empty
pair,yearbuilt,27433001,San Jose,[blank],,Unidata missing; GPKG empty
pair,yearbuilt,27435073,San Jose,[blank],,Unidata missing; GPKG empty
pair,yearbuilt,27440064,San Jose,[blank],,Unidata missing; GPKG empty
pair,yearbuilt,27440082,San Jose,[blank],,Unidata missing; GPKG empty
pair,yearbuilt,27440083,San Jose,[blank],,Unidata missing; GPKG empty
pair,yearbuilt,27440084,San Jose,[blank],,Unidata missing; GPKG empty
pair,yearbuilt,27441064,San Jose,[blank],,Unidata missing; GPKG empty
pair,yearbuilt,27441065,San Jose,[blank],,Unidata missing; GPKG empty
pair,yearbuilt,27441075,San Jose,[blank],,Unidata missing; GPKG empty
pair,yearbuilt,27441076,San Jose,[blank],,Unidata missing; GPKG empty
pair,yearbuilt,27441089,San Jose,[blank],,Unidata missing; GPKG empty
pair,yearbuilt,27441098,San Jose,[blank],,Unidata missing; GPKG empty
pair,yearbuilt,27441099,San Jose,[blank],,Unidata missing; GPKG empty
pair,yearbuilt,27441100,San Jose,[blank],,Unidata missing; GPKG empty
pair,yearbuilt,27441101,San Jose,[blank],,Unidata missing; GPKG empty
pair,yearbuilt,27441116,San Jose,[blank],,Unidata missing; GPKG empty
pair,yearbuilt,27441117,San Jose,[blank],,Unidata missing; GPKG empty
pair,yearbuilt,27443048,San Jose,[blank],,Unidata missing; GPKG empty
pair,yearbuilt,27443082,San Jose,[blank],,Unidata missing; GPKG empty
pair,yearbuilt,27443083,San Jose,[blank],,Unidata missing; GPKG empty
pair,yearbuilt,27443098,San Jose,[blank],,Unidata missing; GPKG empty
pair,yearbuilt,27443100,Santa Clara,[blank],,Unidata missing; GPKG empty
pair,yearbuilt,27443101,San Jose,[blank],,Unidata missing; GPKG empty
pair,yearbuilt,27443102,San Jose,[blank],,Unidata missing; GPKG empty
pair,yearbuilt,27443103,San Jose,[blank],,Unidata missing; GPKG empty
pair,yearbuilt,27444002,San Jose,[blank],,Unidata missing; GPKG empty
pair,yearbuilt,27444080,San Jose,[blank],,Unidata missing; GPKG empty
pair,yearbuilt,27445047,San Jose,[blank],,Unidata missing; GPKG empty
pair,yearbuilt,27445092,San Jose,[blank],,Unidata missing; GPKG empty
pair,yearbuilt,27447072,San Jose,[blank],,Unidata missing; GPKG empty
pair,yearbuilt,27450068,San Jose,[blank],,Unidata missing; GPKG empty
pair,yearbuilt,27456068,San Jose,[blank],,Unidata missing; GPKG empty
pair,yearbuilt,27457007,San Jose,[blank],,Unidata missing; GPKG empty
pair,yearbuilt,27457030,San Jose,[blank],,Unidata missing; GPKG empty
pair,yearbuilt,27457031,San Jose,[blank],,Unidata missing; GPKG empty
pair,yearbuilt,27457047,San Jose,[blank],,Unidata missing; GPKG empty
pair,yearbuilt,27457048,San Jose,[blank],,Unidata missing; GPKG empty
pair,yearbuilt,27458023,San Jose,[blank],,Unidata missing; GPKG empty
pair,yearbuilt,27458032,San Jose,[blank],,Unidata missing; GPKG empty
pair,yearbuilt,27459003,San Jose,[blank],,Unidata missing; GPKG empty
pair,yearbuilt,27459004,San Jose,[blank],,Unidata missing; GPKG empty
pair,yearbuilt,27459009,San Jose,[blank],,Unidata missing; GPKG empty
pair,yearbuilt,27459011,San Jose,[blank],,Unidata missing; GPKG empty
pair,yearbuilt,27459013,San Jose,[blank],,Unidata missing; GPKG empty
pair,yearbuilt,27459026,San Jose,[blank],,Unidata missing; GPKG empty
pair,yearbuilt,27459054,San Jose,[blank],,Unidata missing; GPKG empty
pair,yearbuilt,27459055,San Jose,[blank],,Unidata missing; GPKG empty
pair,yearbuilt,27459057,San Jose,[blank],,Unidata missing; GPKG empty
pair,yearbuilt,27459058,San Jose,[blank],,Unidata missing; GPKG empty
pair,yearbuilt,27459064,San Jose,[blank],,Unidata missing; GPKG empty
pair,yearbuilt,27703020,San Jose,[blank],,Unidata missing; GPKG empty
pair,yearbuilt,27703026,Burbank,[blank],,Unidata missing; GPKG empty
pair,yearbuilt,27704063,San Jose,[blank],,Unidata missing; GPKG empty
pair,yearbuilt,27705009,Burbank,[blank],,Unidata missing; GPKG empty
pair,yearbuilt,27705010,Burbank,[blank],,Unidata missing; GPKG empty
pair,yearbuilt,27705014,San Jose,[blank],,Unidata missing; GPKG empty
pair,yearbuilt,27706031,San Jose,[blank],,Unidata missing; GPKG empty
pair,yearbuilt,27707024,San Jose,[blank],,Unidata missing; GPKG empty
pair,yearbuilt,27707025,San Jose,[blank],,Unidata missing; GPKG empty
pair,yearbuilt,27707026,San Jose,[blank],,Unidata missing; GPKG empty
pair,yearbuilt,27707027,San Jose,[blank],,Unidata missing; GPKG empty
pair,yearbuilt,27707028,San Jose,[blank],,Unidata missing; GPKG empty
pair,yearbuilt,27708032,San Jose,[blank],,Unidata missing; GPKG empty
pair,yearbuilt,27709034,San Jose,[blank],,Unidata missing; GPKG empty
pair,yearbuilt,27710025,San Jose,[blank],,Unidata missing; GPKG empty
pair,yearbuilt,27710028,San Jose,[blank],,Unidata missing; GPKG empty
pair,yearbuilt,27712027,San Jose,[blank],,Unidata missing; GPKG empty
pair,yearbuilt,27713028,San Jose,[blank],,Unidata missing; GPKG empty
pair,yearbuilt,27713029,San Jose,[blank],,Unidata missing; GPKG empty
pair,yearbuilt,27713030,San Jose,[blank],,Unidata missing; GPKG empty
pair,yearbuilt,27713031,San Jose,[blank],,Unidata missing; GPKG empty
pair,yearbuilt,27713032,San Jose,[blank],,Unidata missing; GPKG empty
pair,yearbuilt,27713033,San Jose,[blank],,Unidata missing; GPKG empty
pair,yearbuilt,27714028,San Jose,[blank],,Unidata missing; GPKG empty
pair,yearbuilt,27716001,San Jose,[blank],,Unidata missing; GPKG empty
pair,yearbuilt,27716060,San Jose,[blank],,Unidata missing; GPKG empty
pair,yearbuilt,27717038,San Jose,[blank],,Unidata missing; GPKG empty
pair,yearbuilt,27718008,San Jose,[blank],,Unidata missing; GPKG empty
pair,yearbuilt,27718018,San Jose,[blank],,Unidata missing; GPKG empty
pair,yearbuilt,27718030,San Jose,[blank],,Unidata missing; GPKG empty
pair,yearbuilt,27718031,San Jose,[blank],,Unidata missing; GPKG empty
pair,yearbuilt,27718038,San Jose,[blank],,Unidata missing; GPKG empty
pair,yearbuilt,27718045,San Jose,[blank],,Unidata missing; GPKG empty
pair,yearbuilt,27719002,San Jose,[blank],,Unidata missing; GPKG empty
pair,yearbuilt,27719029,San Jose,[blank],,Unidata missing; GPKG empty
pair,yearbuilt,27719062,San Jose,[blank],,Unidata missing; GPKG empty
pair,yearbuilt,27720022,San Jose,[blank],,Unidata missing; GPKG empty
pair,yearbuilt,27720029,San Jose,[blank],,Unidata missing; GPKG empty
pair,yearbuilt,27720036,San Jose,[blank],,Unidata missing; GPKG empty
pair,yearbuilt,27720037,San Jose,[blank],,Unidata missing; GPKG empty
pair,yearbuilt,27720038,San Jose,[blank],,Unidata missing; GPKG empty
pair,yearbuilt,27720047,San Jose,[blank],,Unidata missing; GPKG empty
pair,yearbuilt,27721006,San Jose,[blank],,Unidata missing; GPKG empty
pair,yearbuilt,27721028,San Jose,[blank],,Unidata missing; GPKG empty
pair,yearbuilt,27721032,San Jose,[blank],,Unidata missing; GPKG empty
pair,yearbuilt,27721035,San Jose,[blank],,Unidata missing; GPKG empty
pair,yearbuilt,27721036,San Jose,[blank],,Unidata missing; GPKG empty
pair,yearbuilt,27721043,San Jose,[blank],,Unidata missing; GPKG empty
pair,yearbuilt,27722023,San Jose,[blank],,Unidata missing; GPKG empty
pair,yearbuilt,27722024,San Jose,[blank],,Unidata missing; GPKG empty
pair,yearbuilt,27722025,San Jose,[blank],,Unidata missing; GPKG empty
pair,yearbuilt,27725016,San Jose,[blank],,Unidata missing; GPKG empty
pair,yearbuilt,27729032,San Jose,[blank],,Unidata missing; GPKG empty
pair,yearbuilt,27729044,San Jose,[blank],,Unidata missing; GPKG empty
pair,yearbuilt,27729046,San Jose,[blank],,Unidata missing; GPKG empty
pair,yearbuilt,27730008,San Jose,[blank],,Unidata missing; GPKG empty
pair,yearbuilt,27732038,San Jose,[blank],,Unidata missing; GPKG empty
pair,yearbuilt,27732041,San Jose,[blank],,Unidata missing; GPKG empty
pair,yearbuilt,27732043,Burbank,[blank],,Unidata missing; GPKG empty
pair,yearbuilt,27733010,San Jose,[blank],,Unidata missing; GPKG empty
pair,yearbuilt,27734031,San Jose,[blank],,Unidata missing; GPKG empty
pair,yearbuilt,27734048,San Jose,[blank],,Unidata missing; GPKG empty
pair,yearbuilt,27734055,San Jose,[blank],,Unidata missing; GPKG empty
pair,yearbuilt,27735045,San Jose,[blank],,Unidata missing; GPKG empty
pair,yearbuilt,27738001,San Jose,[blank],,Unidata missing; GPKG empty
pair,yearbuilt,27738009,San Jose,[blank],,Unidata missing; GPKG empty
pair,yearbuilt,27738011,San Jose,[blank],,Unidata missing; GPKG empty
pair,yearbuilt,27738012,San Jose,[blank],,Unidata missing; GPKG empty
pair,yearbuilt,27738014,San Jose,[blank],,Unidata missing; GPKG empty
pair,yearbuilt,27740017,San Jose,[blank],,Unidata missing; GPKG empty
pair,yearbuilt,27747017,San Jose,[blank],,Unidata missing; GPKG empty
pair,yearbuilt,27747041,San Jose,[blank],,Unidata missing; GPKG empty
pair,yearbuilt,27747067,San Jose,[blank],,Unidata missing; GPKG empty
pair,yearbuilt,27747093,San Jose,[blank],,Unidata missing; GPKG empty
pair,yearbuilt,27901013,San Jose,[blank],,Unidata missing; GPKG empty
pair,yearbuilt,27902004,San Jose,[blank],,Unidata missing; GPKG empty
pair,yearbuilt,27909059,San Jose,[blank],,Unidata missing; GPKG empty
pair,yearbuilt,27909082,San Jose,[blank],,Unidata missing; GPKG empty
pair,yearbuilt,27910001,San Jose,[blank],,Unidata missing; GPKG empty
pair,yearbuilt,27911005,San Jose,[blank],,Unidata missing; GPKG empty
pair,yearbuilt,27911010,San Jose,[blank],,Unidata missing; GPKG empty
pair,yearbuilt,27916058,San Jose,[blank],,Unidata missing; GPKG empty
pair,yearbuilt,27917038,San Jose,[blank],,Unidata missing; GPKG empty
pair,yearbuilt,27917039,San Jose,[blank],,Unidata missing; GPKG empty
pair,yearbuilt,27917042,San Jose,[blank],,Unidata missing; GPKG empty
pair,yearbuilt,27921049,San Jose,[blank],,Unidata missing; GPKG empty
pair,yearbuilt,27922012,Campbell,[blank],,Unidata missing; GPKG empty
pair,yearbuilt,27924013,San Jose,[blank],,Unidata missing; GPKG empty
pair,yearbuilt,27926012,San Jose,[blank],,Unidata missing; GPKG empty
pair,yearbuilt,27926053,San Jose,[blank],,Unidata missing; GPKG empty
pair,yearbuilt,27926061,San Jose,[blank],,Unidata missing; GPKG empty
pair,yearbuilt,27927001,San Jose,[blank],,Unidata missing; GPKG empty
pair,yearbuilt,27927007,San Jose,[blank],,Unidata missing; GPKG empty
pair,yearbuilt,27931008,Campbell,[blank],,Unidata missing; GPKG empty
pair,yearbuilt,27932008,Campbell,[blank],,Unidata missing; GPKG empty
pair,yearbuilt,27932009,Campbell,[blank],,Unidata missing; GPKG empty
pair,address,27932011,Campbell,[blank],,Unidata missing; GPKG empty
pair,yearbuilt,27932011,Campbell,[blank],,Unidata missing; GPKG empty
pair,yearbuilt,27933047,Campbell,[blank],,Unidata missing; GPKG empty
pair,yearbuilt,27933049,Campbell,[blank],,Unidata missing; GPKG empty
pair,yearbuilt,27937058,Campbell,[blank],,Unidata missing; GPKG empty
pair,yearbuilt,27938011,Campbell,[blank],,Unidata missing; GPKG empty
pair,yearbuilt,27938019,Campbell,[blank],,Unidata missing; GPKG empty
pair,yearbuilt,27938024,Campbell,[blank],,Unidata missing; GPKG empty
pair,yearbuilt,27939072,Campbell,[blank],,Unidata missing; GPKG empty
pair,yearbuilt,27941007,Campbell,[blank],,Unidata missing; GPKG empty
pair,yearbuilt,27941022,Campbell,[blank],,Unidata missing; GPKG empty
pair,yearbuilt,27941028,Campbell,[blank],,Unidata missing; GPKG empty
pair,yearbuilt,27941053,Campbell,[blank],,Unidata missing; GPKG empty
pair,yearbuilt,27941060,Campbell,[blank],,Unidata missing; GPKG empty
pair,yearbuilt,27941062,Campbell,[blank],,Unidata missing; GPKG empty
pair,yearbuilt,27941063,Campbell,[blank],,Unidata missing; GPKG empty
pair,yearbuilt,27941067,Campbell,[blank],,Unidata missing; GPKG empty
pair,yearbuilt,27945011,Campbell,[blank],,Unidata missing; GPKG empty
pair,yearbuilt,27946006,Campbell,[blank],,Unidata missing; GPKG empty
pair,yearbuilt,27946011,Campbell,[blank],,Unidata missing; GPKG empty
pair,yearbuilt,27946012,Campbell,[blank],,Unidata missing; GPKG empty
pair,yearbuilt,27946023,Campbell,[blank],,Unidata missing; GPKG empty
pair,yearbuilt,27946047,Campbell,[blank],,Unidata missing; GPKG empty
pair,yearbuilt,27946051,Campbell,[blank],,Unidata missing; GPKG empty
pair,yearbuilt,28201001,San Jose,[blank],,Unidata missing; GPKG empty
pair,yearbuilt,28201014,San Jose,[blank],,Unidata missing; GPKG empty
pair,yearbuilt,28201015,San Jose,[blank],,Unidata missing; GPKG empty
pair,yearbuilt,28201016,San Jose,[blank],,Unidata missing; GPKG empty
pair,yearbuilt,28202015,San Jose,[blank],,Unidata missing; GPKG empty
pair,yearbuilt,28203011,San Jose,[blank],,Unidata missing; GPKG empty
pair,yearbuilt,28203013,San Jose,[blank],,Unidata missing; GPKG empty
pair,yearbuilt,28203015,San Jose,[blank],,Unidata missing; GPKG empty
pair,yearbuilt,28204005,San Jose,[blank],,Unidata missing; GPKG empty
pair,yearbuilt,28204006,San Jose,[blank],,Unidata missing; GPKG empty
pair,yearbuilt,28204007,San Jose,[blank],,Unidata missing; GPKG empty
pair,yearbuilt,28204008,San Jose,[blank],,Unidata missing; GPKG empty
pair,yearbuilt,28205074,San Jose,[blank],,Unidata missing; GPKG empty
pair,yearbuilt,28206017,San Jose,[blank],,Unidata missing; GPKG empty
pair,yearbuilt,28206018,San Jose,[blank],,Unidata missing; GPKG empty
pair,yearbuilt,28206019,San Jose,[blank],,Unidata missing; GPKG empty
pair,yearbuilt,28206020,San Jose,[blank],,Unidata missing; GPKG empty
pair,yearbuilt,28206021,San Jose,[blank],,Unidata missing; GPKG empty
pair,yearbuilt,28206022,San Jose,[blank],,Unidata missing; GPKG empty
pair,yearbuilt,28207009,San Jose,[blank],,Unidata missing; GPKG empty
pair,yearbuilt,28208044,San Jose,[blank],,Unidata missing; GPKG empty
pair,yearbuilt,28208046,San Jose,[blank],,Unidata missing; GPKG empty
pair,yearbuilt,28211036,San Jose,[blank],,Unidata missing; GPKG empty
pair,yearbuilt,28213001,San Jose,[blank],,Unidata missing; GPKG empty
pair,yearbuilt,28213003,San Jose,[blank],,Unidata missing; GPKG empty
pair,yearbuilt,28213072,San Jose,[blank],,Unidata missing; GPKG empty
pair,yearbuilt,28214010,San Jose,[blank],,Unidata missing; GPKG empty
pair,yearbuilt,28217018,Campbell,[blank],,Unidata missing; GPKG empty
pair,yearbuilt,28224002,Campbell,[blank],,Unidata missing; GPKG empty
pair,yearbuilt,28224003,Campbell,[blank],,Unidata missing; GPKG empty
pair,yearbuilt,28224012,Campbell,[blank],,Unidata missing; GPKG empty
pair,zoning,28224012,Campbell,[blank],,Unidata missing; GPKG empty
pair,yearbuilt,28224013,Campbell,[blank],,Unidata missing; GPKG empty
pair,yearbuilt,28225005,Campbell,[blank],,Unidata missing; GPKG empty
pair,zoning,28225005,Campbell,[blank],,Unidata missing; GPKG empty
pair,yearbuilt,28225009,Campbell,[blank],,Unidata missing; GPKG empty
pair,zoning,28225009,Campbell,[blank],,Unidata missing; GPKG empty
pair,yearbuilt,28226006,San Jose,[blank],,Unidata missing; GPKG empty
pair,address,28226010,San Jose,[blank],,Unidata missing; GPKG empty
pair,yearbuilt,28226010,San Jose,[blank],,Unidata missing; GPKG empty
pair,yearbuilt,28226013,San Jose,[blank],,Unidata missing; GPKG empty
pair,yearbuilt,28226014,San Jose,[blank],,Unidata missing; GPKG empty
pair,yearbuilt,28226015,San Jose,[blank],,Unidata missing; GPKG empty
pair,yearbuilt,28227001,San Jose,[blank],,Unidata missing; GPKG empty
pair,address,28227002,San Jose,[blank],,Unidata missing; GPKG empty
pair,yearbuilt,28227002,San Jose,[blank],,Unidata missing; GPKG empty
pair,yearbuilt,28227003,San Jose,[blank],,Unidata missing; GPKG empty
