{"type": "FeatureCollection", "features": [{"type": "Feature", "geometry": {"type": "Polygon", "coordinates": [[[-121.92727272727272, 37.345454545454544], [-121.9090909090909, 37.345454545454544], [-121.9090909090909, 37.36363636363637], [-121.92727272727272, 37.36363636363637], [-121.92727272727272, 37.345454545454544]]]}, "properties": {"n": 1100, "missing_pct": 0.455, "gx": 2054, "gy": -6706}}, {"type": "Feature", "geometry": {"type": "Polygon", "coordinates": [[[-121.69090909090909, 37.127272727272725], [-121.67272727272727, 37.127272727272725], [-121.67272727272727, 37.14545454545455], [-121.69090909090909, 37.14545454545455], [-121.69090909090909, 37.127272727272725]]]}, "properties": {"n": 233, "missing_pct": 0.429, "gx": 2042, "gy": -6693}}, {"type": "Feature", "geometry": {"type": "Polygon", "coordinates": [[[-121.87272727272727, 37.36363636363637], [-121.85454545454546, 37.36363636363637], [-121.85454545454546, 37.38181818181818], [-121.87272727272727, 37.38181818181818], [-121.87272727272727, 37.36363636363637]]]}, "properties": {"n": 3571, "missing_pct": 0.084, "gx": 2055, "gy": -6703}}, {"type": "Feature", "geometry": {"type": "Polygon", "coordinates": [[[-122.0, 37.25454545454546], [-121.98181818181818, 37.25454545454546], [-121.98181818181818, 37.27272727272727], [-122.0, 37.27272727272727], [-122.0, 37.25454545454546]]]}, "properties": {"n": 1858, "missing_pct": 0.7, "gx": 2049, "gy": -6710}}, {"type": "Feature", "geometry": {"type": "Polygon", "coordinates": [[[-121.96363636363637, 37.21818181818182], [-121.94545454545455, 37.21818181818182], [-121.94545454545455, 37.236363636363635], [-121.96363636363637, 37.236363636363635], [-121.96363636363637, 37.21818181818182]]]}, "properties": {"n": 1265, "missing_pct": 0.158, "gx": 2047, "gy": -6708}}, {"type": "Feature", "geometry": {"type": "Polygon", "coordinates": [[[-121.85454545454546, 37.2], [-121.83636363636364, 37.2], [-121.83636363636364, 37.21818181818182], [-121.85454545454546, 37.21818181818182], [-121.85454545454546, 37.2]]]}, "properties": {"n": 2199, "missing_pct": 0.182, "gx": 2046, "gy": -6702}}, {"type": "Feature", "geometry": {"type": "Polygon", "coordinates": [[[-121.98181818181818, 37.30909090909091], [-121.96363636363637, 37.30909090909091], [-121.96363636363637, 37.32727272727273], [-121.98181818181818, 37.32727272727273], [-121.98181818181818, 37.30909090909091]]]}, "properties": {"n": 2463, "missing_pct": 0.244, "gx": 2052, "gy": -6709}}, {"type": "Feature", "geometry": {"type": "Polygon", "coordinates": [[[-121.9090909090909, 37.4], [-121.89090909090909, 37.4], [-121.89090909090909, 37.41818181818182], [-121.9090909090909, 37.41818181818182], [-121.9090909090909, 37.4]]]}, "properties": {"n": 2833, "missing_pct": 1.13, "gx": 2057, "gy": -6705}}, {"type": "Feature", "geometry": {"type": "Polygon", "coordinates": [[[-122.05454545454545, 37.38181818181818], [-122.03636363636363, 37.38181818181818], [-122.03636363636363, 37.4], [-122.05454545454545, 37.4], [-122.05454545454545, 37.38181818181818]]]}, "properties": {"n": 1301, "missing_pct": 1.076, "gx": 2056, "gy": -6713}}, {"type": "Feature", "geometry": {"type": "Polygon", "coordinates": [[[-121.6, 37.10909090909091], [-121.58181818181818, 37.10909090909091], [-121.58181818181818, 37.127272727272725], [-121.6, 37.127272727272725], [-121.6, 37.10909090909091]]]}, "properties": {"n": 107, "missing_pct": 0.0, "gx": 2041, "gy": -6688}}, {"type": "Feature", "geometry": {"type": "Polygon", "coordinates": [[[-121.8, 37.27272727272727], [-121.78181818181818, 37.27272727272727], [-121.78181818181818, 37.29090909090909], [-121.8, 37.29090909090909], [-121.8, 37.27272727272727]]]}, "properties": {"n": 332, "missing_pct": 0.0, "gx": 2050, "gy": -6699}}, {"type": "Feature", "geometry": {"type": "Polygon", "coordinates": [[[-121.83636363636364, 37.21818181818182], [-121.81818181818181, 37.21818181818182], [-121.81818181818181, 37.236363636363635], [-121.83636363636364, 37.236363636363635], [-121.83636363636364, 37.21818181818182]]]}, "properties": {"n": 1487, "missing_pct": 0.0, "gx": 2047, "gy": -6701}}, {"type": "Feature", "geometry": {"type": "Polygon", "coordinates": [[[-122.0, 37.2], [-121.98181818181818, 37.2], [-121.98181818181818, 37.21818181818182], [-122.0, 37.21818181818182], [-122.0, 37.2]]]}, "properties": {"n": 165, "missing_pct": 1.212, "gx": 2046, "gy": -6710}}, {"type": "Feature", "geometry": {"type": "Polygon", "coordinates": [[[-122.01818181818182, 37.21818181818182], [-122.0, 37.21818181818182], [-122.0, 37.236363636363635], [-122.01818181818182, 37.236363636363635], [-122.01818181818182, 37.21818181818182]]]}, "properties": {"n": 264, "missing_pct": 0.0, "gx": 2047, "gy": -6711}}, {"type": "Feature", "geometry": {"type": "Polygon", "coordinates": [[[-121.63636363636364, 37.10909090909091], [-121.61818181818182, 37.10909090909091], [-121.61818181818182, 37.127272727272725], [-121.63636363636364, 37.127272727272725], [-121.63636363636364, 37.10909090909091]]]}, "properties": {"n": 584, "missing_pct": 0.685, "gx": 2041, "gy": -6690}}, {"type": "Feature", "geometry": {"type": "Polygon", "coordinates": [[[-121.9090909090909, 37.45454545454545], [-121.89090909090909, 37.45454545454545], [-121.89090909090909, 37.472727272727276], [-121.9090909090909, 37.472727272727276], [-121.9090909090909, 37.45454545454545]]]}, "properties": {"n": 1053, "missing_pct": 0.475, "gx": 2060, "gy": -6705}}, {"type": "Feature", "geometry": {"type": "Polygon", "coordinates": [[[-122.03636363636363, 37.32727272727273], [-122.01818181818182, 37.32727272727273], [-122.01818181818182, 37.345454545454544], [-122.03636363636363, 37.345454545454544], [-122.03636363636363, 37.32727272727273]]]}, "properties": {"n": 2672, "missing_pct": 0.112, "gx": 2053, "gy": -6712}}, {"type": "Feature", "geometry": {"type": "Polygon", "coordinates": [[[-121.94545454545455, 37.38181818181818], [-121.92727272727272, 37.38181818181818], [-121.92727272727272, 37.4], [-121.94545454545455, 37.4], [-121.94545454545455, 37.38181818181818]]]}, "properties": {"n": 927, "missing_pct": 0.216, "gx": 2056, "gy": -6707}}, {"type": "Feature", "geometry": {"type": "Polygon", "coordinates": [[[-121.89090909090909, 37.43636363636364], [-121.87272727272727, 37.43636363636364], [-121.87272727272727, 37.45454545454545], [-121.89090909090909, 37.45454545454545], [-121.89090909090909, 37.43636363636364]]]}, "properties": {"n": 1903, "missing_pct": 0.946, "gx": 2059, "gy": -6704}}, {"type": "Feature", "geometry": {"type": "Polygon", "coordinates": [[[-122.05454545454545, 37.36363636363637], [-122.03636363636363, 37.36363636363637], [-122.03636363636363, 37.38181818181818], [-122.05454545454545, 37.38181818181818], [-122.05454545454545, 37.36363636363637]]]}, "properties": {"n": 3142, "missing_pct": 0.064, "gx": 2055, "gy": -6713}}, {"type": "Feature", "geometry": {"type": "Polygon", "coordinates": [[[-121.58181818181818, 36.96363636363636], [-121.56363636363636, 36.96363636363636], [-121.56363636363636, 36.981818181818184], [-121.58181818181818, 36.981818181818184], [-121.58181818181818, 36.96363636363636]]]}, "properties": {"n": 259, "missing_pct": 0.0, "gx": 2033, "gy": -6687}}, {"type": "Feature", "geometry": {"type": "Polygon", "coordinates": [[[-121.56363636363636, 37.0], [-121.54545454545455, 37.0], [-121.54545454545455, 37.018181818181816], [-121.56363636363636, 37.018181818181816], [-121.56363636363636, 37.0]]]}, "properties": {"n": 322, "missing_pct": 2.484, "gx": 2035, "gy": -6686}}, {"type": "Feature", "geometry": {"type": "Polygon", "coordinates": [[[-121.76363636363637, 37.29090909090909], [-121.74545454545455, 37.29090909090909], [-121.74545454545455, 37.30909090909091], [-121.76363636363637, 37.30909090909091], [-121.76363636363637, 37.29090909090909]]]}, "properties": {"n": 1612, "missing_pct": 0.496, "gx": 2051, "gy": -6697}}, {"type": "Feature", "geometry": {"type": "Polygon", "coordinates": [[[-121.81818181818181, 37.29090909090909], [-121.8, 37.29090909090909], [-121.8, 37.30909090909091], [-121.81818181818181, 37.30909090909091], [-121.81818181818181, 37.29090909090909]]]}, "properties": {"n": 2668, "missing_pct": 0.525, "gx": 2051, "gy": -6700}}, {"type": "Feature", "geometry": {"type": "Polygon", "coordinates": [[[-121.9090909090909, 37.38181818181818], [-121.89090909090909, 37.38181818181818], [-121.89090909090909, 37.4], [-121.9090909090909, 37.4], [-121.9090909090909, 37.38181818181818]]]}, "properties": {"n": 1415, "missing_pct": 0.0, "gx": 2056, "gy": -6705}}, {"type": "Feature", "geometry": {"type": "Polygon", "coordinates": [[[-121.63636363636364, 37.0], [-121.61818181818182, 37.0], [-121.61818181818182, 37.018181818181816], [-121.63636363636364, 37.018181818181816], [-121.63636363636364, 37.0]]]}, "properties": {"n": 393, "missing_pct": 1.018, "gx": 2035, "gy": -6690}}, {"type": "Feature", "geometry": {"type": "Polygon", "coordinates": [[[-121.81818181818181, 37.21818181818182], [-121.8, 37.21818181818182], [-121.8, 37.236363636363635], [-121.81818181818181, 37.236363636363635], [-121.81818181818181, 37.21818181818182]]]}, "properties": {"n": 1780, "missing_pct": 0.056, "gx": 2047, "gy": -6700}}, {"type": "Feature", "geometry": {"type": "Polygon", "coordinates": [[[-122.03636363636363, 37.25454545454546], [-122.01818181818182, 37.25454545454546], [-122.01818181818182, 37.27272727272727], [-122.03636363636363, 37.27272727272727], [-122.03636363636363, 37.25454545454546]]]}, "properties": {"n": 1680, "missing_pct": 0.119, "gx": 2049, "gy": -6712}}, {"type": "Feature", "geometry": {"type": "Polygon", "coordinates": [[[-122.10909090909091, 37.41818181818182], [-122.0909090909091, 37.41818181818182], [-122.0909090909091, 37.43636363636364], [-122.10909090909091, 37.43636363636364], [-122.10909090909091, 37.41818181818182]]]}, "properties": {"n": 1210, "missing_pct": 0.331, "gx": 2058, "gy": -6716}}, {"type": "Feature", "geometry": {"type": "Polygon", "coordinates": [[[-122.01818181818182, 37.32727272727273], [-122.0, 37.32727272727273], [-122.0, 37.345454545454544], [-122.01818181818182, 37.345454545454544], [-122.01818181818182, 37.32727272727273]]]}, "properties": {"n": 1982, "missing_pct": 0.0, "gx": 2053, "gy": -6711}}, {"type": "Feature", "geometry": {"type": "Polygon", "coordinates": [[[-121.94545454545455, 37.29090909090909], [-121.92727272727272, 37.29090909090909], [-121.92727272727272, 37.30909090909091], [-121.94545454545455, 37.30909090909091], [-121.94545454545455, 37.29090909090909]]]}, "properties": {"n": 2282, "missing_pct": 0.131, "gx": 2051, "gy": -6707}}, {"type": "Feature", "geometry": {"type": "Polygon", "coordinates": [[[-121.8, 37.25454545454546], [-121.78181818181818, 37.25454545454546], [-121.78181818181818, 37.27272727272727], [-121.8, 37.27272727272727], [-121.8, 37.25454545454546]]]}, "properties": {"n": 771, "missing_pct": 0.649, "gx": 2049, "gy": -6699}}, {"type": "Feature", "geometry": {"type": "Polygon", "coordinates": [[[-122.0, 37.32727272727273], [-121.98181818181818, 37.32727272727273], [-121.98181818181818, 37.345454545454544], [-122.0, 37.345454545454544], [-122.0, 37.32727272727273]]]}, "properties": {"n": 2876, "missing_pct": 0.174, "gx": 2053, "gy": -6710}}, {"type": "Feature", "geometry": {"type": "Polygon", "coordinates": [[[-121.94545454545455, 37.27272727272727], [-121.92727272727272, 37.27272727272727], [-121.92727272727272, 37.29090909090909], [-121.94545454545455, 37.29090909090909], [-121.94545454545455, 37.27272727272727]]]}, "properties": {"n": 2722, "missing_pct": 0.073, "gx": 2050, "gy": -6707}}, {"type": "Feature", "geometry": {"type": "Polygon", "coordinates": [[[-121.61818181818182, 37.09090909090909], [-121.6, 37.09090909090909], [-121.6, 37.10909090909091], [-121.61818181818182, 37.10909090909091], [-121.61818181818182, 37.09090909090909]]]}, "properties": {"n": 193, "missing_pct": 0.518, "gx": 2040, "gy": -6689}}, {"type": "Feature", "geometry": {"type": "Polygon", "coordinates": [[[-121.81818181818181, 37.18181818181818], [-121.8, 37.18181818181818], [-121.8, 37.2], [-121.81818181818181, 37.2], [-121.81818181818181, 37.18181818181818]]]}, "properties": {"n": 83, "missing_pct": 0.0, "gx": 2045, "gy": -6700}}, {"type": "Feature", "geometry": {"type": "Polygon", "coordinates": [[[-121.9090909090909, 37.43636363636364], [-121.89090909090909, 37.43636363636364], [-121.89090909090909, 37.45454545454545], [-121.9090909090909, 37.45454545454545], [-121.9090909090909, 37.43636363636364]]]}, "properties": {"n": 3061, "missing_pct": 0.849, "gx": 2059, "gy": -6705}}, {"type": "Feature", "geometry": {"type": "Polygon", "coordinates": [[[-122.0, 37.29090909090909], [-121.98181818181818, 37.29090909090909], [-121.98181818181818, 37.30909090909091], [-122.0, 37.30909090909091], [-122.0, 37.29090909090909]]]}, "properties": {"n": 2417, "missing_pct": 0.165, "gx": 2051, "gy": -6710}}, {"type": "Feature", "geometry": {"type": "Polygon", "coordinates": [[[-122.0, 37.14545454545455], [-121.98181818181818, 37.14545454545455], [-121.98181818181818, 37.163636363636364], [-122.0, 37.163636363636364], [-122.0, 37.14545454545455]]]}, "properties": {"n": 663, "missing_pct": 1.961, "gx": 2043, "gy": -6710}}, {"type": "Feature", "geometry": {"type": "Polygon", "coordinates": [[[-122.03636363636363, 37.236363636363635], [-122.01818181818182, 37.236363636363635], [-122.01818181818182, 37.25454545454546], [-122.03636363636363, 37.25454545454546], [-122.03636363636363, 37.236363636363635]]]}, "properties": {"n": 513, "missing_pct": 0.195, "gx": 2048, "gy": -6712}}, {"type": "Feature", "geometry": {"type": "Polygon", "coordinates": [[[-121.6, 37.09090909090909], [-121.58181818181818, 37.09090909090909], [-121.58181818181818, 37.10909090909091], [-121.6, 37.10909090909091], [-121.6, 37.09090909090909]]]}, "properties": {"n": 249, "missing_pct": 0.803, "gx": 2040, "gy": -6688}}, {"type": "Feature", "geometry": {"type": "Polygon", "coordinates": [[[-122.01818181818182, 37.345454545454544], [-122.0, 37.345454545454544], [-122.0, 37.36363636363637], [-122.01818181818182, 37.36363636363637], [-122.01818181818182, 37.345454545454544]]]}, "properties": {"n": 3272, "missing_pct": 0.0, "gx": 2054, "gy": -6711}}, {"type": "Feature", "geometry": {"type": "Polygon", "coordinates": [[[-121.58181818181818, 37.03636363636364], [-121.56363636363636, 37.03636363636364], [-121.56363636363636, 37.054545454545455], [-121.58181818181818, 37.054545454545455], [-121.58181818181818, 37.03636363636364]]]}, "properties": {"n": 143, "missing_pct": 0.0, "gx": 2037, "gy": -6687}}, {"type": "Feature", "geometry": {"type": "Polygon", "coordinates": [[[-121.76363636363637, 37.30909090909091], [-121.74545454545455, 37.30909090909091], [-121.74545454545455, 37.32727272727273], [-121.76363636363637, 37.32727272727273], [-121.76363636363637, 37.30909090909091]]]}, "properties": {"n": 572, "missing_pct": 0.874, "gx": 2052, "gy": -6697}}, {"type": "Feature", "geometry": {"type": "Polygon", "coordinates": [[[-121.92727272727272, 37.236363636363635], [-121.9090909090909, 37.236363636363635], [-121.9090909090909, 37.25454545454546], [-121.92727272727272, 37.25454545454546], [-121.92727272727272, 37.236363636363635]]]}, "properties": {"n": 2846, "missing_pct": 0.316, "gx": 2048, "gy": -6706}}, {"type": "Feature", "geometry": {"type": "Polygon", "coordinates": [[[-121.9090909090909, 37.32727272727273], [-121.89090909090909, 37.32727272727273], [-121.89090909090909, 37.345454545454544], [-121.9090909090909, 37.345454545454544], [-121.9090909090909, 37.32727272727273]]]}, "properties": {"n": 3443, "missing_pct": 0.813, "gx": 2053, "gy": -6705}}, {"type": "Feature", "geometry": {"type": "Polygon", "coordinates": [[[-121.61818181818182, 37.0], [-121.6, 37.0], [-121.6, 37.018181818181816], [-121.61818181818182, 37.018181818181816], [-121.61818181818182, 37.0]]]}, "properties": {"n": 1159, "missing_pct": 0.0, "gx": 2035, "gy": -6689}}, {"type": "Feature", "geometry": {"type": "Polygon", "coordinates": [[[-121.98181818181818, 37.32727272727273], [-121.96363636363637, 37.32727272727273], [-121.96363636363637, 37.345454545454544], [-121.98181818181818, 37.345454545454544], [-121.98181818181818, 37.32727272727273]]]}, "properties": {"n": 3413, "missing_pct": 0.117, "gx": 2053, "gy": -6709}}, {"type": "Feature", "geometry": {"type": "Polygon", "coordinates": [[[-121.94545454545455, 37.345454545454544], [-121.92727272727272, 37.345454545454544], [-121.92727272727272, 37.36363636363637], [-121.94545454545455, 37.36363636363637], [-121.94545454545455, 37.345454545454544]]]}, "properties": {"n": 773, "missing_pct": 1.294, "gx": 2054, "gy": -6707}}, {"type": "Feature", "geometry": {"type": "Polygon", "coordinates": [[[-122.05454545454545, 37.30909090909091], [-122.03636363636363, 37.30909090909091], [-122.03636363636363, 37.32727272727273], [-122.05454545454545, 37.32727272727273], [-122.05454545454545, 37.30909090909091]]]}, "properties": {"n": 1952, "missing_pct": 0.102, "gx": 2052, "gy": -6713}}, {"type": "Feature", "geometry": {"type": "Polygon", "coordinates": [[[-122.0, 37.27272727272727], [-121.98181818181818, 37.27272727272727], [-121.98181818181818, 37.29090909090909], [-122.0, 37.29090909090909], [-122.0, 37.27272727272727]]]}, "properties": {"n": 2867, "missing_pct": 0.035, "gx": 2050, "gy": -6710}}, {"type": "Feature", "geometry": {"type": "Polygon", "coordinates": [[[-122.03636363636363, 37.38181818181818], [-122.01818181818182, 37.38181818181818], [-122.01818181818182, 37.4], [-122.03636363636363, 37.4], [-122.03636363636363, 37.38181818181818]]]}, "properties": {"n": 2083, "missing_pct": 0.0, "gx": 2056, "gy": -6712}}, {"type": "Feature", "geometry": {"type": "Polygon", "coordinates": [[[-122.03636363636363, 37.18181818181818], [-122.01818181818182, 37.18181818181818], [-122.01818181818182, 37.2], [-122.03636363636363, 37.2], [-122.03636363636363, 37.18181818181818]]]}, "properties": {"n": 103, "missing_pct": 0.0, "gx": 2045, "gy": -6712}}, {"type": "Feature", "geometry": {"type": "Polygon", "coordinates": [[[-121.9090909090909, 37.30909090909091], [-121.89090909090909, 37.30909090909091], [-121.89090909090909, 37.32727272727273], [-121.9090909090909, 37.32727272727273], [-121.9090909090909, 37.30909090909091]]]}, "properties": {"n": 2982, "missing_pct": 0.939, "gx": 2052, "gy": -6705}}, {"type": "Feature", "geometry": {"type": "Polygon", "coordinates": [[[-121.9090909090909, 37.29090909090909], [-121.89090909090909, 37.29090909090909], [-121.89090909090909, 37.30909090909091], [-121.9090909090909, 37.30909090909091], [-121.9090909090909, 37.29090909090909]]]}, "properties": {"n": 3294, "missing_pct": 0.0, "gx": 2051, "gy": -6705}}, {"type": "Feature", "geometry": {"type": "Polygon", "coordinates": [[[-121.98181818181818, 37.127272727272725], [-121.96363636363637, 37.127272727272725], [-121.96363636363637, 37.14545454545455], [-121.98181818181818, 37.14545454545455], [-121.98181818181818, 37.127272727272725]]]}, "properties": {"n": 84, "missing_pct": 1.19, "gx": 2042, "gy": -6709}}, {"type": "Feature", "geometry": {"type": "Polygon", "coordinates": [[[-121.9090909090909, 37.27272727272727], [-121.89090909090909, 37.27272727272727], [-121.89090909090909, 37.29090909090909], [-121.9090909090909, 37.29090909090909], [-121.9090909090909, 37.27272727272727]]]}, "properties": {"n": 2962, "missing_pct": 0.0, "gx": 2050, "gy": -6705}}, {"type": "Feature", "geometry": {"type": "Polygon", "coordinates": [[[-121.92727272727272, 37.30909090909091], [-121.9090909090909, 37.30909090909091], [-121.9090909090909, 37.32727272727273], [-121.92727272727272, 37.32727272727273], [-121.92727272727272, 37.30909090909091]]]}, "properties": {"n": 2811, "missing_pct": 0.142, "gx": 2052, "gy": -6706}}, {"type": "Feature", "geometry": {"type": "Polygon", "coordinates": [[[-121.61818181818182, 36.981818181818184], [-121.6, 36.981818181818184], [-121.6, 37.0], [-121.61818181818182, 37.0], [-121.61818181818182, 36.981818181818184]]]}, "properties": {"n": 162, "missing_pct": 0.0, "gx": 2034, "gy": -6689}}, {"type": "Feature", "geometry": {"type": "Polygon", "coordinates": [[[-122.07272727272728, 37.4], [-122.05454545454545, 37.4], [-122.05454545454545, 37.41818181818182], [-122.07272727272728, 37.41818181818182], [-122.07272727272728, 37.4]]]}, "properties": {"n": 1259, "missing_pct": 0.397, "gx": 2057, "gy": -6714}}, {"type": "Feature", "geometry": {"type": "Polygon", "coordinates": [[[-121.96363636363637, 37.32727272727273], [-121.94545454545455, 37.32727272727273], [-121.94545454545455, 37.345454545454544], [-121.96363636363637, 37.345454545454544], [-121.96363636363637, 37.32727272727273]]]}, "properties": {"n": 2999, "missing_pct": 0.033, "gx": 2053, "gy": -6708}}, {"type": "Feature", "geometry": {"type": "Polygon", "coordinates": [[[-122.0, 37.30909090909091], [-121.98181818181818, 37.30909090909091], [-121.98181818181818, 37.32727272727273], [-122.0, 37.32727272727273], [-122.0, 37.30909090909091]]]}, "properties": {"n": 3113, "missing_pct": 0.161, "gx": 2052, "gy": -6710}}, {"type": "Feature", "geometry": {"type": "Polygon", "coordinates": [[[-121.56363636363636, 36.981818181818184], [-121.54545454545455, 36.981818181818184], [-121.54545454545455, 37.0], [-121.56363636363636, 37.0], [-121.56363636363636, 36.981818181818184]]]}, "properties": {"n": 262, "missing_pct": 1.145, "gx": 2034, "gy": -6686}}, {"type": "Feature", "geometry": {"type": "Polygon", "coordinates": [[[-121.87272727272727, 37.2], [-121.85454545454546, 37.2], [-121.85454545454546, 37.21818181818182], [-121.87272727272727, 37.21818181818182], [-121.87272727272727, 37.2]]]}, "properties": {"n": 1631, "missing_pct": 0.061, "gx": 2046, "gy": -6703}}, {"type": "Feature", "geometry": {"type": "Polygon", "coordinates": [[[-121.67272727272727, 37.127272727272725], [-121.65454545454546, 37.127272727272725], [-121.65454545454546, 37.14545454545455], [-121.67272727272727, 37.14545454545455], [-121.67272727272727, 37.127272727272725]]]}, "properties": {"n": 1941, "missing_pct": 0.824, "gx": 2042, "gy": -6692}}, {"type": "Feature", "geometry": {"type": "Polygon", "coordinates": [[[-122.0909090909091, 37.345454545454544], [-122.07272727272728, 37.345454545454544], [-122.07272727272728, 37.36363636363637], [-122.0909090909091, 37.36363636363637], [-122.0909090909091, 37.345454545454544]]]}, "properties": {"n": 2178, "missing_pct": 0.184, "gx": 2054, "gy": -6715}}, {"type": "Feature", "geometry": {"type": "Polygon", "coordinates": [[[-121.85454545454546, 37.236363636363635], [-121.83636363636364, 37.236363636363635], [-121.83636363636364, 37.25454545454546], [-121.85454545454546, 37.25454545454546], [-121.85454545454546, 37.236363636363635]]]}, "properties": {"n": 3750, "missing_pct": 0.107, "gx": 2048, "gy": -6702}}, {"type": "Feature", "geometry": {"type": "Polygon", "coordinates": [[[-122.01818181818182, 37.25454545454546], [-122.0, 37.25454545454546], [-122.0, 37.27272727272727], [-122.01818181818182, 37.27272727272727], [-122.01818181818182, 37.25454545454546]]]}, "properties": {"n": 742, "missing_pct": 0.404, "gx": 2049, "gy": -6711}}, {"type": "Feature", "geometry": {"type": "Polygon", "coordinates": [[[-121.85454545454546, 37.36363636363637], [-121.83636363636364, 37.36363636363637], [-121.83636363636364, 37.38181818181818], [-121.85454545454546, 37.38181818181818], [-121.85454545454546, 37.36363636363637]]]}, "properties": {"n": 3490, "missing_pct": 0.201, "gx": 2055, "gy": -6702}}, {"type": "Feature", "geometry": {"type": "Polygon", "coordinates": [[[-121.8, 37.18181818181818], [-121.78181818181818, 37.18181818181818], [-121.78181818181818, 37.2], [-121.8, 37.2], [-121.8, 37.18181818181818]]]}, "properties": {"n": 100, "missing_pct": 0.0, "gx": 2045, "gy": -6699}}, {"type": "Feature", "geometry": {"type": "Polygon", "coordinates": [[[-122.12727272727273, 37.36363636363637], [-122.10909090909091, 37.36363636363637], [-122.10909090909091, 37.38181818181818], [-122.12727272727273, 37.38181818181818], [-122.12727272727273, 37.36363636363637]]]}, "properties": {"n": 1838, "missing_pct": 0.272, "gx": 2055, "gy": -6717}}, {"type": "Feature", "geometry": {"type": "Polygon", "coordinates": [[[-121.63636363636364, 37.14545454545455], [-121.61818181818182, 37.14545454545455], [-121.61818181818182, 37.163636363636364], [-121.63636363636364, 37.163636363636364], [-121.63636363636364, 37.14545454545455]]]}, "properties": {"n": 413, "missing_pct": 0.484, "gx": 2043, "gy": -6690}}, {"type": "Feature", "geometry": {"type": "Polygon", "coordinates": [[[-122.12727272727273, 37.32727272727273], [-122.10909090909091, 37.32727272727273], [-122.10909090909091, 37.345454545454544], [-122.12727272727273, 37.345454545454544], [-122.12727272727273, 37.32727272727273]]]}, "properties": {"n": 147, "missing_pct": 0.0, "gx": 2053, "gy": -6717}}, {"type": "Feature", "geometry": {"type": "Polygon", "coordinates": [[[-121.89090909090909, 37.38181818181818], [-121.87272727272727, 37.38181818181818], [-121.87272727272727, 37.4], [-121.89090909090909, 37.4], [-121.89090909090909, 37.38181818181818]]]}, "properties": {"n": 2970, "missing_pct": 0.034, "gx": 2056, "gy": -6704}}, {"type": "Feature", "geometry": {"type": "Polygon", "coordinates": [[[-121.81818181818181, 37.32727272727273], [-121.8, 37.32727272727273], [-121.8, 37.345454545454544], [-121.81818181818181, 37.345454545454544], [-121.81818181818181, 37.32727272727273]]]}, "properties": {"n": 1672, "missing_pct": 0.0, "gx": 2053, "gy": -6700}}, {"type": "Feature", "geometry": {"type": "Polygon", "coordinates": [[[-122.07272727272728, 37.38181818181818], [-122.05454545454545, 37.38181818181818], [-122.05454545454545, 37.4], [-122.07272727272728, 37.4], [-122.07272727272728, 37.38181818181818]]]}, "properties": {"n": 3001, "missing_pct": 0.4, "gx": 2056, "gy": -6714}}, {"type": "Feature", "geometry": {"type": "Polygon", "coordinates": [[[-122.0, 37.18181818181818], [-121.98181818181818, 37.18181818181818], [-121.98181818181818, 37.2], [-122.0, 37.2], [-122.0, 37.18181818181818]]]}, "properties": {"n": 84, "missing_pct": 0.0, "gx": 2045, "gy": -6710}}, {"type": "Feature", "geometry": {"type": "Polygon", "coordinates": [[[-122.03636363636363, 37.30909090909091], [-122.01818181818182, 37.30909090909091], [-122.01818181818182, 37.32727272727273], [-122.03636363636363, 37.32727272727273], [-122.03636363636363, 37.30909090909091]]]}, "properties": {"n": 2786, "missing_pct": 0.036, "gx": 2052, "gy": -6712}}, {"type": "Feature", "geometry": {"type": "Polygon", "coordinates": [[[-122.0909090909091, 37.30909090909091], [-122.07272727272728, 37.30909090909091], [-122.07272727272728, 37.32727272727273], [-122.0909090909091, 37.32727272727273], [-122.0909090909091, 37.30909090909091]]]}, "properties": {"n": 497, "missing_pct": 0.0, "gx": 2052, "gy": -6715}}, {"type": "Feature", "geometry": {"type": "Polygon", "coordinates": [[[-121.67272727272727, 37.07272727272727], [-121.65454545454546, 37.07272727272727], [-121.65454545454546, 37.09090909090909], [-121.67272727272727, 37.09090909090909], [-121.67272727272727, 37.07272727272727]]]}, "properties": {"n": 89, "missing_pct": 0.0, "gx": 2039, "gy": -6692}}, {"type": "Feature", "geometry": {"type": "Polygon", "coordinates": [[[-122.03636363636363, 37.345454545454544], [-122.01818181818182, 37.345454545454544], [-122.01818181818182, 37.36363636363637], [-122.03636363636363, 37.36363636363637], [-122.03636363636363, 37.345454545454544]]]}, "properties": {"n": 3005, "missing_pct": 0.067, "gx": 2054, "gy": -6712}}, {"type": "Feature", "geometry": {"type": "Polygon", "coordinates": [[[-121.98181818181818, 37.38181818181818], [-121.96363636363637, 37.38181818181818], [-121.96363636363637, 37.4], [-121.98181818181818, 37.4], [-121.98181818181818, 37.38181818181818]]]}, "properties": {"n": 652, "missing_pct": 0.46, "gx": 2056, "gy": -6709}}, {"type": "Feature", "geometry": {"type": "Polygon", "coordinates": [[[-121.52727272727273, 37.018181818181816], [-121.50909090909092, 37.018181818181816], [-121.50909090909092, 37.03636363636364], [-121.52727272727273, 37.03636363636364], [-121.52727272727273, 37.018181818181816]]]}, "properties": {"n": 89, "missing_pct": 0.0, "gx": 2036, "gy": -6684}}, {"type": "Feature", "geometry": {"type": "Polygon", "coordinates": [[[-121.96363636363637, 37.25454545454546], [-121.94545454545455, 37.25454545454546], [-121.94545454545455, 37.27272727272727], [-121.96363636363637, 37.27272727272727], [-121.96363636363637, 37.25454545454546]]]}, "properties": {"n": 1848, "missing_pct": 0.325, "gx": 2049, "gy": -6708}}, {"type": "Feature", "geometry": {"type": "Polygon", "coordinates": [[[-121.98181818181818, 37.41818181818182], [-121.96363636363637, 37.41818181818182], [-121.96363636363637, 37.43636363636364], [-121.98181818181818, 37.43636363636364], [-121.98181818181818, 37.41818181818182]]]}, "properties": {"n": 707, "missing_pct": 11.315, "gx": 2058, "gy": -6709}}, {"type": "Feature", "geometry": {"type": "Polygon", "coordinates": [[[-121.87272727272727, 37.25454545454546], [-121.85454545454546, 37.25454545454546], [-121.85454545454546, 37.27272727272727], [-121.87272727272727, 37.27272727272727], [-121.87272727272727, 37.25454545454546]]]}, "properties": {"n": 2540, "missing_pct": 0.354, "gx": 2049, "gy": -6703}}, {"type": "Feature", "geometry": {"type": "Polygon", "coordinates": [[[-122.0, 37.4], [-121.98181818181818, 37.4], [-121.98181818181818, 37.41818181818182], [-122.0, 37.41818181818182], [-122.0, 37.4]]]}, "properties": {"n": 169, "missing_pct": 5.917, "gx": 2057, "gy": -6710}}, {"type": "Feature", "geometry": {"type": "Polygon", "coordinates": [[[-121.83636363636364, 37.29090909090909], [-121.81818181818181, 37.29090909090909], [-121.81818181818181, 37.30909090909091], [-121.83636363636364, 37.30909090909091], [-121.83636363636364, 37.29090909090909]]]}, "properties": {"n": 2053, "missing_pct": 0.097, "gx": 2051, "gy": -6701}}, {"type": "Feature", "geometry": {"type": "Polygon", "coordinates": [[[-121.67272727272727, 37.10909090909091], [-121.65454545454546, 37.10909090909091], [-121.65454545454546, 37.127272727272725], [-121.67272727272727, 37.127272727272725], [-121.67272727272727, 37.10909090909091]]]}, "properties": {"n": 843, "missing_pct": 0.712, "gx": 2041, "gy": -6692}}, {"type": "Feature", "geometry": {"type": "Polygon", "coordinates": [[[-121.65454545454546, 37.10909090909091], [-121.63636363636364, 37.10909090909091], [-121.63636363636364, 37.127272727272725], [-121.65454545454546, 37.127272727272725], [-121.65454545454546, 37.10909090909091]]]}, "properties": {"n": 1127, "missing_pct": 0.444, "gx": 2041, "gy": -6691}}, {"type": "Feature", "geometry": {"type": "Polygon", "coordinates": [[[-122.0909090909091, 37.32727272727273], [-122.07272727272728, 37.32727272727273], [-122.07272727272728, 37.345454545454544], [-122.0909090909091, 37.345454545454544], [-122.0909090909091, 37.32727272727273]]]}, "properties": {"n": 1425, "missing_pct": 0.0, "gx": 2053, "gy": -6715}}, {"type": "Feature", "geometry": {"type": "Polygon", "coordinates": [[[-121.96363636363637, 37.36363636363637], [-121.94545454545455, 37.36363636363637], [-121.94545454545455, 37.38181818181818], [-121.96363636363637, 37.38181818181818], [-121.96363636363637, 37.36363636363637]]]}, "properties": {"n": 357, "missing_pct": 1.401, "gx": 2055, "gy": -6708}}, {"type": "Feature", "geometry": {"type": "Polygon", "coordinates": [[[-121.89090909090909, 37.2], [-121.87272727272727, 37.2], [-121.87272727272727, 37.21818181818182], [-121.89090909090909, 37.21818181818182], [-121.89090909090909, 37.2]]]}, "properties": {"n": 522, "missing_pct": 0.0, "gx": 2046, "gy": -6704}}, {"type": "Feature", "geometry": {"type": "Polygon", "coordinates": [[[-121.89090909090909, 37.27272727272727], [-121.87272727272727, 37.27272727272727], [-121.87272727272727, 37.29090909090909], [-121.89090909090909, 37.29090909090909], [-121.89090909090909, 37.27272727272727]]]}, "properties": {"n": 2645, "missing_pct": 0.038, "gx": 2050, "gy": -6704}}, {"type": "Feature", "geometry": {"type": "Polygon", "coordinates": [[[-122.01818181818182, 37.30909090909091], [-122.0, 37.30909090909091], [-122.0, 37.32727272727273], [-122.01818181818182, 37.32727272727273], [-122.01818181818182, 37.30909090909091]]]}, "properties": {"n": 2551, "missing_pct": 0.039, "gx": 2052, "gy": -6711}}, {"type": "Feature", "geometry": {"type": "Polygon", "coordinates": [[[-121.6, 37.054545454545455], [-121.58181818181818, 37.054545454545455], [-121.58181818181818, 37.07272727272727], [-121.6, 37.07272727272727], [-121.6, 37.054545454545455]]]}, "properties": {"n": 120, "missing_pct": 1.667, "gx": 2038, "gy": -6688}}, {"type": "Feature", "geometry": {"type": "Polygon", "coordinates": [[[-122.07272727272728, 37.345454545454544], [-122.05454545454545, 37.345454545454544], [-122.05454545454545, 37.36363636363637], [-122.07272727272728, 37.36363636363637], [-122.07272727272728, 37.345454545454544]]]}, "properties": {"n": 2305, "missing_pct": 0.0, "gx": 2054, "gy": -6714}}, {"type": "Feature", "geometry": {"type": "Polygon", "coordinates": [[[-121.92727272727272, 37.32727272727273], [-121.9090909090909, 37.32727272727273], [-121.9090909090909, 37.345454545454544], [-121.92727272727272, 37.345454545454544], [-121.92727272727272, 37.32727272727273]]]}, "properties": {"n": 2393, "missing_pct": 0.084, "gx": 2053, "gy": -6706}}, {"type": "Feature", "geometry": {"type": "Polygon", "coordinates": [[[-121.8, 37.345454545454544], [-121.78181818181818, 37.345454545454544], [-121.78181818181818, 37.36363636363637], [-121.8, 37.36363636363637], [-121.8, 37.345454545454544]]]}, "properties": {"n": 1072, "missing_pct": 0.187, "gx": 2054, "gy": -6699}}, {"type": "Feature", "geometry": {"type": "Polygon", "coordinates": [[[-121.87272727272727, 37.41818181818182], [-121.85454545454546, 37.41818181818182], [-121.85454545454546, 37.43636363636364], [-121.87272727272727, 37.43636363636364], [-121.87272727272727, 37.41818181818182]]]}, "properties": {"n": 2349, "missing_pct": 0.128, "gx": 2058, "gy": -6703}}, {"type": "Feature", "geometry": {"type": "Polygon", "coordinates": [[[-122.0909090909091, 37.4], [-122.07272727272728, 37.4], [-122.07272727272728, 37.41818181818182], [-122.0909090909091, 37.41818181818182], [-122.0909090909091, 37.4]]]}, "properties": {"n": 2491, "missing_pct": 0.08, "gx": 2057, "gy": -6715}}, {"type": "Feature", "geometry": {"type": "Polygon", "coordinates": [[[-121.85454545454546, 37.38181818181818], [-121.83636363636364, 37.38181818181818], [-121.83636363636364, 37.4], [-121.85454545454546, 37.4], [-121.85454545454546, 37.38181818181818]]]}, "properties": {"n": 2781, "missing_pct": 0.288, "gx": 2056, "gy": -6702}}, {"type": "Feature", "geometry": {"type": "Polygon", "coordinates": [[[-121.63636363636364, 37.07272727272727], [-121.61818181818182, 37.07272727272727], [-121.61818181818182, 37.09090909090909], [-121.63636363636364, 37.09090909090909], [-121.63636363636364, 37.07272727272727]]]}, "properties": {"n": 198, "missing_pct": 0.0, "gx": 2039, "gy": -6690}}, {"type": "Feature", "geometry": {"type": "Polygon", "coordinates": [[[-121.8, 37.21818181818182], [-121.78181818181818, 37.21818181818182], [-121.78181818181818, 37.236363636363635], [-121.8, 37.236363636363635], [-121.8, 37.21818181818182]]]}, "properties": {"n": 1884, "missing_pct": 0.265, "gx": 2047, "gy": -6699}}, {"type": "Feature", "geometry": {"type": "Polygon", "coordinates": [[[-122.16363636363636, 37.38181818181818], [-122.14545454545454, 37.38181818181818], [-122.14545454545454, 37.4], [-122.16363636363636, 37.4], [-122.16363636363636, 37.38181818181818]]]}, "properties": {"n": 201, "missing_pct": 0.498, "gx": 2056, "gy": -6719}}, {"type": "Feature", "geometry": {"type": "Polygon", "coordinates": [[[-121.81818181818181, 37.36363636363637], [-121.8, 37.36363636363637], [-121.8, 37.38181818181818], [-121.81818181818181, 37.38181818181818], [-121.81818181818181, 37.36363636363637]]]}, "properties": {"n": 1753, "missing_pct": 0.114, "gx": 2055, "gy": -6700}}, {"type": "Feature", "geometry": {"type": "Polygon", "coordinates": [[[-121.85454545454546, 37.21818181818182], [-121.83636363636364, 37.21818181818182], [-121.83636363636364, 37.236363636363635], [-121.85454545454546, 37.236363636363635], [-121.85454545454546, 37.21818181818182]]]}, "properties": {"n": 1127, "missing_pct": 0.799, "gx": 2047, "gy": -6702}}, {"type": "Feature", "geometry": {"type": "Polygon", "coordinates": [[[-122.12727272727273, 37.41818181818182], [-122.10909090909091, 37.41818181818182], [-122.10909090909091, 37.43636363636364], [-122.12727272727273, 37.43636363636364], [-122.12727272727273, 37.41818181818182]]]}, "properties": {"n": 2948, "missing_pct": 0.068, "gx": 2058, "gy": -6717}}, {"type": "Feature", "geometry": {"type": "Polygon", "coordinates": [[[-122.18181818181819, 37.4], [-122.16363636363636, 37.4], [-122.16363636363636, 37.41818181818182], [-122.18181818181819, 37.41818181818182], [-122.18181818181819, 37.4]]]}, "properties": {"n": 119, "missing_pct": 0.0, "gx": 2057, "gy": -6720}}, {"type": "Feature", "geometry": {"type": "Polygon", "coordinates": [[[-122.07272727272728, 37.25454545454546], [-122.05454545454545, 37.25454545454546], [-122.05454545454545, 37.27272727272727], [-122.07272727272728, 37.27272727272727], [-122.07272727272728, 37.25454545454546]]]}, "properties": {"n": 106, "missing_pct": 0.943, "gx": 2049, "gy": -6714}}, {"type": "Feature", "geometry": {"type": "Polygon", "coordinates": [[[-121.67272727272727, 37.0], [-121.65454545454546, 37.0], [-121.65454545454546, 37.018181818181816], [-121.67272727272727, 37.018181818181816], [-121.67272727272727, 37.0]]]}, "properties": {"n": 100, "missing_pct": 0.0, "gx": 2035, "gy": -6692}}, {"type": "Feature", "geometry": {"type": "Polygon", "coordinates": [[[-122.10909090909091, 37.4], [-122.0909090909091, 37.4], [-122.0909090909091, 37.41818181818182], [-122.10909090909091, 37.41818181818182], [-122.10909090909091, 37.4]]]}, "properties": {"n": 3686, "missing_pct": 0.054, "gx": 2057, "gy": -6716}}, {"type": "Feature", "geometry": {"type": "Polygon", "coordinates": [[[-122.16363636363636, 37.45454545454545], [-122.14545454545454, 37.45454545454545], [-122.14545454545454, 37.472727272727276], [-122.16363636363636, 37.472727272727276], [-122.16363636363636, 37.45454545454545]]]}, "properties": {"n": 134, "missing_pct": 1.493, "gx": 2060, "gy": -6719}}, {"type": "Feature", "geometry": {"type": "Polygon", "coordinates": [[[-121.94545454545455, 37.25454545454546], [-121.92727272727272, 37.25454545454546], [-121.92727272727272, 37.27272727272727], [-121.94545454545455, 37.27272727272727], [-121.94545454545455, 37.25454545454546]]]}, "properties": {"n": 3008, "missing_pct": 0.0, "gx": 2049, "gy": -6707}}, {"type": "Feature", "geometry": {"type": "Polygon", "coordinates": [[[-122.01818181818182, 37.4], [-122.0, 37.4], [-122.0, 37.41818181818182], [-122.01818181818182, 37.41818181818182], [-122.01818181818182, 37.4]]]}, "properties": {"n": 988, "missing_pct": 0.202, "gx": 2057, "gy": -6711}}, {"type": "Feature", "geometry": {"type": "Polygon", "coordinates": [[[-122.10909090909091, 37.32727272727273], [-122.0909090909091, 37.32727272727273], [-122.0909090909091, 37.345454545454544], [-122.10909090909091, 37.345454545454544], [-122.10909090909091, 37.32727272727273]]]}, "properties": {"n": 252, "missing_pct": 0.0, "gx": 2053, "gy": -6716}}, {"type": "Feature", "geometry": {"type": "Polygon", "coordinates": [[[-122.16363636363636, 37.43636363636364], [-122.14545454545454, 37.43636363636364], [-122.14545454545454, 37.45454545454545], [-122.16363636363636, 37.45454545454545], [-122.16363636363636, 37.43636363636364]]]}, "properties": {"n": 3051, "missing_pct": 0.393, "gx": 2059, "gy": -6719}}, {"type": "Feature", "geometry": {"type": "Polygon", "coordinates": [[[-121.87272727272727, 37.27272727272727], [-121.85454545454546, 37.27272727272727], [-121.85454545454546, 37.29090909090909], [-121.87272727272727, 37.29090909090909], [-121.87272727272727, 37.27272727272727]]]}, "properties": {"n": 2478, "missing_pct": 0.04, "gx": 2050, "gy": -6703}}, {"type": "Feature", "geometry": {"type": "Polygon", "coordinates": [[[-121.89090909090909, 37.45454545454545], [-121.87272727272727, 37.45454545454545], [-121.87272727272727, 37.472727272727276], [-121.89090909090909, 37.472727272727276], [-121.89090909090909, 37.45454545454545]]]}, "properties": {"n": 112, "missing_pct": 0.0, "gx": 2060, "gy": -6704}}, {"type": "Feature", "geometry": {"type": "Polygon", "coordinates": [[[-121.6, 36.981818181818184], [-121.58181818181818, 36.981818181818184], [-121.58181818181818, 37.0], [-121.6, 37.0], [-121.6, 36.981818181818184]]]}, "properties": {"n": 977, "missing_pct": 0.102, "gx": 2034, "gy": -6688}}, {"type": "Feature", "geometry": {"type": "Polygon", "coordinates": [[[-122.05454545454545, 37.25454545454546], [-122.03636363636363, 37.25454545454546], [-122.03636363636363, 37.27272727272727], [-122.05454545454545, 37.27272727272727], [-122.05454545454545, 37.25454545454546]]]}, "properties": {"n": 999, "missing_pct": 0.0, "gx": 2049, "gy": -6713}}, {"type": "Feature", "geometry": {"type": "Polygon", "coordinates": [[[-121.96363636363637, 37.236363636363635], [-121.94545454545455, 37.236363636363635], [-121.94545454545455, 37.25454545454546], [-121.96363636363637, 37.25454545454546], [-121.96363636363637, 37.236363636363635]]]}, "properties": {"n": 2343, "missing_pct": 0.256, "gx": 2048, "gy": -6708}}, {"type": "Feature", "geometry": {"type": "Polygon", "coordinates": [[[-121.94545454545455, 37.236363636363635], [-121.92727272727272, 37.236363636363635], [-121.92727272727272, 37.25454545454546], [-121.94545454545455, 37.25454545454546], [-121.94545454545455, 37.236363636363635]]]}, "properties": {"n": 2887, "missing_pct": 0.069, "gx": 2048, "gy": -6707}}, {"type": "Feature", "geometry": {"type": "Polygon", "coordinates": [[[-121.96363636363637, 37.4], [-121.94545454545455, 37.4], [-121.94545454545455, 37.41818181818182], [-121.96363636363637, 37.41818181818182], [-121.96363636363637, 37.4]]]}, "properties": {"n": 1260, "missing_pct": 0.635, "gx": 2057, "gy": -6708}}, {"type": "Feature", "geometry": {"type": "Polygon", "coordinates": [[[-121.92727272727272, 37.41818181818182], [-121.9090909090909, 37.41818181818182], [-121.9090909090909, 37.43636363636364], [-121.92727272727272, 37.43636363636364], [-121.92727272727272, 37.41818181818182]]]}, "properties": {"n": 1278, "missing_pct": 1.174, "gx": 2058, "gy": -6706}}, {"type": "Feature", "geometry": {"type": "Polygon", "coordinates": [[[-121.9090909090909, 37.21818181818182], [-121.89090909090909, 37.21818181818182], [-121.89090909090909, 37.236363636363635], [-121.9090909090909, 37.236363636363635], [-121.9090909090909, 37.21818181818182]]]}, "properties": {"n": 2212, "missing_pct": 0.0, "gx": 2047, "gy": -6705}}, {"type": "Feature", "geometry": {"type": "Polygon", "coordinates": [[[-121.8, 37.36363636363637], [-121.78181818181818, 37.36363636363637], [-121.78181818181818, 37.38181818181818], [-121.8, 37.38181818181818], [-121.8, 37.36363636363637]]]}, "properties": {"n": 153, "missing_pct": 1.307, "gx": 2055, "gy": -6699}}, {"type": "Feature", "geometry": {"type": "Polygon", "coordinates": [[[-122.07272727272728, 37.32727272727273], [-122.05454545454545, 37.32727272727273], [-122.05454545454545, 37.345454545454544], [-122.07272727272728, 37.345454545454544], [-122.07272727272728, 37.32727272727273]]]}, "properties": {"n": 1928, "missing_pct": 0.467, "gx": 2053, "gy": -6714}}, {"type": "Feature", "geometry": {"type": "Polygon", "coordinates": [[[-121.58181818181818, 37.054545454545455], [-121.56363636363636, 37.054545454545455], [-121.56363636363636, 37.07272727272727], [-121.58181818181818, 37.07272727272727], [-121.58181818181818, 37.054545454545455]]]}, "properties": {"n": 258, "missing_pct": 0.388, "gx": 2038, "gy": -6687}}, {"type": "Feature", "geometry": {"type": "Polygon", "coordinates": [[[-121.69090909090909, 37.14545454545455], [-121.67272727272727, 37.14545454545455], [-121.67272727272727, 37.163636363636364], [-121.69090909090909, 37.163636363636364], [-121.69090909090909, 37.14545454545455]]]}, "properties": {"n": 383, "missing_pct": 0.261, "gx": 2043, "gy": -6693}}, {"type": "Feature", "geometry": {"type": "Polygon", "coordinates": [[[-121.85454545454546, 37.32727272727273], [-121.83636363636364, 37.32727272727273], [-121.83636363636364, 37.345454545454544], [-121.85454545454546, 37.345454545454544], [-121.85454545454546, 37.32727272727273]]]}, "properties": {"n": 2310, "missing_pct": 0.173, "gx": 2053, "gy": -6702}}, {"type": "Feature", "geometry": {"type": "Polygon", "coordinates": [[[-122.07272727272728, 37.36363636363637], [-122.05454545454545, 37.36363636363637], [-122.05454545454545, 37.38181818181818], [-122.07272727272728, 37.38181818181818], [-122.07272727272728, 37.36363636363637]]]}, "properties": {"n": 2268, "missing_pct": 0.044, "gx": 2055, "gy": -6714}}, {"type": "Feature", "geometry": {"type": "Polygon", "coordinates": [[[-121.81818181818181, 37.25454545454546], [-121.8, 37.25454545454546], [-121.8, 37.27272727272727], [-121.81818181818181, 37.27272727272727], [-121.81818181818181, 37.25454545454546]]]}, "properties": {"n": 2677, "missing_pct": 0.037, "gx": 2049, "gy": -6700}}, {"type": "Feature", "geometry": {"type": "Polygon", "coordinates": [[[-121.65454545454546, 37.127272727272725], [-121.63636363636364, 37.127272727272725], [-121.63636363636364, 37.14545454545455], [-121.65454545454546, 37.14545454545455], [-121.65454545454546, 37.127272727272725]]]}, "properties": {"n": 2205, "missing_pct": 0.363, "gx": 2042, "gy": -6691}}, {"type": "Feature", "geometry": {"type": "Polygon", "coordinates": [[[-121.69090909090909, 37.10909090909091], [-121.67272727272727, 37.10909090909091], [-121.67272727272727, 37.127272727272725], [-121.69090909090909, 37.127272727272725], [-121.69090909090909, 37.10909090909091]]]}, "properties": {"n": 138, "missing_pct": 0.0, "gx": 2041, "gy": -6693}}, {"type": "Feature", "geometry": {"type": "Polygon", "coordinates": [[[-121.63636363636364, 37.09090909090909], [-121.61818181818182, 37.09090909090909], [-121.61818181818182, 37.10909090909091], [-121.63636363636364, 37.10909090909091], [-121.63636363636364, 37.09090909090909]]]}, "properties": {"n": 290, "missing_pct": 0.69, "gx": 2040, "gy": -6690}}, {"type": "Feature", "geometry": {"type": "Polygon", "coordinates": [[[-121.94545454545455, 37.21818181818182], [-121.92727272727272, 37.21818181818182], [-121.92727272727272, 37.236363636363635], [-121.94545454545455, 37.236363636363635], [-121.94545454545455, 37.21818181818182]]]}, "properties": {"n": 278, "missing_pct": 0.36, "gx": 2047, "gy": -6707}}, {"type": "Feature", "geometry": {"type": "Polygon", "coordinates": [[[-121.78181818181818, 37.29090909090909], [-121.76363636363637, 37.29090909090909], [-121.76363636363637, 37.30909090909091], [-121.78181818181818, 37.30909090909091], [-121.78181818181818, 37.29090909090909]]]}, "properties": {"n": 1796, "missing_pct": 0.39, "gx": 2051, "gy": -6698}}, {"type": "Feature", "geometry": {"type": "Polygon", "coordinates": [[[-121.78181818181818, 37.32727272727273], [-121.76363636363637, 37.32727272727273], [-121.76363636363637, 37.345454545454544], [-121.78181818181818, 37.345454545454544], [-121.78181818181818, 37.32727272727273]]]}, "properties": {"n": 1105, "missing_pct": 0.271, "gx": 2053, "gy": -6698}}, {"type": "Feature", "geometry": {"type": "Polygon", "coordinates": [[[-122.05454545454545, 37.27272727272727], [-122.03636363636363, 37.27272727272727], [-122.03636363636363, 37.29090909090909], [-122.05454545454545, 37.29090909090909], [-122.05454545454545, 37.27272727272727]]]}, "properties": {"n": 470, "missing_pct": 0.0, "gx": 2050, "gy": -6713}}, {"type": "Feature", "geometry": {"type": "Polygon", "coordinates": [[[-121.83636363636364, 37.4], [-121.81818181818181, 37.4], [-121.81818181818181, 37.41818181818182], [-121.83636363636364, 37.41818181818182], [-121.83636363636364, 37.4]]]}, "properties": {"n": 169, "missing_pct": 0.0, "gx": 2057, "gy": -6701}}, {"type": "Feature", "geometry": {"type": "Polygon", "coordinates": [[[-121.98181818181818, 37.236363636363635], [-121.96363636363637, 37.236363636363635], [-121.96363636363637, 37.25454545454546], [-121.98181818181818, 37.25454545454546], [-121.98181818181818, 37.236363636363635]]]}, "properties": {"n": 1274, "missing_pct": 0.078, "gx": 2048, "gy": -6709}}, {"type": "Feature", "geometry": {"type": "Polygon", "coordinates": [[[-121.72727272727273, 37.163636363636364], [-121.7090909090909, 37.163636363636364], [-121.7090909090909, 37.18181818181818], [-121.72727272727273, 37.18181818181818], [-121.72727272727273, 37.163636363636364]]]}, "properties": {"n": 96, "missing_pct": 0.0, "gx": 2044, "gy": -6695}}, {"type": "Feature", "geometry": {"type": "Polygon", "coordinates": [[[-121.89090909090909, 37.4], [-121.87272727272727, 37.4], [-121.87272727272727, 37.41818181818182], [-121.89090909090909, 37.41818181818182], [-121.89090909090909, 37.4]]]}, "properties": {"n": 2779, "missing_pct": 0.684, "gx": 2057, "gy": -6704}}, {"type": "Feature", "geometry": {"type": "Polygon", "coordinates": [[[-121.6, 37.0], [-121.58181818181818, 37.0], [-121.58181818181818, 37.018181818181816], [-121.6, 37.018181818181816], [-121.6, 37.0]]]}, "properties": {"n": 2253, "missing_pct": 0.044, "gx": 2035, "gy": -6688}}, {"type": "Feature", "geometry": {"type": "Polygon", "coordinates": [[[-121.92727272727272, 37.36363636363637], [-121.9090909090909, 37.36363636363637], [-121.9090909090909, 37.38181818181818], [-121.92727272727272, 37.38181818181818], [-121.92727272727272, 37.36363636363637]]]}, "properties": {"n": 388, "missing_pct": 0.0, "gx": 2055, "gy": -6706}}, {"type": "Feature", "geometry": {"type": "Polygon", "coordinates": [[[-121.96363636363637, 37.30909090909091], [-121.94545454545455, 37.30909090909091], [-121.94545454545455, 37.32727272727273], [-121.96363636363637, 37.32727272727273], [-121.96363636363637, 37.30909090909091]]]}, "properties": {"n": 3476, "missing_pct": 0.0, "gx": 2052, "gy": -6708}}, {"type": "Feature", "geometry": {"type": "Polygon", "coordinates": [[[-121.94545454545455, 37.32727272727273], [-121.92727272727272, 37.32727272727273], [-121.92727272727272, 37.345454545454544], [-121.94545454545455, 37.345454545454544], [-121.94545454545455, 37.32727272727273]]]}, "properties": {"n": 2941, "missing_pct": 0.068, "gx": 2053, "gy": -6707}}, {"type": "Feature", "geometry": {"type": "Polygon", "coordinates": [[[-122.01818181818182, 37.29090909090909], [-122.0, 37.29090909090909], [-122.0, 37.30909090909091], [-122.01818181818182, 37.30909090909091], [-122.01818181818182, 37.29090909090909]]]}, "properties": {"n": 3093, "missing_pct": 0.097, "gx": 2051, "gy": -6711}}, {"type": "Feature", "geometry": {"type": "Polygon", "coordinates": [[[-121.61818181818182, 37.054545454545455], [-121.6, 37.054545454545455], [-121.6, 37.07272727272727], [-121.61818181818182, 37.07272727272727], [-121.61818181818182, 37.054545454545455]]]}, "properties": {"n": 87, "missing_pct": 0.0, "gx": 2038, "gy": -6689}}, {"type": "Feature", "geometry": {"type": "Polygon", "coordinates": [[[-121.89090909090909, 37.236363636363635], [-121.87272727272727, 37.236363636363635], [-121.87272727272727, 37.25454545454546], [-121.89090909090909, 37.25454545454546], [-121.89090909090909, 37.236363636363635]]]}, "properties": {"n": 2095, "missing_pct": 0.334, "gx": 2048, "gy": -6704}}, {"type": "Feature", "geometry": {"type": "Polygon", "coordinates": [[[-122.10909090909091, 37.38181818181818], [-122.0909090909091, 37.38181818181818], [-122.0909090909091, 37.4], [-122.10909090909091, 37.4], [-122.10909090909091, 37.38181818181818]]]}, "properties": {"n": 2821, "missing_pct": 0.0, "gx": 2056, "gy": -6716}}, {"type": "Feature", "geometry": {"type": "Polygon", "coordinates": [[[-121.87272727272727, 37.29090909090909], [-121.85454545454546, 37.29090909090909], [-121.85454545454546, 37.30909090909091], [-121.87272727272727, 37.30909090909091], [-121.87272727272727, 37.29090909090909]]]}, "properties": {"n": 765, "missing_pct": 0.131, "gx": 2051, "gy": -6703}}, {"type": "Feature", "geometry": {"type": "Polygon", "coordinates": [[[-121.58181818181818, 37.09090909090909], [-121.56363636363636, 37.09090909090909], [-121.56363636363636, 37.10909090909091], [-121.58181818181818, 37.10909090909091], [-121.58181818181818, 37.09090909090909]]]}, "properties": {"n": 81, "missing_pct": 1.235, "gx": 2040, "gy": -6687}}, {"type": "Feature", "geometry": {"type": "Polygon", "coordinates": [[[-122.18181818181819, 37.41818181818182], [-122.16363636363636, 37.41818181818182], [-122.16363636363636, 37.43636363636364], [-122.18181818181819, 37.43636363636364], [-122.18181818181819, 37.41818181818182]]]}, "properties": {"n": 354, "missing_pct": 0.0, "gx": 2058, "gy": -6720}}, {"type": "Feature", "geometry": {"type": "Polygon", "coordinates": [[[-121.83636363636364, 37.30909090909091], [-121.81818181818181, 37.30909090909091], [-121.81818181818181, 37.32727272727273], [-121.83636363636364, 37.32727272727273], [-121.83636363636364, 37.30909090909091]]]}, "properties": {"n": 3063, "missing_pct": 0.098, "gx": 2052, "gy": -6701}}, {"type": "Feature", "geometry": {"type": "Polygon", "coordinates": [[[-121.89090909090909, 37.21818181818182], [-121.87272727272727, 37.21818181818182], [-121.87272727272727, 37.236363636363635], [-121.89090909090909, 37.236363636363635], [-121.89090909090909, 37.21818181818182]]]}, "properties": {"n": 2369, "missing_pct": 0.127, "gx": 2047, "gy": -6704}}, {"type": "Feature", "geometry": {"type": "Polygon", "coordinates": [[[-121.87272727272727, 37.21818181818182], [-121.85454545454546, 37.21818181818182], [-121.85454545454546, 37.236363636363635], [-121.87272727272727, 37.236363636363635], [-121.87272727272727, 37.21818181818182]]]}, "properties": {"n": 1862, "missing_pct": 0.107, "gx": 2047, "gy": -6703}}, {"type": "Feature", "geometry": {"type": "Polygon", "coordinates": [[[-121.98181818181818, 37.163636363636364], [-121.96363636363637, 37.163636363636364], [-121.96363636363637, 37.18181818181818], [-121.98181818181818, 37.18181818181818], [-121.98181818181818, 37.163636363636364]]]}, "properties": {"n": 96, "missing_pct": 3.125, "gx": 2044, "gy": -6709}}, {"type": "Feature", "geometry": {"type": "Polygon", "coordinates": [[[-121.56363636363636, 37.03636363636364], [-121.54545454545455, 37.03636363636364], [-121.54545454545455, 37.054545454545455], [-121.56363636363636, 37.054545454545455], [-121.56363636363636, 37.03636363636364]]]}, "properties": {"n": 89, "missing_pct": 0.0, "gx": 2037, "gy": -6686}}, {"type": "Feature", "geometry": {"type": "Polygon", "coordinates": [[[-121.83636363636364, 37.345454545454544], [-121.81818181818181, 37.345454545454544], [-121.81818181818181, 37.36363636363637], [-121.83636363636364, 37.36363636363637], [-121.83636363636364, 37.345454545454544]]]}, "properties": {"n": 3256, "missing_pct": 0.307, "gx": 2054, "gy": -6701}}, {"type": "Feature", "geometry": {"type": "Polygon", "coordinates": [[[-121.76363636363637, 37.25454545454546], [-121.74545454545455, 37.25454545454546], [-121.74545454545455, 37.27272727272727], [-121.76363636363637, 37.27272727272727], [-121.76363636363637, 37.25454545454546]]]}, "properties": {"n": 98, "missing_pct": 0.0, "gx": 2049, "gy": -6697}}, {"type": "Feature", "geometry": {"type": "Polygon", "coordinates": [[[-121.92727272727272, 37.21818181818182], [-121.9090909090909, 37.21818181818182], [-121.9090909090909, 37.236363636363635], [-121.92727272727272, 37.236363636363635], [-121.92727272727272, 37.21818181818182]]]}, "properties": {"n": 885, "missing_pct": 0.678, "gx": 2047, "gy": -6706}}, {"type": "Feature", "geometry": {"type": "Polygon", "coordinates": [[[-121.83636363636364, 37.32727272727273], [-121.81818181818181, 37.32727272727273], [-121.81818181818181, 37.345454545454544], [-121.83636363636364, 37.345454545454544], [-121.83636363636364, 37.32727272727273]]]}, "properties": {"n": 2816, "missing_pct": 0.497, "gx": 2053, "gy": -6701}}, {"type": "Feature", "geometry": {"type": "Polygon", "coordinates": [[[-121.92727272727272, 37.38181818181818], [-121.9090909090909, 37.38181818181818], [-121.9090909090909, 37.4], [-121.92727272727272, 37.4], [-121.92727272727272, 37.38181818181818]]]}, "properties": {"n": 421, "missing_pct": 0.713, "gx": 2056, "gy": -6706}}, {"type": "Feature", "geometry": {"type": "Polygon", "coordinates": [[[-121.78181818181818, 37.236363636363635], [-121.76363636363637, 37.236363636363635], [-121.76363636363637, 37.25454545454546], [-121.78181818181818, 37.25454545454546], [-121.78181818181818, 37.236363636363635]]]}, "properties": {"n": 1064, "missing_pct": 0.282, "gx": 2048, "gy": -6698}}, {"type": "Feature", "geometry": {"type": "Polygon", "coordinates": [[[-121.58181818181818, 37.018181818181816], [-121.56363636363636, 37.018181818181816], [-121.56363636363636, 37.03636363636364], [-121.58181818181818, 37.03636363636364], [-121.58181818181818, 37.018181818181816]]]}, "properties": {"n": 766, "missing_pct": 0.653, "gx": 2036, "gy": -6687}}, {"type": "Feature", "geometry": {"type": "Polygon", "coordinates": [[[-121.74545454545455, 37.27272727272727], [-121.72727272727273, 37.27272727272727], [-121.72727272727273, 37.29090909090909], [-121.74545454545455, 37.29090909090909], [-121.74545454545455, 37.27272727272727]]]}, "properties": {"n": 1057, "missing_pct": 0.0, "gx": 2050, "gy": -6696}}, {"type": "Feature", "geometry": {"type": "Polygon", "coordinates": [[[-122.14545454545454, 37.38181818181818], [-122.12727272727273, 37.38181818181818], [-122.12727272727273, 37.4], [-122.14545454545454, 37.4], [-122.14545454545454, 37.38181818181818]]]}, "properties": {"n": 562, "missing_pct": 0.0, "gx": 2056, "gy": -6718}}, {"type": "Feature", "geometry": {"type": "Polygon", "coordinates": [[[-121.61818181818182, 37.127272727272725], [-121.6, 37.127272727272725], [-121.6, 37.14545454545455], [-121.61818181818182, 37.14545454545455], [-121.61818181818182, 37.127272727272725]]]}, "properties": {"n": 1072, "missing_pct": 0.84, "gx": 2042, "gy": -6689}}, {"type": "Feature", "geometry": {"type": "Polygon", "coordinates": [[[-121.7090909090909, 37.163636363636364], [-121.69090909090909, 37.163636363636364], [-121.69090909090909, 37.18181818181818], [-121.7090909090909, 37.18181818181818], [-121.7090909090909, 37.163636363636364]]]}, "properties": {"n": 140, "missing_pct": 1.429, "gx": 2044, "gy": -6694}}, {"type": "Feature", "geometry": {"type": "Polygon", "coordinates": [[[-121.85454545454546, 37.345454545454544], [-121.83636363636364, 37.345454545454544], [-121.83636363636364, 37.36363636363637], [-121.85454545454546, 37.36363636363637], [-121.85454545454546, 37.345454545454544]]]}, "properties": {"n": 3574, "missing_pct": 0.14, "gx": 2054, "gy": -6702}}, {"type": "Feature", "geometry": {"type": "Polygon", "coordinates": [[[-121.96363636363637, 37.38181818181818], [-121.94545454545455, 37.38181818181818], [-121.94545454545455, 37.4], [-121.96363636363637, 37.4], [-121.96363636363637, 37.38181818181818]]]}, "properties": {"n": 2520, "missing_pct": 0.159, "gx": 2056, "gy": -6708}}, {"type": "Feature", "geometry": {"type": "Polygon", "coordinates": [[[-122.12727272727273, 37.38181818181818], [-122.10909090909091, 37.38181818181818], [-122.10909090909091, 37.4], [-122.12727272727273, 37.4], [-122.12727272727273, 37.38181818181818]]]}, "properties": {"n": 2168, "missing_pct": 0.0, "gx": 2056, "gy": -6717}}, {"type": "Feature", "geometry": {"type": "Polygon", "coordinates": [[[-121.81818181818181, 37.30909090909091], [-121.8, 37.30909090909091], [-121.8, 37.32727272727273], [-121.81818181818181, 37.32727272727273], [-121.81818181818181, 37.30909090909091]]]}, "properties": {"n": 2433, "missing_pct": 0.37, "gx": 2052, "gy": -6700}}, {"type": "Feature", "geometry": {"type": "Polygon", "coordinates": [[[-121.92727272727272, 37.43636363636364], [-121.9090909090909, 37.43636363636364], [-121.9090909090909, 37.45454545454545], [-121.92727272727272, 37.45454545454545], [-121.92727272727272, 37.43636363636364]]]}, "properties": {"n": 1931, "missing_pct": 1.295, "gx": 2059, "gy": -6706}}, {"type": "Feature", "geometry": {"type": "Polygon", "coordinates": [[[-121.96363636363637, 37.127272727272725], [-121.94545454545455, 37.127272727272725], [-121.94545454545455, 37.14545454545455], [-121.96363636363637, 37.14545454545455], [-121.96363636363637, 37.127272727272725]]]}, "properties": {"n": 82, "missing_pct": 0.0, "gx": 2042, "gy": -6708}}, {"type": "Feature", "geometry": {"type": "Polygon", "coordinates": [[[-122.01818181818182, 37.36363636363637], [-122.0, 37.36363636363637], [-122.0, 37.38181818181818], [-122.01818181818182, 37.38181818181818], [-122.01818181818182, 37.36363636363637]]]}, "properties": {"n": 2407, "missing_pct": 0.249, "gx": 2055, "gy": -6711}}, {"type": "Feature", "geometry": {"type": "Polygon", "coordinates": [[[-121.78181818181818, 37.27272727272727], [-121.76363636363637, 37.27272727272727], [-121.76363636363637, 37.29090909090909], [-121.78181818181818, 37.29090909090909], [-121.78181818181818, 37.27272727272727]]]}, "properties": {"n": 1113, "missing_pct": 0.0, "gx": 2050, "gy": -6698}}, {"type": "Feature", "geometry": {"type": "Polygon", "coordinates": [[[-122.12727272727273, 37.43636363636364], [-122.10909090909091, 37.43636363636364], [-122.10909090909091, 37.45454545454545], [-122.12727272727273, 37.45454545454545], [-122.12727272727273, 37.43636363636364]]]}, "properties": {"n": 1319, "missing_pct": 0.758, "gx": 2059, "gy": -6717}}, {"type": "Feature", "geometry": {"type": "Polygon", "coordinates": [[[-121.78181818181818, 37.25454545454546], [-121.76363636363637, 37.25454545454546], [-121.76363636363637, 37.27272727272727], [-121.78181818181818, 37.27272727272727], [-121.78181818181818, 37.25454545454546]]]}, "properties": {"n": 211, "missing_pct": 0.0, "gx": 2049, "gy": -6698}}, {"type": "Feature", "geometry": {"type": "Polygon", "coordinates": [[[-121.94545454545455, 37.36363636363637], [-121.92727272727272, 37.36363636363637], [-121.92727272727272, 37.38181818181818], [-121.94545454545455, 37.38181818181818], [-121.94545454545455, 37.36363636363637]]]}, "properties": {"n": 127, "missing_pct": 1.575, "gx": 2055, "gy": -6707}}, {"type": "Feature", "geometry": {"type": "Polygon", "coordinates": [[[-121.98181818181818, 37.29090909090909], [-121.96363636363637, 37.29090909090909], [-121.96363636363637, 37.30909090909091], [-121.98181818181818, 37.30909090909091], [-121.98181818181818, 37.29090909090909]]]}, "properties": {"n": 2799, "missing_pct": 0.0, "gx": 2051, "gy": -6709}}, {"type": "Feature", "geometry": {"type": "Polygon", "coordinates": [[[-121.8, 37.30909090909091], [-121.78181818181818, 37.30909090909091], [-121.78181818181818, 37.32727272727273], [-121.8, 37.32727272727273], [-121.8, 37.30909090909091]]]}, "properties": {"n": 3207, "missing_pct": 0.218, "gx": 2052, "gy": -6699}}, {"type": "Feature", "geometry": {"type": "Polygon", "coordinates": [[[-121.76363636363637, 37.21818181818182], [-121.74545454545455, 37.21818181818182], [-121.74545454545455, 37.236363636363635], [-121.76363636363637, 37.236363636363635], [-121.76363636363637, 37.21818181818182]]]}, "properties": {"n": 764, "missing_pct": 1.047, "gx": 2047, "gy": -6697}}, {"type": "Feature", "geometry": {"type": "Polygon", "coordinates": [[[-121.65454545454546, 37.09090909090909], [-121.63636363636364, 37.09090909090909], [-121.63636363636364, 37.10909090909091], [-121.65454545454546, 37.10909090909091], [-121.65454545454546, 37.09090909090909]]]}, "properties": {"n": 1778, "missing_pct": 0.45, "gx": 2040, "gy": -6691}}, {"type": "Feature", "geometry": {"type": "Polygon", "coordinates": [[[-121.87272727272727, 37.236363636363635], [-121.85454545454546, 37.236363636363635], [-121.85454545454546, 37.25454545454546], [-121.87272727272727, 37.25454545454546], [-121.87272727272727, 37.236363636363635]]]}, "properties": {"n": 2066, "missing_pct": 0.0, "gx": 2048, "gy": -6703}}, {"type": "Feature", "geometry": {"type": "Polygon", "coordinates": [[[-121.72727272727273, 37.18181818181818], [-121.7090909090909, 37.18181818181818], [-121.7090909090909, 37.2], [-121.72727272727273, 37.2], [-121.72727272727273, 37.18181818181818]]]}, "properties": {"n": 113, "missing_pct": 2.655, "gx": 2045, "gy": -6695}}, {"type": "Feature", "geometry": {"type": "Polygon", "coordinates": [[[-121.65454545454546, 37.14545454545455], [-121.63636363636364, 37.14545454545455], [-121.63636363636364, 37.163636363636364], [-121.65454545454546, 37.163636363636364], [-121.65454545454546, 37.14545454545455]]]}, "properties": {"n": 860, "missing_pct": 0.0, "gx": 2043, "gy": -6691}}, {"type": "Feature", "geometry": {"type": "Polygon", "coordinates": [[[-121.9090909090909, 37.25454545454546], [-121.89090909090909, 37.25454545454546], [-121.89090909090909, 37.27272727272727], [-121.9090909090909, 37.27272727272727], [-121.9090909090909, 37.25454545454546]]]}, "properties": {"n": 3732, "missing_pct": 0.08, "gx": 2049, "gy": -6705}}, {"type": "Feature", "geometry": {"type": "Polygon", "coordinates": [[[-122.03636363636363, 37.29090909090909], [-122.01818181818182, 37.29090909090909], [-122.01818181818182, 37.30909090909091], [-122.03636363636363, 37.30909090909091], [-122.03636363636363, 37.29090909090909]]]}, "properties": {"n": 3258, "missing_pct": 0.092, "gx": 2051, "gy": -6712}}, {"type": "Feature", "geometry": {"type": "Polygon", "coordinates": [[[-121.87272727272727, 37.30909090909091], [-121.85454545454546, 37.30909090909091], [-121.85454545454546, 37.32727272727273], [-121.87272727272727, 37.32727272727273], [-121.87272727272727, 37.30909090909091]]]}, "properties": {"n": 892, "missing_pct": 0.448, "gx": 2052, "gy": -6703}}, {"type": "Feature", "geometry": {"type": "Polygon", "coordinates": [[[-121.8, 37.236363636363635], [-121.78181818181818, 37.236363636363635], [-121.78181818181818, 37.25454545454546], [-121.8, 37.25454545454546], [-121.8, 37.236363636363635]]]}, "properties": {"n": 2050, "missing_pct": 0.439, "gx": 2048, "gy": -6699}}, {"type": "Feature", "geometry": {"type": "Polygon", "coordinates": [[[-121.76363636363637, 37.236363636363635], [-121.74545454545455, 37.236363636363635], [-121.74545454545455, 37.25454545454546], [-121.76363636363637, 37.25454545454546], [-121.76363636363637, 37.236363636363635]]]}, "properties": {"n": 376, "missing_pct": 0.266, "gx": 2048, "gy": -6697}}, {"type": "Feature", "geometry": {"type": "Polygon", "coordinates": [[[-121.6, 37.14545454545455], [-121.58181818181818, 37.14545454545455], [-121.58181818181818, 37.163636363636364], [-121.6, 37.163636363636364], [-121.6, 37.14545454545455]]]}, "properties": {"n": 297, "missing_pct": 0.673, "gx": 2043, "gy": -6688}}, {"type": "Feature", "geometry": {"type": "Polygon", "coordinates": [[[-121.67272727272727, 37.054545454545455], [-121.65454545454546, 37.054545454545455], [-121.65454545454546, 37.07272727272727], [-121.67272727272727, 37.07272727272727], [-121.67272727272727, 37.054545454545455]]]}, "properties": {"n": 152, "missing_pct": 0.0, "gx": 2038, "gy": -6692}}, {"type": "Feature", "geometry": {"type": "Polygon", "coordinates": [[[-121.98181818181818, 37.4], [-121.96363636363637, 37.4], [-121.96363636363637, 37.41818181818182], [-121.98181818181818, 37.41818181818182], [-121.98181818181818, 37.4]]]}, "properties": {"n": 318, "missing_pct": 1.887, "gx": 2057, "gy": -6709}}, {"type": "Feature", "geometry": {"type": "Polygon", "coordinates": [[[-121.98181818181818, 37.25454545454546], [-121.96363636363637, 37.25454545454546], [-121.96363636363637, 37.27272727272727], [-121.98181818181818, 37.27272727272727], [-121.98181818181818, 37.25454545454546]]]}, "properties": {"n": 2469, "missing_pct": 0.365, "gx": 2049, "gy": -6709}}, {"type": "Feature", "geometry": {"type": "Polygon", "coordinates": [[[-121.98181818181818, 37.2], [-121.96363636363637, 37.2], [-121.96363636363637, 37.21818181818182], [-121.98181818181818, 37.21818181818182], [-121.98181818181818, 37.2]]]}, "properties": {"n": 372, "missing_pct": 0.269, "gx": 2046, "gy": -6709}}, {"type": "Feature", "geometry": {"type": "Polygon", "coordinates": [[[-121.9090909090909, 37.41818181818182], [-121.89090909090909, 37.41818181818182], [-121.89090909090909, 37.43636363636364], [-121.9090909090909, 37.43636363636364], [-121.9090909090909, 37.41818181818182]]]}, "properties": {"n": 2074, "missing_pct": 2.314, "gx": 2058, "gy": -6705}}, {"type": "Feature", "geometry": {"type": "Polygon", "coordinates": [[[-121.83636363636364, 37.25454545454546], [-121.81818181818181, 37.25454545454546], [-121.81818181818181, 37.27272727272727], [-121.83636363636364, 37.27272727272727], [-121.83636363636364, 37.25454545454546]]]}, "properties": {"n": 3504, "missing_pct": 0.171, "gx": 2049, "gy": -6701}}, {"type": "Feature", "geometry": {"type": "Polygon", "coordinates": [[[-121.61818181818182, 37.03636363636364], [-121.6, 37.03636363636364], [-121.6, 37.054545454545455], [-121.61818181818182, 37.054545454545455], [-121.61818181818182, 37.03636363636364]]]}, "properties": {"n": 181, "missing_pct": 0.0, "gx": 2037, "gy": -6689}}, {"type": "Feature", "geometry": {"type": "Polygon", "coordinates": [[[-121.89090909090909, 37.41818181818182], [-121.87272727272727, 37.41818181818182], [-121.87272727272727, 37.43636363636364], [-121.89090909090909, 37.43636363636364], [-121.89090909090909, 37.41818181818182]]]}, "properties": {"n": 2558, "missing_pct": 0.352, "gx": 2058, "gy": -6704}}, {"type": "Feature", "geometry": {"type": "Polygon", "coordinates": [[[-122.18181818181819, 37.43636363636364], [-122.16363636363636, 37.43636363636364], [-122.16363636363636, 37.45454545454545], [-122.18181818181819, 37.45454545454545], [-122.18181818181819, 37.43636363636364]]]}, "properties": {"n": 581, "missing_pct": 1.033, "gx": 2059, "gy": -6720}}, {"type": "Feature", "geometry": {"type": "Polygon", "coordinates": [[[-121.89090909090909, 37.25454545454546], [-121.87272727272727, 37.25454545454546], [-121.87272727272727, 37.27272727272727], [-121.89090909090909, 37.27272727272727], [-121.89090909090909, 37.25454545454546]]]}, "properties": {"n": 3172, "missing_pct": 0.063, "gx": 2049, "gy": -6704}}, {"type": "Feature", "geometry": {"type": "Polygon", "coordinates": [[[-121.83636363636364, 37.18181818181818], [-121.81818181818181, 37.18181818181818], [-121.81818181818181, 37.2], [-121.83636363636364, 37.2], [-121.83636363636364, 37.18181818181818]]]}, "properties": {"n": 433, "missing_pct": 0.0, "gx": 2045, "gy": -6701}}, {"type": "Feature", "geometry": {"type": "Polygon", "coordinates": [[[-121.9090909090909, 37.345454545454544], [-121.89090909090909, 37.345454545454544], [-121.89090909090909, 37.36363636363637], [-121.9090909090909, 37.36363636363637], [-121.9090909090909, 37.345454545454544]]]}, "properties": {"n": 2130, "missing_pct": 0.141, "gx": 2054, "gy": -6705}}, {"type": "Feature", "geometry": {"type": "Polygon", "coordinates": [[[-121.74545454545455, 37.25454545454546], [-121.72727272727273, 37.25454545454546], [-121.72727272727273, 37.27272727272727], [-121.74545454545455, 37.27272727272727], [-121.74545454545455, 37.25454545454546]]]}, "properties": {"n": 87, "missing_pct": 0.0, "gx": 2049, "gy": -6696}}, {"type": "Feature", "geometry": {"type": "Polygon", "coordinates": [[[-122.14545454545454, 37.345454545454544], [-122.12727272727273, 37.345454545454544], [-122.12727272727273, 37.36363636363637], [-122.14545454545454, 37.36363636363637], [-122.14545454545454, 37.345454545454544]]]}, "properties": {"n": 306, "missing_pct": 1.307, "gx": 2054, "gy": -6718}}, {"type": "Feature", "geometry": {"type": "Polygon", "coordinates": [[[-121.61818181818182, 37.14545454545455], [-121.6, 37.14545454545455], [-121.6, 37.163636363636364], [-121.61818181818182, 37.163636363636364], [-121.61818181818182, 37.14545454545455]]]}, "properties": {"n": 432, "missing_pct": 0.231, "gx": 2043, "gy": -6689}}, {"type": "Feature", "geometry": {"type": "Polygon", "coordinates": [[[-121.67272727272727, 37.09090909090909], [-121.65454545454546, 37.09090909090909], [-121.65454545454546, 37.10909090909091], [-121.67272727272727, 37.10909090909091], [-121.67272727272727, 37.09090909090909]]]}, "properties": {"n": 212, "missing_pct": 0.0, "gx": 2040, "gy": -6692}}, {"type": "Feature", "geometry": {"type": "Polygon", "coordinates": [[[-122.16363636363636, 37.41818181818182], [-122.14545454545454, 37.41818181818182], [-122.14545454545454, 37.43636363636364], [-122.16363636363636, 37.43636363636364], [-122.16363636363636, 37.41818181818182]]]}, "properties": {"n": 1353, "missing_pct": 0.148, "gx": 2058, "gy": -6719}}, {"type": "Feature", "geometry": {"type": "Polygon", "coordinates": [[[-122.16363636363636, 37.4], [-122.14545454545454, 37.4], [-122.14545454545454, 37.41818181818182], [-122.16363636363636, 37.41818181818182], [-122.16363636363636, 37.4]]]}, "properties": {"n": 869, "missing_pct": 0.0, "gx": 2057, "gy": -6719}}, {"type": "Feature", "geometry": {"type": "Polygon", "coordinates": [[[-121.81818181818181, 37.345454545454544], [-121.8, 37.345454545454544], [-121.8, 37.36363636363637], [-121.81818181818181, 37.36363636363637], [-121.81818181818181, 37.345454545454544]]]}, "properties": {"n": 2983, "missing_pct": 0.034, "gx": 2054, "gy": -6700}}, {"type": "Feature", "geometry": {"type": "Polygon", "coordinates": [[[-122.05454545454545, 37.32727272727273], [-122.03636363636363, 37.32727272727273], [-122.03636363636363, 37.345454545454544], [-122.05454545454545, 37.345454545454544], [-122.05454545454545, 37.32727272727273]]]}, "properties": {"n": 2241, "missing_pct": 0.089, "gx": 2053, "gy": -6713}}, {"type": "Feature", "geometry": {"type": "Polygon", "coordinates": [[[-122.01818181818182, 37.18181818181818], [-122.0, 37.18181818181818], [-122.0, 37.2], [-122.01818181818182, 37.2], [-122.01818181818182, 37.18181818181818]]]}, "properties": {"n": 151, "missing_pct": 0.0, "gx": 2045, "gy": -6711}}, {"type": "Feature", "geometry": {"type": "Polygon", "coordinates": [[[-122.12727272727273, 37.4], [-122.10909090909091, 37.4], [-122.10909090909091, 37.41818181818182], [-122.12727272727273, 37.41818181818182], [-122.12727272727273, 37.4]]]}, "properties": {"n": 2934, "missing_pct": 0.409, "gx": 2057, "gy": -6717}}, {"type": "Feature", "geometry": {"type": "Polygon", "coordinates": [[[-121.85454545454546, 37.27272727272727], [-121.83636363636364, 37.27272727272727], [-121.83636363636364, 37.29090909090909], [-121.85454545454546, 37.29090909090909], [-121.85454545454546, 37.27272727272727]]]}, "properties": {"n": 2340, "missing_pct": 0.171, "gx": 2050, "gy": -6702}}, {"type": "Feature", "geometry": {"type": "Polygon", "coordinates": [[[-121.56363636363636, 37.054545454545455], [-121.54545454545455, 37.054545454545455], [-121.54545454545455, 37.07272727272727], [-121.56363636363636, 37.07272727272727], [-121.56363636363636, 37.054545454545455]]]}, "properties": {"n": 183, "missing_pct": 2.186, "gx": 2038, "gy": -6686}}, {"type": "Feature", "geometry": {"type": "Polygon", "coordinates": [[[-121.61818181818182, 37.07272727272727], [-121.6, 37.07272727272727], [-121.6, 37.09090909090909], [-121.61818181818182, 37.09090909090909], [-121.61818181818182, 37.07272727272727]]]}, "properties": {"n": 412, "missing_pct": 0.728, "gx": 2039, "gy": -6689}}, {"type": "Feature", "geometry": {"type": "Polygon", "coordinates": [[[-121.6, 37.018181818181816], [-121.58181818181818, 37.018181818181816], [-121.58181818181818, 37.03636363636364], [-121.6, 37.03636363636364], [-121.6, 37.018181818181816]]]}, "properties": {"n": 2345, "missing_pct": 0.128, "gx": 2036, "gy": -6688}}, {"type": "Feature", "geometry": {"type": "Polygon", "coordinates": [[[-121.83636363636364, 37.38181818181818], [-121.81818181818181, 37.38181818181818], [-121.81818181818181, 37.4], [-121.83636363636364, 37.4], [-121.83636363636364, 37.38181818181818]]]}, "properties": {"n": 1896, "missing_pct": 0.053, "gx": 2056, "gy": -6701}}, {"type": "Feature", "geometry": {"type": "Polygon", "coordinates": [[[-121.9090909090909, 37.236363636363635], [-121.89090909090909, 37.236363636363635], [-121.89090909090909, 37.25454545454546], [-121.9090909090909, 37.25454545454546], [-121.9090909090909, 37.236363636363635]]]}, "properties": {"n": 2864, "missing_pct": 0.279, "gx": 2048, "gy": -6705}}, {"type": "Feature", "geometry": {"type": "Polygon", "coordinates": [[[-121.8, 37.32727272727273], [-121.78181818181818, 37.32727272727273], [-121.78181818181818, 37.345454545454544], [-121.8, 37.345454545454544], [-121.8, 37.32727272727273]]]}, "properties": {"n": 2695, "missing_pct": 0.074, "gx": 2053, "gy": -6699}}, {"type": "Feature", "geometry": {"type": "Polygon", "coordinates": [[[-122.16363636363636, 37.345454545454544], [-122.14545454545454, 37.345454545454544], [-122.14545454545454, 37.36363636363637], [-122.16363636363636, 37.36363636363637], [-122.16363636363636, 37.345454545454544]]]}, "properties": {"n": 201, "missing_pct": 0.498, "gx": 2054, "gy": -6719}}, {"type": "Feature", "geometry": {"type": "Polygon", "coordinates": [[[-121.85454545454546, 37.29090909090909], [-121.83636363636364, 37.29090909090909], [-121.83636363636364, 37.30909090909091], [-121.85454545454546, 37.30909090909091], [-121.85454545454546, 37.29090909090909]]]}, "properties": {"n": 1893, "missing_pct": 0.106, "gx": 2051, "gy": -6702}}, {"type": "Feature", "geometry": {"type": "Polygon", "coordinates": [[[-122.01818181818182, 37.236363636363635], [-122.0, 37.236363636363635], [-122.0, 37.25454545454546], [-122.01818181818182, 37.25454545454546], [-122.01818181818182, 37.236363636363635]]]}, "properties": {"n": 652, "missing_pct": 0.307, "gx": 2048, "gy": -6711}}, {"type": "Feature", "geometry": {"type": "Polygon", "coordinates": [[[-121.85454545454546, 37.18181818181818], [-121.83636363636364, 37.18181818181818], [-121.83636363636364, 37.2], [-121.85454545454546, 37.2], [-121.85454545454546, 37.18181818181818]]]}, "properties": {"n": 488, "missing_pct": 0.0, "gx": 2045, "gy": -6702}}, {"type": "Feature", "geometry": {"type": "Polygon", "coordinates": [[[-121.78181818181818, 37.36363636363637], [-121.76363636363637, 37.36363636363637], [-121.76363636363637, 37.38181818181818], [-121.78181818181818, 37.38181818181818], [-121.78181818181818, 37.36363636363637]]]}, "properties": {"n": 81, "missing_pct": 0.0, "gx": 2055, "gy": -6698}}, {"type": "Feature", "geometry": {"type": "Polygon", "coordinates": [[[-121.89090909090909, 37.32727272727273], [-121.87272727272727, 37.32727272727273], [-121.87272727272727, 37.345454545454544], [-121.89090909090909, 37.345454545454544], [-121.89090909090909, 37.32727272727273]]]}, "properties": {"n": 3050, "missing_pct": 0.164, "gx": 2053, "gy": -6704}}, {"type": "Feature", "geometry": {"type": "Polygon", "coordinates": [[[-122.07272727272728, 37.30909090909091], [-122.05454545454545, 37.30909090909091], [-122.05454545454545, 37.32727272727273], [-122.07272727272728, 37.32727272727273], [-122.07272727272728, 37.30909090909091]]]}, "properties": {"n": 2282, "missing_pct": 0.131, "gx": 2052, "gy": -6714}}, {"type": "Feature", "geometry": {"type": "Polygon", "coordinates": [[[-121.78181818181818, 37.30909090909091], [-121.76363636363637, 37.30909090909091], [-121.76363636363637, 37.32727272727273], [-121.78181818181818, 37.32727272727273], [-121.78181818181818, 37.30909090909091]]]}, "properties": {"n": 2982, "missing_pct": 0.335, "gx": 2052, "gy": -6698}}, {"type": "Feature", "geometry": {"type": "Polygon", "coordinates": [[[-122.01818181818182, 37.38181818181818], [-122.0, 37.38181818181818], [-122.0, 37.4], [-122.01818181818182, 37.4], [-122.01818181818182, 37.38181818181818]]]}, "properties": {"n": 3576, "missing_pct": 0.028, "gx": 2056, "gy": -6711}}, {"type": "Feature", "geometry": {"type": "Polygon", "coordinates": [[[-122.0, 37.21818181818182], [-121.98181818181818, 37.21818181818182], [-121.98181818181818, 37.236363636363635], [-122.0, 37.236363636363635], [-122.0, 37.21818181818182]]]}, "properties": {"n": 1338, "missing_pct": 0.673, "gx": 2047, "gy": -6710}}, {"type": "Feature", "geometry": {"type": "Polygon", "coordinates": [[[-121.98181818181818, 37.21818181818182], [-121.96363636363637, 37.21818181818182], [-121.96363636363637, 37.236363636363635], [-121.98181818181818, 37.236363636363635], [-121.98181818181818, 37.21818181818182]]]}, "properties": {"n": 2170, "missing_pct": 0.645, "gx": 2047, "gy": -6709}}, {"type": "Feature", "geometry": {"type": "Polygon", "coordinates": [[[-122.14545454545454, 37.36363636363637], [-122.12727272727273, 37.36363636363637], [-122.12727272727273, 37.38181818181818], [-122.14545454545454, 37.38181818181818], [-122.14545454545454, 37.36363636363637]]]}, "properties": {"n": 492, "missing_pct": 0.0, "gx": 2055, "gy": -6718}}, {"type": "Feature", "geometry": {"type": "Polygon", "coordinates": [[[-121.89090909090909, 37.345454545454544], [-121.87272727272727, 37.345454545454544], [-121.87272727272727, 37.36363636363637], [-121.89090909090909, 37.36363636363637], [-121.89090909090909, 37.345454545454544]]]}, "properties": {"n": 3225, "missing_pct": 0.062, "gx": 2054, "gy": -6704}}, {"type": "Feature", "geometry": {"type": "Polygon", "coordinates": [[[-121.92727272727272, 37.29090909090909], [-121.9090909090909, 37.29090909090909], [-121.9090909090909, 37.30909090909091], [-121.92727272727272, 37.30909090909091], [-121.92727272727272, 37.29090909090909]]]}, "properties": {"n": 3146, "missing_pct": 0.095, "gx": 2051, "gy": -6706}}, {"type": "Feature", "geometry": {"type": "Polygon", "coordinates": [[[-121.78181818181818, 37.21818181818182], [-121.76363636363637, 37.21818181818182], [-121.76363636363637, 37.236363636363635], [-121.78181818181818, 37.236363636363635], [-121.78181818181818, 37.21818181818182]]]}, "properties": {"n": 2366, "missing_pct": 0.042, "gx": 2047, "gy": -6698}}, {"type": "Feature", "geometry": {"type": "Polygon", "coordinates": [[[-122.10909090909091, 37.345454545454544], [-122.0909090909091, 37.345454545454544], [-122.0909090909091, 37.36363636363637], [-122.10909090909091, 37.36363636363637], [-122.10909090909091, 37.345454545454544]]]}, "properties": {"n": 1138, "missing_pct": 0.264, "gx": 2054, "gy": -6716}}, {"type": "Feature", "geometry": {"type": "Polygon", "coordinates": [[[-121.81818181818181, 37.38181818181818], [-121.8, 37.38181818181818], [-121.8, 37.4], [-121.81818181818181, 37.4], [-121.81818181818181, 37.38181818181818]]]}, "properties": {"n": 437, "missing_pct": 0.0, "gx": 2056, "gy": -6700}}, {"type": "Feature", "geometry": {"type": "Polygon", "coordinates": [[[-122.03636363636363, 37.4], [-122.01818181818182, 37.4], [-122.01818181818182, 37.41818181818182], [-122.03636363636363, 37.41818181818182], [-122.03636363636363, 37.4]]]}, "properties": {"n": 333, "missing_pct": 1.802, "gx": 2057, "gy": -6712}}, {"type": "Feature", "geometry": {"type": "Polygon", "coordinates": [[[-121.61818181818182, 37.018181818181816], [-121.6, 37.018181818181816], [-121.6, 37.03636363636364], [-121.61818181818182, 37.03636363636364], [-121.61818181818182, 37.018181818181816]]]}, "properties": {"n": 2210, "missing_pct": 0.136, "gx": 2036, "gy": -6689}}, {"type": "Feature", "geometry": {"type": "Polygon", "coordinates": [[[-121.87272727272727, 37.32727272727273], [-121.85454545454546, 37.32727272727273], [-121.85454545454546, 37.345454545454544], [-121.87272727272727, 37.345454545454544], [-121.87272727272727, 37.32727272727273]]]}, "properties": {"n": 2693, "missing_pct": 0.334, "gx": 2053, "gy": -6703}}, {"type": "Feature", "geometry": {"type": "Polygon", "coordinates": [[[-121.65454545454546, 37.163636363636364], [-121.63636363636364, 37.163636363636364], [-121.63636363636364, 37.18181818181818], [-121.65454545454546, 37.18181818181818], [-121.65454545454546, 37.163636363636364]]]}, "properties": {"n": 146, "missing_pct": 0.685, "gx": 2044, "gy": -6691}}, {"type": "Feature", "geometry": {"type": "Polygon", "coordinates": [[[-121.61818181818182, 37.10909090909091], [-121.6, 37.10909090909091], [-121.6, 37.127272727272725], [-121.61818181818182, 37.127272727272725], [-121.61818181818182, 37.10909090909091]]]}, "properties": {"n": 178, "missing_pct": 1.124, "gx": 2041, "gy": -6689}}, {"type": "Feature", "geometry": {"type": "Polygon", "coordinates": [[[-121.94545454545455, 37.4], [-121.92727272727272, 37.4], [-121.92727272727272, 37.41818181818182], [-121.94545454545455, 37.41818181818182], [-121.94545454545455, 37.4]]]}, "properties": {"n": 205, "missing_pct": 5.366, "gx": 2057, "gy": -6707}}, {"type": "Feature", "geometry": {"type": "Polygon", "coordinates": [[[-121.6, 37.07272727272727], [-121.58181818181818, 37.07272727272727], [-121.58181818181818, 37.09090909090909], [-121.6, 37.09090909090909], [-121.6, 37.07272727272727]]]}, "properties": {"n": 206, "missing_pct": 0.0, "gx": 2039, "gy": -6688}}, {"type": "Feature", "geometry": {"type": "Polygon", "coordinates": [[[-121.87272727272727, 37.4], [-121.85454545454546, 37.4], [-121.85454545454546, 37.41818181818182], [-121.87272727272727, 37.41818181818182], [-121.87272727272727, 37.4]]]}, "properties": {"n": 3445, "missing_pct": 0.087, "gx": 2057, "gy": -6703}}, {"type": "Feature", "geometry": {"type": "Polygon", "coordinates": [[[-121.98181818181818, 37.345454545454544], [-121.96363636363637, 37.345454545454544], [-121.96363636363637, 37.36363636363637], [-121.98181818181818, 37.36363636363637], [-121.98181818181818, 37.345454545454544]]]}, "properties": {"n": 3483, "missing_pct": 0.144, "gx": 2054, "gy": -6709}}, {"type": "Feature", "geometry": {"type": "Polygon", "coordinates": [[[-122.0, 37.36363636363637], [-121.98181818181818, 37.36363636363637], [-121.98181818181818, 37.38181818181818], [-122.0, 37.38181818181818], [-122.0, 37.36363636363637]]]}, "properties": {"n": 1904, "missing_pct": 0.315, "gx": 2055, "gy": -6710}}, {"type": "Feature", "geometry": {"type": "Polygon", "coordinates": [[[-122.14545454545454, 37.4], [-122.12727272727273, 37.4], [-122.12727272727273, 37.41818181818182], [-122.14545454545454, 37.41818181818182], [-122.14545454545454, 37.4]]]}, "properties": {"n": 1598, "missing_pct": 0.063, "gx": 2057, "gy": -6718}}, {"type": "Feature", "geometry": {"type": "Polygon", "coordinates": [[[-122.12727272727273, 37.345454545454544], [-122.10909090909091, 37.345454545454544], [-122.10909090909091, 37.36363636363637], [-122.12727272727273, 37.36363636363637], [-122.12727272727273, 37.345454545454544]]]}, "properties": {"n": 429, "missing_pct": 0.233, "gx": 2054, "gy": -6717}}, {"type": "Feature", "geometry": {"type": "Polygon", "coordinates": [[[-122.03636363636363, 37.36363636363637], [-122.01818181818182, 37.36363636363637], [-122.01818181818182, 37.38181818181818], [-122.03636363636363, 37.38181818181818], [-122.03636363636363, 37.36363636363637]]]}, "properties": {"n": 2134, "missing_pct": 0.375, "gx": 2055, "gy": -6712}}, {"type": "Feature", "geometry": {"type": "Polygon", "coordinates": [[[-122.14545454545454, 37.41818181818182], [-122.12727272727273, 37.41818181818182], [-122.12727272727273, 37.43636363636364], [-122.14545454545454, 37.43636363636364], [-122.14545454545454, 37.41818181818182]]]}, "properties": {"n": 2751, "missing_pct": 0.4, "gx": 2058, "gy": -6718}}, {"type": "Feature", "geometry": {"type": "Polygon", "coordinates": [[[-121.96363636363637, 37.29090909090909], [-121.94545454545455, 37.29090909090909], [-121.94545454545455, 37.30909090909091], [-121.96363636363637, 37.30909090909091], [-121.96363636363637, 37.29090909090909]]]}, "properties": {"n": 3207, "missing_pct": 0.031, "gx": 2051, "gy": -6708}}, {"type": "Feature", "geometry": {"type": "Polygon", "coordinates": [[[-121.85454545454546, 37.25454545454546], [-121.83636363636364, 37.25454545454546], [-121.83636363636364, 37.27272727272727], [-121.85454545454546, 37.27272727272727], [-121.85454545454546, 37.25454545454546]]]}, "properties": {"n": 2653, "missing_pct": 0.113, "gx": 2049, "gy": -6702}}, {"type": "Feature", "geometry": {"type": "Polygon", "coordinates": [[[-121.87272727272727, 37.345454545454544], [-121.85454545454546, 37.345454545454544], [-121.85454545454546, 37.36363636363637], [-121.87272727272727, 37.36363636363637], [-121.87272727272727, 37.345454545454544]]]}, "properties": {"n": 2484, "missing_pct": 0.081, "gx": 2054, "gy": -6703}}, {"type": "Feature", "geometry": {"type": "Polygon", "coordinates": [[[-121.89090909090909, 37.30909090909091], [-121.87272727272727, 37.30909090909091], [-121.87272727272727, 37.32727272727273], [-121.89090909090909, 37.32727272727273], [-121.89090909090909, 37.30909090909091]]]}, "properties": {"n": 3331, "missing_pct": 0.36, "gx": 2052, "gy": -6704}}, {"type": "Feature", "geometry": {"type": "Polygon", "coordinates": [[[-121.85454545454546, 37.30909090909091], [-121.83636363636364, 37.30909090909091], [-121.83636363636364, 37.32727272727273], [-121.85454545454546, 37.32727272727273], [-121.85454545454546, 37.30909090909091]]]}, "properties": {"n": 2825, "missing_pct": 0.142, "gx": 2052, "gy": -6702}}, {"type": "Feature", "geometry": {"type": "Polygon", "coordinates": [[[-121.58181818181818, 37.07272727272727], [-121.56363636363636, 37.07272727272727], [-121.56363636363636, 37.09090909090909], [-121.58181818181818, 37.09090909090909], [-121.58181818181818, 37.07272727272727]]]}, "properties": {"n": 304, "missing_pct": 0.987, "gx": 2039, "gy": -6687}}, {"type": "Feature", "geometry": {"type": "Polygon", "coordinates": [[[-121.58181818181818, 37.0], [-121.56363636363636, 37.0], [-121.56363636363636, 37.018181818181816], [-121.58181818181818, 37.018181818181816], [-121.58181818181818, 37.0]]]}, "properties": {"n": 2350, "missing_pct": 0.936, "gx": 2035, "gy": -6687}}, {"type": "Feature", "geometry": {"type": "Polygon", "coordinates": [[[-122.0, 37.38181818181818], [-121.98181818181818, 37.38181818181818], [-121.98181818181818, 37.4], [-122.0, 37.4], [-122.0, 37.38181818181818]]]}, "properties": {"n": 1520, "missing_pct": 0.066, "gx": 2056, "gy": -6710}}, {"type": "Feature", "geometry": {"type": "Polygon", "coordinates": [[[-122.0909090909091, 37.38181818181818], [-122.07272727272728, 37.38181818181818], [-122.07272727272728, 37.4], [-122.0909090909091, 37.4], [-122.0909090909091, 37.38181818181818]]]}, "properties": {"n": 3176, "missing_pct": 0.189, "gx": 2056, "gy": -6715}}, {"type": "Feature", "geometry": {"type": "Polygon", "coordinates": [[[-121.96363636363637, 37.2], [-121.94545454545455, 37.2], [-121.94545454545455, 37.21818181818182], [-121.96363636363637, 37.21818181818182], [-121.96363636363637, 37.2]]]}, "properties": {"n": 209, "missing_pct": 0.0, "gx": 2046, "gy": -6708}}, {"type": "Feature", "geometry": {"type": "Polygon", "coordinates": [[[-122.0, 37.236363636363635], [-121.98181818181818, 37.236363636363635], [-121.98181818181818, 37.25454545454546], [-122.0, 37.25454545454546], [-122.0, 37.236363636363635]]]}, "properties": {"n": 913, "missing_pct": 0.11, "gx": 2048, "gy": -6710}}, {"type": "Feature", "geometry": {"type": "Polygon", "coordinates": [[[-122.18181818181819, 37.38181818181818], [-122.16363636363636, 37.38181818181818], [-122.16363636363636, 37.4], [-122.18181818181819, 37.4], [-122.18181818181819, 37.38181818181818]]]}, "properties": {"n": 138, "missing_pct": 0.0, "gx": 2056, "gy": -6720}}, {"type": "Feature", "geometry": {"type": "Polygon", "coordinates": [[[-121.9090909090909, 37.36363636363637], [-121.89090909090909, 37.36363636363637], [-121.89090909090909, 37.38181818181818], [-121.9090909090909, 37.38181818181818], [-121.9090909090909, 37.36363636363637]]]}, "properties": {"n": 578, "missing_pct": 0.173, "gx": 2055, "gy": -6705}}, {"type": "Feature", "geometry": {"type": "Polygon", "coordinates": [[[-122.14545454545454, 37.43636363636364], [-122.12727272727273, 37.43636363636364], [-122.12727272727273, 37.45454545454545], [-122.14545454545454, 37.45454545454545], [-122.14545454545454, 37.43636363636364]]]}, "properties": {"n": 2786, "missing_pct": 0.323, "gx": 2059, "gy": -6718}}, {"type": "Feature", "geometry": {"type": "Polygon", "coordinates": [[[-122.14545454545454, 37.45454545454545], [-122.12727272727273, 37.45454545454545], [-122.12727272727273, 37.472727272727276], [-122.14545454545454, 37.472727272727276], [-122.14545454545454, 37.45454545454545]]]}, "properties": {"n": 105, "missing_pct": 0.0, "gx": 2060, "gy": -6718}}, {"type": "Feature", "geometry": {"type": "Polygon", "coordinates": [[[-121.74545454545455, 37.29090909090909], [-121.72727272727273, 37.29090909090909], [-121.72727272727273, 37.30909090909091], [-121.74545454545455, 37.30909090909091], [-121.74545454545455, 37.29090909090909]]]}, "properties": {"n": 139, "missing_pct": 0.0, "gx": 2051, "gy": -6696}}, {"type": "Feature", "geometry": {"type": "Polygon", "coordinates": [[[-122.05454545454545, 37.345454545454544], [-122.03636363636363, 37.345454545454544], [-122.03636363636363, 37.36363636363637], [-122.05454545454545, 37.36363636363637], [-122.05454545454545, 37.345454545454544]]]}, "properties": {"n": 2756, "missing_pct": 0.181, "gx": 2054, "gy": -6713}}, {"type": "Feature", "geometry": {"type": "Polygon", "coordinates": [[[-121.98181818181818, 37.36363636363637], [-121.96363636363637, 37.36363636363637], [-121.96363636363637, 37.38181818181818], [-121.98181818181818, 37.38181818181818], [-121.98181818181818, 37.36363636363637]]]}, "properties": {"n": 1210, "missing_pct": 0.579, "gx": 2055, "gy": -6709}}, {"type": "Feature", "geometry": {"type": "Polygon", "coordinates": [[[-121.76363636363637, 37.27272727272727], [-121.74545454545455, 37.27272727272727], [-121.74545454545455, 37.29090909090909], [-121.76363636363637, 37.29090909090909], [-121.76363636363637, 37.27272727272727]]]}, "properties": {"n": 1735, "missing_pct": 0.115, "gx": 2050, "gy": -6697}}, {"type": "Feature", "geometry": {"type": "Polygon", "coordinates": [[[-122.01818181818182, 37.27272727272727], [-122.0, 37.27272727272727], [-122.0, 37.29090909090909], [-122.01818181818182, 37.29090909090909], [-122.01818181818182, 37.27272727272727]]]}, "properties": {"n": 2075, "missing_pct": 0.578, "gx": 2050, "gy": -6711}}, {"type": "Feature", "geometry": {"type": "Polygon", "coordinates": [[[-121.96363636363637, 37.345454545454544], [-121.94545454545455, 37.345454545454544], [-121.94545454545455, 37.36363636363637], [-121.96363636363637, 37.36363636363637], [-121.96363636363637, 37.345454545454544]]]}, "properties": {"n": 3304, "missing_pct": 0.182, "gx": 2054, "gy": -6708}}, {"type": "Feature", "geometry": {"type": "Polygon", "coordinates": [[[-121.85454545454546, 37.4], [-121.83636363636364, 37.4], [-121.83636363636364, 37.41818181818182], [-121.85454545454546, 37.41818181818182], [-121.85454545454546, 37.4]]]}, "properties": {"n": 1510, "missing_pct": 0.132, "gx": 2057, "gy": -6702}}, {"type": "Feature", "geometry": {"type": "Polygon", "coordinates": [[[-121.65454545454546, 37.07272727272727], [-121.63636363636364, 37.07272727272727], [-121.63636363636364, 37.09090909090909], [-121.65454545454546, 37.09090909090909], [-121.65454545454546, 37.07272727272727]]]}, "properties": {"n": 94, "missing_pct": 0.0, "gx": 2039, "gy": -6691}}, {"type": "Feature", "geometry": {"type": "Polygon", "coordinates": [[[-121.83636363636364, 37.27272727272727], [-121.81818181818181, 37.27272727272727], [-121.81818181818181, 37.29090909090909], [-121.83636363636364, 37.29090909090909], [-121.83636363636364, 37.27272727272727]]]}, "properties": {"n": 3114, "missing_pct": 0.193, "gx": 2050, "gy": -6701}}, {"type": "Feature", "geometry": {"type": "Polygon", "coordinates": [[[-122.16363636363636, 37.36363636363637], [-122.14545454545454, 37.36363636363637], [-122.14545454545454, 37.38181818181818], [-122.16363636363636, 37.38181818181818], [-122.16363636363636, 37.36363636363637]]]}, "properties": {"n": 428, "missing_pct": 0.701, "gx": 2055, "gy": -6719}}, {"type": "Feature", "geometry": {"type": "Polygon", "coordinates": [[[-122.10909090909091, 37.36363636363637], [-122.0909090909091, 37.36363636363637], [-122.0909090909091, 37.38181818181818], [-122.10909090909091, 37.38181818181818], [-122.10909090909091, 37.36363636363637]]]}, "properties": {"n": 2221, "missing_pct": 0.0, "gx": 2055, "gy": -6716}}, {"type": "Feature", "geometry": {"type": "Polygon", "coordinates": [[[-121.98181818181818, 37.27272727272727], [-121.96363636363637, 37.27272727272727], [-121.96363636363637, 37.29090909090909], [-121.98181818181818, 37.29090909090909], [-121.98181818181818, 37.27272727272727]]]}, "properties": {"n": 3337, "missing_pct": 0.06, "gx": 2050, "gy": -6709}}, {"type": "Feature", "geometry": {"type": "Polygon", "coordinates": [[[-121.89090909090909, 37.36363636363637], [-121.87272727272727, 37.36363636363637], [-121.87272727272727, 37.38181818181818], [-121.89090909090909, 37.38181818181818], [-121.89090909090909, 37.36363636363637]]]}, "properties": {"n": 2463, "missing_pct": 0.081, "gx": 2055, "gy": -6704}}, {"type": "Feature", "geometry": {"type": "Polygon", "coordinates": [[[-121.67272727272727, 37.14545454545455], [-121.65454545454546, 37.14545454545455], [-121.65454545454546, 37.163636363636364], [-121.67272727272727, 37.163636363636364], [-121.67272727272727, 37.14545454545455]]]}, "properties": {"n": 459, "missing_pct": 0.218, "gx": 2043, "gy": -6692}}, {"type": "Feature", "geometry": {"type": "Polygon", "coordinates": [[[-121.83636363636364, 37.236363636363635], [-121.81818181818181, 37.236363636363635], [-121.81818181818181, 37.25454545454546], [-121.83636363636364, 37.25454545454546], [-121.83636363636364, 37.236363636363635]]]}, "properties": {"n": 3482, "missing_pct": 0.029, "gx": 2048, "gy": -6701}}, {"type": "Feature", "geometry": {"type": "Polygon", "coordinates": [[[-122.0, 37.345454545454544], [-121.98181818181818, 37.345454545454544], [-121.98181818181818, 37.36363636363637], [-122.0, 37.36363636363637], [-122.0, 37.345454545454544]]]}, "properties": {"n": 3170, "missing_pct": 0.158, "gx": 2054, "gy": -6710}}, {"type": "Feature", "geometry": {"type": "Polygon", "coordinates": [[[-121.92727272727272, 37.45454545454545], [-121.9090909090909, 37.45454545454545], [-121.9090909090909, 37.472727272727276], [-121.92727272727272, 37.472727272727276], [-121.92727272727272, 37.45454545454545]]]}, "properties": {"n": 208, "missing_pct": 1.442, "gx": 2060, "gy": -6706}}, {"type": "Feature", "geometry": {"type": "Polygon", "coordinates": [[[-121.89090909090909, 37.29090909090909], [-121.87272727272727, 37.29090909090909], [-121.87272727272727, 37.30909090909091], [-121.89090909090909, 37.30909090909091], [-121.89090909090909, 37.29090909090909]]]}, "properties": {"n": 2575, "missing_pct": 0.427, "gx": 2051, "gy": -6704}}, {"type": "Feature", "geometry": {"type": "Polygon", "coordinates": [[[-121.87272727272727, 37.38181818181818], [-121.85454545454546, 37.38181818181818], [-121.85454545454546, 37.4], [-121.87272727272727, 37.4], [-121.87272727272727, 37.38181818181818]]]}, "properties": {"n": 3727, "missing_pct": 0.0, "gx": 2056, "gy": -6703}}, {"type": "Feature", "geometry": {"type": "Polygon", "coordinates": [[[-121.81818181818181, 37.236363636363635], [-121.8, 37.236363636363635], [-121.8, 37.25454545454546], [-121.81818181818181, 37.25454545454546], [-121.81818181818181, 37.236363636363635]]]}, "properties": {"n": 2629, "missing_pct": 0.076, "gx": 2048, "gy": -6700}}, {"type": "Feature", "geometry": {"type": "Polygon", "coordinates": [[[-121.69090909090909, 37.09090909090909], [-121.67272727272727, 37.09090909090909], [-121.67272727272727, 37.10909090909091], [-121.69090909090909, 37.10909090909091], [-121.69090909090909, 37.09090909090909]]]}, "properties": {"n": 195, "missing_pct": 0.0, "gx": 2040, "gy": -6693}}, {"type": "Feature", "geometry": {"type": "Polygon", "coordinates": [[[-121.63636363636364, 37.127272727272725], [-121.61818181818182, 37.127272727272725], [-121.61818181818182, 37.14545454545455], [-121.63636363636364, 37.14545454545455], [-121.63636363636364, 37.127272727272725]]]}, "properties": {"n": 1240, "missing_pct": 0.0, "gx": 2042, "gy": -6690}}, {"type": "Feature", "geometry": {"type": "Polygon", "coordinates": [[[-122.18181818181819, 37.36363636363637], [-122.16363636363636, 37.36363636363637], [-122.16363636363636, 37.38181818181818], [-122.18181818181819, 37.38181818181818], [-122.18181818181819, 37.36363636363637]]]}, "properties": {"n": 244, "missing_pct": 0.0, "gx": 2055, "gy": -6720}}, {"type": "Feature", "geometry": {"type": "Polygon", "coordinates": [[[-122.05454545454545, 37.236363636363635], [-122.03636363636363, 37.236363636363635], [-122.03636363636363, 37.25454545454546], [-122.05454545454545, 37.25454545454546], [-122.05454545454545, 37.236363636363635]]]}, "properties": {"n": 180, "missing_pct": 0.556, "gx": 2048, "gy": -6713}}, {"type": "Feature", "geometry": {"type": "Polygon", "coordinates": [[[-121.83636363636364, 37.163636363636364], [-121.81818181818181, 37.163636363636364], [-121.81818181818181, 37.18181818181818], [-121.83636363636364, 37.18181818181818], [-121.83636363636364, 37.163636363636364]]]}, "properties": {"n": 139, "missing_pct": 0.0, "gx": 2044, "gy": -6701}}, {"type": "Feature", "geometry": {"type": "Polygon", "coordinates": [[[-122.0909090909091, 37.36363636363637], [-122.07272727272728, 37.36363636363637], [-122.07272727272728, 37.38181818181818], [-122.0909090909091, 37.38181818181818], [-122.0909090909091, 37.36363636363637]]]}, "properties": {"n": 2236, "missing_pct": 0.0, "gx": 2055, "gy": -6715}}, {"type": "Feature", "geometry": {"type": "Polygon", "coordinates": [[[-121.92727272727272, 37.27272727272727], [-121.9090909090909, 37.27272727272727], [-121.9090909090909, 37.29090909090909], [-121.92727272727272, 37.29090909090909], [-121.92727272727272, 37.27272727272727]]]}, "properties": {"n": 2702, "missing_pct": 0.037, "gx": 2050, "gy": -6706}}, {"type": "Feature", "geometry": {"type": "Polygon", "coordinates": [[[-121.6, 37.03636363636364], [-121.58181818181818, 37.03636363636364], [-121.58181818181818, 37.054545454545455], [-121.6, 37.054545454545455], [-121.6, 37.03636363636364]]]}, "properties": {"n": 110, "missing_pct": 2.727, "gx": 2037, "gy": -6688}}, {"type": "Feature", "geometry": {"type": "Polygon", "coordinates": [[[-121.92727272727272, 37.4], [-121.9090909090909, 37.4], [-121.9090909090909, 37.41818181818182], [-121.92727272727272, 37.41818181818182], [-121.92727272727272, 37.4]]]}, "properties": {"n": 1237, "missing_pct": 1.051, "gx": 2057, "gy": -6706}}, {"type": "Feature", "geometry": {"type": "Polygon", "coordinates": [[[-121.54545454545455, 37.03636363636364], [-121.52727272727273, 37.03636363636364], [-121.52727272727273, 37.054545454545455], [-121.54545454545455, 37.054545454545455], [-121.54545454545455, 37.03636363636364]]]}, "properties": {"n": 181, "missing_pct": 0.0, "gx": 2037, "gy": -6685}}, {"type": "Feature", "geometry": {"type": "Polygon", "coordinates": [[[-122.03636363636363, 37.27272727272727], [-122.01818181818182, 37.27272727272727], [-122.01818181818182, 37.29090909090909], [-122.03636363636363, 37.29090909090909], [-122.03636363636363, 37.27272727272727]]]}, "properties": {"n": 1868, "missing_pct": 0.321, "gx": 2050, "gy": -6712}}, {"type": "Feature", "geometry": {"type": "Polygon", "coordinates": [[[-122.0, 37.163636363636364], [-121.98181818181818, 37.163636363636364], [-121.98181818181818, 37.18181818181818], [-122.0, 37.18181818181818], [-122.0, 37.163636363636364]]]}, "properties": {"n": 238, "missing_pct": 0.84, "gx": 2044, "gy": -6710}}, {"type": "Feature", "geometry": {"type": "Polygon", "coordinates": [[[-122.07272727272728, 37.29090909090909], [-122.05454545454545, 37.29090909090909], [-122.05454545454545, 37.30909090909091], [-122.07272727272728, 37.30909090909091], [-122.07272727272728, 37.29090909090909]]]}, "properties": {"n": 439, "missing_pct": 0.0, "gx": 2051, "gy": -6714}}, {"type": "Feature", "geometry": {"type": "Polygon", "coordinates": [[[-121.65454545454546, 37.018181818181816], [-121.63636363636364, 37.018181818181816], [-121.63636363636364, 37.03636363636364], [-121.65454545454546, 37.03636363636364], [-121.65454545454546, 37.018181818181816]]]}, "properties": {"n": 105, "missing_pct": 0.0, "gx": 2036, "gy": -6691}}, {"type": "Feature", "geometry": {"type": "Polygon", "coordinates": [[[-121.63636363636364, 37.018181818181816], [-121.61818181818182, 37.018181818181816], [-121.61818181818182, 37.03636363636364], [-121.63636363636364, 37.03636363636364], [-121.63636363636364, 37.018181818181816]]]}, "properties": {"n": 190, "missing_pct": 0.0, "gx": 2036, "gy": -6690}}, {"type": "Feature", "geometry": {"type": "Polygon", "coordinates": [[[-122.05454545454545, 37.29090909090909], [-122.03636363636363, 37.29090909090909], [-122.03636363636363, 37.30909090909091], [-122.05454545454545, 37.30909090909091], [-122.05454545454545, 37.29090909090909]]]}, "properties": {"n": 2316, "missing_pct": 0.216, "gx": 2051, "gy": -6713}}, {"type": "Feature", "geometry": {"type": "Polygon", "coordinates": [[[-121.94545454545455, 37.30909090909091], [-121.92727272727272, 37.30909090909091], [-121.92727272727272, 37.32727272727273], [-121.94545454545455, 37.32727272727273], [-121.94545454545455, 37.30909090909091]]]}, "properties": {"n": 2540, "missing_pct": 0.0, "gx": 2052, "gy": -6707}}, {"type": "Feature", "geometry": {"type": "Polygon", "coordinates": [[[-121.83636363636364, 37.36363636363637], [-121.81818181818181, 37.36363636363637], [-121.81818181818181, 37.38181818181818], [-121.83636363636364, 37.38181818181818], [-121.83636363636364, 37.36363636363637]]]}, "properties": {"n": 2832, "missing_pct": 0.035, "gx": 2055, "gy": -6701}}, {"type": "Feature", "geometry": {"type": "Polygon", "coordinates": [[[-121.96363636363637, 37.27272727272727], [-121.94545454545455, 37.27272727272727], [-121.94545454545455, 37.29090909090909], [-121.96363636363637, 37.29090909090909], [-121.96363636363637, 37.27272727272727]]]}, "properties": {"n": 2286, "missing_pct": 0.087, "gx": 2050, "gy": -6708}}, {"type": "Feature", "geometry": {"type": "Polygon", "coordinates": [[[-121.54545454545455, 37.054545454545455], [-121.52727272727273, 37.054545454545455], [-121.52727272727273, 37.07272727272727], [-121.54545454545455, 37.07272727272727], [-121.54545454545455, 37.054545454545455]]]}, "properties": {"n": 80, "missing_pct": 0.0, "gx": 2038, "gy": -6685}}, {"type": "Feature", "geometry": {"type": "Polygon", "coordinates": [[[-121.81818181818181, 37.27272727272727], [-121.8, 37.27272727272727], [-121.8, 37.29090909090909], [-121.81818181818181, 37.29090909090909], [-121.81818181818181, 37.27272727272727]]]}, "properties": {"n": 1532, "missing_pct": 0.0, "gx": 2050, "gy": -6700}}, {"type": "Feature", "geometry": {"type": "Polygon", "coordinates": [[[-121.58181818181818, 36.981818181818184], [-121.56363636363636, 36.981818181818184], [-121.56363636363636, 37.0], [-121.58181818181818, 37.0], [-121.58181818181818, 36.981818181818184]]]}, "properties": {"n": 1673, "missing_pct": 0.06, "gx": 2034, "gy": -6687}}, {"type": "Feature", "geometry": {"type": "Polygon", "coordinates": [[[-121.83636363636364, 37.2], [-121.81818181818181, 37.2], [-121.81818181818181, 37.21818181818182], [-121.83636363636364, 37.21818181818182], [-121.83636363636364, 37.2]]]}, "properties": {"n": 974, "missing_pct": 0.205, "gx": 2046, "gy": -6701}}, {"type": "Feature", "geometry": {"type": "Polygon", "coordinates": [[[-121.98181818181818, 37.14545454545455], [-121.96363636363637, 37.14545454545455], [-121.96363636363637, 37.163636363636364], [-121.98181818181818, 37.163636363636364], [-121.98181818181818, 37.14545454545455]]]}, "properties": {"n": 464, "missing_pct": 0.431, "gx": 2043, "gy": -6709}}, {"type": "Feature", "geometry": {"type": "Polygon", "coordinates": [[[-121.6, 37.127272727272725], [-121.58181818181818, 37.127272727272725], [-121.58181818181818, 37.14545454545455], [-121.6, 37.14545454545455], [-121.6, 37.127272727272725]]]}, "properties": {"n": 464, "missing_pct": 1.94, "gx": 2042, "gy": -6688}}, {"type": "Feature", "geometry": {"type": "Polygon", "coordinates": [[[-121.92727272727272, 37.25454545454546], [-121.9090909090909, 37.25454545454546], [-121.9090909090909, 37.27272727272727], [-121.92727272727272, 37.27272727272727], [-121.92727272727272, 37.25454545454546]]]}, "properties": {"n": 3129, "missing_pct": 0.128, "gx": 2049, "gy": -6706}}, {"type": "Feature", "geometry": {"type": "Polygon", "coordinates": [[[-121.8, 37.29090909090909], [-121.78181818181818, 37.29090909090909], [-121.78181818181818, 37.30909090909091], [-121.8, 37.30909090909091], [-121.8, 37.29090909090909]]]}, "properties": {"n": 1507, "missing_pct": 0.133, "gx": 2051, "gy": -6699}}]}