{"type": "FeatureCollection", "features": [{"type": "Feature", "geometry": {"type": "Polygon", "coordinates": [[[-121.69090909090909, 37.127272727272725], [-121.67272727272727, 37.127272727272725], [-121.67272727272727, 37.14545454545455], [-121.69090909090909, 37.14545454545455], [-121.69090909090909, 37.127272727272725]]]}, "properties": {"n": 233, "missing_pct": 90.558, "gx": 2042, "gy": -6693}}, {"type": "Feature", "geometry": {"type": "Polygon", "coordinates": [[[-122.0, 37.25454545454546], [-121.98181818181818, 37.25454545454546], [-121.98181818181818, 37.27272727272727], [-122.0, 37.27272727272727], [-122.0, 37.25454545454546]]]}, "properties": {"n": 1858, "missing_pct": 100.0, "gx": 2049, "gy": -6710}}, {"type": "Feature", "geometry": {"type": "Polygon", "coordinates": [[[-121.9090909090909, 37.4], [-121.89090909090909, 37.4], [-121.89090909090909, 37.41818181818182], [-121.9090909090909, 37.41818181818182], [-121.9090909090909, 37.4]]]}, "properties": {"n": 2833, "missing_pct": 100.0, "gx": 2057, "gy": -6705}}, {"type": "Feature", "geometry": {"type": "Polygon", "coordinates": [[[-122.05454545454545, 37.38181818181818], [-122.03636363636363, 37.38181818181818], [-122.03636363636363, 37.4], [-122.05454545454545, 37.4], [-122.05454545454545, 37.38181818181818]]]}, "properties": {"n": 1301, "missing_pct": 100.0, "gx": 2056, "gy": -6713}}, {"type": "Feature", "geometry": {"type": "Polygon", "coordinates": [[[-121.6, 37.10909090909091], [-121.58181818181818, 37.10909090909091], [-121.58181818181818, 37.127272727272725], [-121.6, 37.127272727272725], [-121.6, 37.10909090909091]]]}, "properties": {"n": 107, "missing_pct": 75.701, "gx": 2041, "gy": -6688}}, {"type": "Feature", "geometry": {"type": "Polygon", "coordinates": [[[-121.8, 37.27272727272727], [-121.78181818181818, 37.27272727272727], [-121.78181818181818, 37.29090909090909], [-121.8, 37.29090909090909], [-121.8, 37.27272727272727]]]}, "properties": {"n": 332, "missing_pct": 99.699, "gx": 2050, "gy": -6699}}, {"type": "Feature", "geometry": {"type": "Polygon", "coordinates": [[[-121.83636363636364, 37.21818181818182], [-121.81818181818181, 37.21818181818182], [-121.81818181818181, 37.236363636363635], [-121.83636363636364, 37.236363636363635], [-121.83636363636364, 37.21818181818182]]]}, "properties": {"n": 1487, "missing_pct": 94.284, "gx": 2047, "gy": -6701}}, {"type": "Feature", "geometry": {"type": "Polygon", "coordinates": [[[-122.01818181818182, 37.21818181818182], [-122.0, 37.21818181818182], [-122.0, 37.236363636363635], [-122.01818181818182, 37.236363636363635], [-122.01818181818182, 37.21818181818182]]]}, "properties": {"n": 264, "missing_pct": 9.848, "gx": 2047, "gy": -6711}}, {"type": "Feature", "geometry": {"type": "Polygon", "coordinates": [[[-121.63636363636364, 37.10909090909091], [-121.61818181818182, 37.10909090909091], [-121.61818181818182, 37.127272727272725], [-121.63636363636364, 37.127272727272725], [-121.63636363636364, 37.10909090909091]]]}, "properties": {"n": 584, "missing_pct": 100.0, "gx": 2041, "gy": -6690}}, {"type": "Feature", "geometry": {"type": "Polygon", "coordinates": [[[-121.89090909090909, 37.43636363636364], [-121.87272727272727, 37.43636363636364], [-121.87272727272727, 37.45454545454545], [-121.89090909090909, 37.45454545454545], [-121.89090909090909, 37.43636363636364]]]}, "properties": {"n": 1903, "missing_pct": 99.212, "gx": 2059, "gy": -6704}}, {"type": "Feature", "geometry": {"type": "Polygon", "coordinates": [[[-121.81818181818181, 37.29090909090909], [-121.8, 37.29090909090909], [-121.8, 37.30909090909091], [-121.81818181818181, 37.30909090909091], [-121.81818181818181, 37.29090909090909]]]}, "properties": {"n": 2668, "missing_pct": 100.0, "gx": 2051, "gy": -6700}}, {"type": "Feature", "geometry": {"type": "Polygon", "coordinates": [[[-121.81818181818181, 37.21818181818182], [-121.8, 37.21818181818182], [-121.8, 37.236363636363635], [-121.81818181818181, 37.236363636363635], [-121.81818181818181, 37.21818181818182]]]}, "properties": {"n": 1780, "missing_pct": 98.933, "gx": 2047, "gy": -6700}}, {"type": "Feature", "geometry": {"type": "Polygon", "coordinates": [[[-121.94545454545455, 37.29090909090909], [-121.92727272727272, 37.29090909090909], [-121.92727272727272, 37.30909090909091], [-121.94545454545455, 37.30909090909091], [-121.94545454545455, 37.29090909090909]]]}, "properties": {"n": 2282, "missing_pct": 100.0, "gx": 2051, "gy": -6707}}, {"type": "Feature", "geometry": {"type": "Polygon", "coordinates": [[[-121.81818181818181, 37.18181818181818], [-121.8, 37.18181818181818], [-121.8, 37.2], [-121.81818181818181, 37.2], [-121.81818181818181, 37.18181818181818]]]}, "properties": {"n": 83, "missing_pct": 2.41, "gx": 2045, "gy": -6700}}, {"type": "Feature", "geometry": {"type": "Polygon", "coordinates": [[[-122.03636363636363, 37.236363636363635], [-122.01818181818182, 37.236363636363635], [-122.01818181818182, 37.25454545454546], [-122.03636363636363, 37.25454545454546], [-122.03636363636363, 37.236363636363635]]]}, "properties": {"n": 513, "missing_pct": 86.355, "gx": 2048, "gy": -6712}}, {"type": "Feature", "geometry": {"type": "Polygon", "coordinates": [[[-121.58181818181818, 37.03636363636364], [-121.56363636363636, 37.03636363636364], [-121.56363636363636, 37.054545454545455], [-121.58181818181818, 37.054545454545455], [-121.58181818181818, 37.03636363636364]]]}, "properties": {"n": 143, "missing_pct": 100.0, "gx": 2037, "gy": -6687}}, {"type": "Feature", "geometry": {"type": "Polygon", "coordinates": [[[-121.92727272727272, 37.236363636363635], [-121.9090909090909, 37.236363636363635], [-121.9090909090909, 37.25454545454546], [-121.92727272727272, 37.25454545454546], [-121.92727272727272, 37.236363636363635]]]}, "properties": {"n": 2846, "missing_pct": 100.0, "gx": 2048, "gy": -6706}}, {"type": "Feature", "geometry": {"type": "Polygon", "coordinates": [[[-121.9090909090909, 37.32727272727273], [-121.89090909090909, 37.32727272727273], [-121.89090909090909, 37.345454545454544], [-121.9090909090909, 37.345454545454544], [-121.9090909090909, 37.32727272727273]]]}, "properties": {"n": 3443, "missing_pct": 100.0, "gx": 2053, "gy": -6705}}, {"type": "Feature", "geometry": {"type": "Polygon", "coordinates": [[[-121.61818181818182, 37.0], [-121.6, 37.0], [-121.6, 37.018181818181816], [-121.61818181818182, 37.018181818181816], [-121.61818181818182, 37.0]]]}, "properties": {"n": 1159, "missing_pct": 100.0, "gx": 2035, "gy": -6689}}, {"type": "Feature", "geometry": {"type": "Polygon", "coordinates": [[[-121.98181818181818, 37.32727272727273], [-121.96363636363637, 37.32727272727273], [-121.96363636363637, 37.345454545454544], [-121.98181818181818, 37.345454545454544], [-121.98181818181818, 37.32727272727273]]]}, "properties": {"n": 3413, "missing_pct": 100.0, "gx": 2053, "gy": -6709}}, {"type": "Feature", "geometry": {"type": "Polygon", "coordinates": [[[-122.05454545454545, 37.30909090909091], [-122.03636363636363, 37.30909090909091], [-122.03636363636363, 37.32727272727273], [-122.05454545454545, 37.32727272727273], [-122.05454545454545, 37.30909090909091]]]}, "properties": {"n": 1952, "missing_pct": 100.0, "gx": 2052, "gy": -6713}}, {"type": "Feature", "geometry": {"type": "Polygon", "coordinates": [[[-122.0, 37.27272727272727], [-121.98181818181818, 37.27272727272727], [-121.98181818181818, 37.29090909090909], [-122.0, 37.29090909090909], [-122.0, 37.27272727272727]]]}, "properties": {"n": 2867, "missing_pct": 100.0, "gx": 2050, "gy": -6710}}, {"type": "Feature", "geometry": {"type": "Polygon", "coordinates": [[[-121.9090909090909, 37.29090909090909], [-121.89090909090909, 37.29090909090909], [-121.89090909090909, 37.30909090909091], [-121.9090909090909, 37.30909090909091], [-121.9090909090909, 37.29090909090909]]]}, "properties": {"n": 3294, "missing_pct": 100.0, "gx": 2051, "gy": -6705}}, {"type": "Feature", "geometry": {"type": "Polygon", "coordinates": [[[-121.61818181818182, 36.981818181818184], [-121.6, 36.981818181818184], [-121.6, 37.0], [-121.61818181818182, 37.0], [-121.61818181818182, 36.981818181818184]]]}, "properties": {"n": 162, "missing_pct": 99.383, "gx": 2034, "gy": -6689}}, {"type": "Feature", "geometry": {"type": "Polygon", "coordinates": [[[-122.07272727272728, 37.4], [-122.05454545454545, 37.4], [-122.05454545454545, 37.41818181818182], [-122.07272727272728, 37.41818181818182], [-122.07272727272728, 37.4]]]}, "properties": {"n": 1259, "missing_pct": 100.0, "gx": 2057, "gy": -6714}}, {"type": "Feature", "geometry": {"type": "Polygon", "coordinates": [[[-122.0, 37.30909090909091], [-121.98181818181818, 37.30909090909091], [-121.98181818181818, 37.32727272727273], [-122.0, 37.32727272727273], [-122.0, 37.30909090909091]]]}, "properties": {"n": 3113, "missing_pct": 100.0, "gx": 2052, "gy": -6710}}, {"type": "Feature", "geometry": {"type": "Polygon", "coordinates": [[[-121.87272727272727, 37.2], [-121.85454545454546, 37.2], [-121.85454545454546, 37.21818181818182], [-121.87272727272727, 37.21818181818182], [-121.87272727272727, 37.2]]]}, "properties": {"n": 1631, "missing_pct": 98.59, "gx": 2046, "gy": -6703}}, {"type": "Feature", "geometry": {"type": "Polygon", "coordinates": [[[-121.8, 37.18181818181818], [-121.78181818181818, 37.18181818181818], [-121.78181818181818, 37.2], [-121.8, 37.2], [-121.8, 37.18181818181818]]]}, "properties": {"n": 100, "missing_pct": 0.0, "gx": 2045, "gy": -6699}}, {"type": "Feature", "geometry": {"type": "Polygon", "coordinates": [[[-122.12727272727273, 37.36363636363637], [-122.10909090909091, 37.36363636363637], [-122.10909090909091, 37.38181818181818], [-122.12727272727273, 37.38181818181818], [-122.12727272727273, 37.36363636363637]]]}, "properties": {"n": 1838, "missing_pct": 100.0, "gx": 2055, "gy": -6717}}, {"type": "Feature", "geometry": {"type": "Polygon", "coordinates": [[[-121.63636363636364, 37.14545454545455], [-121.61818181818182, 37.14545454545455], [-121.61818181818182, 37.163636363636364], [-121.63636363636364, 37.163636363636364], [-121.63636363636364, 37.14545454545455]]]}, "properties": {"n": 413, "missing_pct": 81.598, "gx": 2043, "gy": -6690}}, {"type": "Feature", "geometry": {"type": "Polygon", "coordinates": [[[-121.81818181818181, 37.32727272727273], [-121.8, 37.32727272727273], [-121.8, 37.345454545454544], [-121.81818181818181, 37.345454545454544], [-121.81818181818181, 37.32727272727273]]]}, "properties": {"n": 1672, "missing_pct": 100.0, "gx": 2053, "gy": -6700}}, {"type": "Feature", "geometry": {"type": "Polygon", "coordinates": [[[-122.03636363636363, 37.30909090909091], [-122.01818181818182, 37.30909090909091], [-122.01818181818182, 37.32727272727273], [-122.03636363636363, 37.32727272727273], [-122.03636363636363, 37.30909090909091]]]}, "properties": {"n": 2786, "missing_pct": 100.0, "gx": 2052, "gy": -6712}}, {"type": "Feature", "geometry": {"type": "Polygon", "coordinates": [[[-122.0909090909091, 37.30909090909091], [-122.07272727272728, 37.30909090909091], [-122.07272727272728, 37.32727272727273], [-122.0909090909091, 37.32727272727273], [-122.0909090909091, 37.30909090909091]]]}, "properties": {"n": 497, "missing_pct": 96.177, "gx": 2052, "gy": -6715}}, {"type": "Feature", "geometry": {"type": "Polygon", "coordinates": [[[-121.67272727272727, 37.07272727272727], [-121.65454545454546, 37.07272727272727], [-121.65454545454546, 37.09090909090909], [-121.67272727272727, 37.09090909090909], [-121.67272727272727, 37.07272727272727]]]}, "properties": {"n": 89, "missing_pct": 0.0, "gx": 2039, "gy": -6692}}, {"type": "Feature", "geometry": {"type": "Polygon", "coordinates": [[[-122.03636363636363, 37.345454545454544], [-122.01818181818182, 37.345454545454544], [-122.01818181818182, 37.36363636363637], [-122.03636363636363, 37.36363636363637], [-122.03636363636363, 37.345454545454544]]]}, "properties": {"n": 3005, "missing_pct": 100.0, "gx": 2054, "gy": -6712}}, {"type": "Feature", "geometry": {"type": "Polygon", "coordinates": [[[-121.98181818181818, 37.38181818181818], [-121.96363636363637, 37.38181818181818], [-121.96363636363637, 37.4], [-121.98181818181818, 37.4], [-121.98181818181818, 37.38181818181818]]]}, "properties": {"n": 652, "missing_pct": 100.0, "gx": 2056, "gy": -6709}}, {"type": "Feature", "geometry": {"type": "Polygon", "coordinates": [[[-121.52727272727273, 37.018181818181816], [-121.50909090909092, 37.018181818181816], [-121.50909090909092, 37.03636363636364], [-121.52727272727273, 37.03636363636364], [-121.52727272727273, 37.018181818181816]]]}, "properties": {"n": 89, "missing_pct": 5.618, "gx": 2036, "gy": -6684}}, {"type": "Feature", "geometry": {"type": "Polygon", "coordinates": [[[-121.98181818181818, 37.41818181818182], [-121.96363636363637, 37.41818181818182], [-121.96363636363637, 37.43636363636364], [-121.98181818181818, 37.43636363636364], [-121.98181818181818, 37.41818181818182]]]}, "properties": {"n": 707, "missing_pct": 100.0, "gx": 2058, "gy": -6709}}, {"type": "Feature", "geometry": {"type": "Polygon", "coordinates": [[[-122.0, 37.4], [-121.98181818181818, 37.4], [-121.98181818181818, 37.41818181818182], [-122.0, 37.41818181818182], [-122.0, 37.4]]]}, "properties": {"n": 169, "missing_pct": 100.0, "gx": 2057, "gy": -6710}}, {"type": "Feature", "geometry": {"type": "Polygon", "coordinates": [[[-121.96363636363637, 37.36363636363637], [-121.94545454545455, 37.36363636363637], [-121.94545454545455, 37.38181818181818], [-121.96363636363637, 37.38181818181818], [-121.96363636363637, 37.36363636363637]]]}, "properties": {"n": 357, "missing_pct": 100.0, "gx": 2055, "gy": -6708}}, {"type": "Feature", "geometry": {"type": "Polygon", "coordinates": [[[-121.89090909090909, 37.27272727272727], [-121.87272727272727, 37.27272727272727], [-121.87272727272727, 37.29090909090909], [-121.89090909090909, 37.29090909090909], [-121.89090909090909, 37.27272727272727]]]}, "properties": {"n": 2645, "missing_pct": 100.0, "gx": 2050, "gy": -6704}}, {"type": "Feature", "geometry": {"type": "Polygon", "coordinates": [[[-122.07272727272728, 37.345454545454544], [-122.05454545454545, 37.345454545454544], [-122.05454545454545, 37.36363636363637], [-122.07272727272728, 37.36363636363637], [-122.07272727272728, 37.345454545454544]]]}, "properties": {"n": 2305, "missing_pct": 100.0, "gx": 2054, "gy": -6714}}, {"type": "Feature", "geometry": {"type": "Polygon", "coordinates": [[[-121.92727272727272, 37.32727272727273], [-121.9090909090909, 37.32727272727273], [-121.9090909090909, 37.345454545454544], [-121.92727272727272, 37.345454545454544], [-121.92727272727272, 37.32727272727273]]]}, "properties": {"n": 2393, "missing_pct": 100.0, "gx": 2053, "gy": -6706}}, {"type": "Feature", "geometry": {"type": "Polygon", "coordinates": [[[-121.63636363636364, 37.07272727272727], [-121.61818181818182, 37.07272727272727], [-121.61818181818182, 37.09090909090909], [-121.63636363636364, 37.09090909090909], [-121.63636363636364, 37.07272727272727]]]}, "properties": {"n": 198, "missing_pct": 71.717, "gx": 2039, "gy": -6690}}, {"type": "Feature", "geometry": {"type": "Polygon", "coordinates": [[[-122.16363636363636, 37.38181818181818], [-122.14545454545454, 37.38181818181818], [-122.14545454545454, 37.4], [-122.16363636363636, 37.4], [-122.16363636363636, 37.38181818181818]]]}, "properties": {"n": 201, "missing_pct": 100.0, "gx": 2056, "gy": -6719}}, {"type": "Feature", "geometry": {"type": "Polygon", "coordinates": [[[-121.85454545454546, 37.21818181818182], [-121.83636363636364, 37.21818181818182], [-121.83636363636364, 37.236363636363635], [-121.85454545454546, 37.236363636363635], [-121.85454545454546, 37.21818181818182]]]}, "properties": {"n": 1127, "missing_pct": 91.393, "gx": 2047, "gy": -6702}}, {"type": "Feature", "geometry": {"type": "Polygon", "coordinates": [[[-122.07272727272728, 37.25454545454546], [-122.05454545454545, 37.25454545454546], [-122.05454545454545, 37.27272727272727], [-122.07272727272728, 37.27272727272727], [-122.07272727272728, 37.25454545454546]]]}, "properties": {"n": 106, "missing_pct": 87.736, "gx": 2049, "gy": -6714}}, {"type": "Feature", "geometry": {"type": "Polygon", "coordinates": [[[-122.16363636363636, 37.43636363636364], [-122.14545454545454, 37.43636363636364], [-122.14545454545454, 37.45454545454545], [-122.16363636363636, 37.45454545454545], [-122.16363636363636, 37.43636363636364]]]}, "properties": {"n": 3051, "missing_pct": 100.0, "gx": 2059, "gy": -6719}}, {"type": "Feature", "geometry": {"type": "Polygon", "coordinates": [[[-121.87272727272727, 37.27272727272727], [-121.85454545454546, 37.27272727272727], [-121.85454545454546, 37.29090909090909], [-121.87272727272727, 37.29090909090909], [-121.87272727272727, 37.27272727272727]]]}, "properties": {"n": 2478, "missing_pct": 100.0, "gx": 2050, "gy": -6703}}, {"type": "Feature", "geometry": {"type": "Polygon", "coordinates": [[[-122.05454545454545, 37.25454545454546], [-122.03636363636363, 37.25454545454546], [-122.03636363636363, 37.27272727272727], [-122.05454545454545, 37.27272727272727], [-122.05454545454545, 37.25454545454546]]]}, "properties": {"n": 999, "missing_pct": 100.0, "gx": 2049, "gy": -6713}}, {"type": "Feature", "geometry": {"type": "Polygon", "coordinates": [[[-121.94545454545455, 37.236363636363635], [-121.92727272727272, 37.236363636363635], [-121.92727272727272, 37.25454545454546], [-121.94545454545455, 37.25454545454546], [-121.94545454545455, 37.236363636363635]]]}, "properties": {"n": 2887, "missing_pct": 100.0, "gx": 2048, "gy": -6707}}, {"type": "Feature", "geometry": {"type": "Polygon", "coordinates": [[[-121.9090909090909, 37.21818181818182], [-121.89090909090909, 37.21818181818182], [-121.89090909090909, 37.236363636363635], [-121.9090909090909, 37.236363636363635], [-121.9090909090909, 37.21818181818182]]]}, "properties": {"n": 2212, "missing_pct": 100.0, "gx": 2047, "gy": -6705}}, {"type": "Feature", "geometry": {"type": "Polygon", "coordinates": [[[-121.58181818181818, 37.054545454545455], [-121.56363636363636, 37.054545454545455], [-121.56363636363636, 37.07272727272727], [-121.58181818181818, 37.07272727272727], [-121.58181818181818, 37.054545454545455]]]}, "properties": {"n": 258, "missing_pct": 100.0, "gx": 2038, "gy": -6687}}, {"type": "Feature", "geometry": {"type": "Polygon", "coordinates": [[[-121.69090909090909, 37.14545454545455], [-121.67272727272727, 37.14545454545455], [-121.67272727272727, 37.163636363636364], [-121.69090909090909, 37.163636363636364], [-121.69090909090909, 37.14545454545455]]]}, "properties": {"n": 383, "missing_pct": 93.211, "gx": 2043, "gy": -6693}}, {"type": "Feature", "geometry": {"type": "Polygon", "coordinates": [[[-121.85454545454546, 37.32727272727273], [-121.83636363636364, 37.32727272727273], [-121.83636363636364, 37.345454545454544], [-121.85454545454546, 37.345454545454544], [-121.85454545454546, 37.32727272727273]]]}, "properties": {"n": 2310, "missing_pct": 100.0, "gx": 2053, "gy": -6702}}, {"type": "Feature", "geometry": {"type": "Polygon", "coordinates": [[[-121.81818181818181, 37.25454545454546], [-121.8, 37.25454545454546], [-121.8, 37.27272727272727], [-121.81818181818181, 37.27272727272727], [-121.81818181818181, 37.25454545454546]]]}, "properties": {"n": 2677, "missing_pct": 100.0, "gx": 2049, "gy": -6700}}, {"type": "Feature", "geometry": {"type": "Polygon", "coordinates": [[[-121.69090909090909, 37.10909090909091], [-121.67272727272727, 37.10909090909091], [-121.67272727272727, 37.127272727272725], [-121.69090909090909, 37.127272727272725], [-121.69090909090909, 37.10909090909091]]]}, "properties": {"n": 138, "missing_pct": 30.435, "gx": 2041, "gy": -6693}}, {"type": "Feature", "geometry": {"type": "Polygon", "coordinates": [[[-121.63636363636364, 37.09090909090909], [-121.61818181818182, 37.09090909090909], [-121.61818181818182, 37.10909090909091], [-121.63636363636364, 37.10909090909091], [-121.63636363636364, 37.09090909090909]]]}, "properties": {"n": 290, "missing_pct": 100.0, "gx": 2040, "gy": -6690}}, {"type": "Feature", "geometry": {"type": "Polygon", "coordinates": [[[-121.94545454545455, 37.21818181818182], [-121.92727272727272, 37.21818181818182], [-121.92727272727272, 37.236363636363635], [-121.94545454545455, 37.236363636363635], [-121.94545454545455, 37.21818181818182]]]}, "properties": {"n": 278, "missing_pct": 100.0, "gx": 2047, "gy": -6707}}, {"type": "Feature", "geometry": {"type": "Polygon", "coordinates": [[[-121.78181818181818, 37.32727272727273], [-121.76363636363637, 37.32727272727273], [-121.76363636363637, 37.345454545454544], [-121.78181818181818, 37.345454545454544], [-121.78181818181818, 37.32727272727273]]]}, "properties": {"n": 1105, "missing_pct": 91.222, "gx": 2053, "gy": -6698}}, {"type": "Feature", "geometry": {"type": "Polygon", "coordinates": [[[-122.05454545454545, 37.27272727272727], [-122.03636363636363, 37.27272727272727], [-122.03636363636363, 37.29090909090909], [-122.05454545454545, 37.29090909090909], [-122.05454545454545, 37.27272727272727]]]}, "properties": {"n": 470, "missing_pct": 100.0, "gx": 2050, "gy": -6713}}, {"type": "Feature", "geometry": {"type": "Polygon", "coordinates": [[[-121.83636363636364, 37.4], [-121.81818181818181, 37.4], [-121.81818181818181, 37.41818181818182], [-121.83636363636364, 37.41818181818182], [-121.83636363636364, 37.4]]]}, "properties": {"n": 169, "missing_pct": 92.899, "gx": 2057, "gy": -6701}}, {"type": "Feature", "geometry": {"type": "Polygon", "coordinates": [[[-121.72727272727273, 37.163636363636364], [-121.7090909090909, 37.163636363636364], [-121.7090909090909, 37.18181818181818], [-121.72727272727273, 37.18181818181818], [-121.72727272727273, 37.163636363636364]]]}, "properties": {"n": 96, "missing_pct": 91.667, "gx": 2044, "gy": -6695}}, {"type": "Feature", "geometry": {"type": "Polygon", "coordinates": [[[-121.89090909090909, 37.4], [-121.87272727272727, 37.4], [-121.87272727272727, 37.41818181818182], [-121.89090909090909, 37.41818181818182], [-121.89090909090909, 37.4]]]}, "properties": {"n": 2779, "missing_pct": 100.0, "gx": 2057, "gy": -6704}}, {"type": "Feature", "geometry": {"type": "Polygon", "coordinates": [[[-121.6, 37.0], [-121.58181818181818, 37.0], [-121.58181818181818, 37.018181818181816], [-121.6, 37.018181818181816], [-121.6, 37.0]]]}, "properties": {"n": 2253, "missing_pct": 100.0, "gx": 2035, "gy": -6688}}, {"type": "Feature", "geometry": {"type": "Polygon", "coordinates": [[[-122.01818181818182, 37.29090909090909], [-122.0, 37.29090909090909], [-122.0, 37.30909090909091], [-122.01818181818182, 37.30909090909091], [-122.01818181818182, 37.29090909090909]]]}, "properties": {"n": 3093, "missing_pct": 100.0, "gx": 2051, "gy": -6711}}, {"type": "Feature", "geometry": {"type": "Polygon", "coordinates": [[[-121.89090909090909, 37.236363636363635], [-121.87272727272727, 37.236363636363635], [-121.87272727272727, 37.25454545454546], [-121.89090909090909, 37.25454545454546], [-121.89090909090909, 37.236363636363635]]]}, "properties": {"n": 2095, "missing_pct": 100.0, "gx": 2048, "gy": -6704}}, {"type": "Feature", "geometry": {"type": "Polygon", "coordinates": [[[-121.87272727272727, 37.29090909090909], [-121.85454545454546, 37.29090909090909], [-121.85454545454546, 37.30909090909091], [-121.87272727272727, 37.30909090909091], [-121.87272727272727, 37.29090909090909]]]}, "properties": {"n": 765, "missing_pct": 100.0, "gx": 2051, "gy": -6703}}, {"type": "Feature", "geometry": {"type": "Polygon", "coordinates": [[[-121.58181818181818, 37.09090909090909], [-121.56363636363636, 37.09090909090909], [-121.56363636363636, 37.10909090909091], [-121.58181818181818, 37.10909090909091], [-121.58181818181818, 37.09090909090909]]]}, "properties": {"n": 81, "missing_pct": 83.951, "gx": 2040, "gy": -6687}}, {"type": "Feature", "geometry": {"type": "Polygon", "coordinates": [[[-121.83636363636364, 37.30909090909091], [-121.81818181818181, 37.30909090909091], [-121.81818181818181, 37.32727272727273], [-121.83636363636364, 37.32727272727273], [-121.83636363636364, 37.30909090909091]]]}, "properties": {"n": 3063, "missing_pct": 100.0, "gx": 2052, "gy": -6701}}, {"type": "Feature", "geometry": {"type": "Polygon", "coordinates": [[[-121.89090909090909, 37.21818181818182], [-121.87272727272727, 37.21818181818182], [-121.87272727272727, 37.236363636363635], [-121.89090909090909, 37.236363636363635], [-121.89090909090909, 37.21818181818182]]]}, "properties": {"n": 2369, "missing_pct": 99.916, "gx": 2047, "gy": -6704}}, {"type": "Feature", "geometry": {"type": "Polygon", "coordinates": [[[-121.56363636363636, 37.03636363636364], [-121.54545454545455, 37.03636363636364], [-121.54545454545455, 37.054545454545455], [-121.56363636363636, 37.054545454545455], [-121.56363636363636, 37.03636363636364]]]}, "properties": {"n": 89, "missing_pct": 85.393, "gx": 2037, "gy": -6686}}, {"type": "Feature", "geometry": {"type": "Polygon", "coordinates": [[[-121.76363636363637, 37.25454545454546], [-121.74545454545455, 37.25454545454546], [-121.74545454545455, 37.27272727272727], [-121.76363636363637, 37.27272727272727], [-121.76363636363637, 37.25454545454546]]]}, "properties": {"n": 98, "missing_pct": 82.653, "gx": 2049, "gy": -6697}}, {"type": "Feature", "geometry": {"type": "Polygon", "coordinates": [[[-121.92727272727272, 37.21818181818182], [-121.9090909090909, 37.21818181818182], [-121.9090909090909, 37.236363636363635], [-121.92727272727272, 37.236363636363635], [-121.92727272727272, 37.21818181818182]]]}, "properties": {"n": 885, "missing_pct": 100.0, "gx": 2047, "gy": -6706}}, {"type": "Feature", "geometry": {"type": "Polygon", "coordinates": [[[-121.83636363636364, 37.32727272727273], [-121.81818181818181, 37.32727272727273], [-121.81818181818181, 37.345454545454544], [-121.83636363636364, 37.345454545454544], [-121.83636363636364, 37.32727272727273]]]}, "properties": {"n": 2816, "missing_pct": 100.0, "gx": 2053, "gy": -6701}}, {"type": "Feature", "geometry": {"type": "Polygon", "coordinates": [[[-121.92727272727272, 37.38181818181818], [-121.9090909090909, 37.38181818181818], [-121.9090909090909, 37.4], [-121.92727272727272, 37.4], [-121.92727272727272, 37.38181818181818]]]}, "properties": {"n": 421, "missing_pct": 100.0, "gx": 2056, "gy": -6706}}, {"type": "Feature", "geometry": {"type": "Polygon", "coordinates": [[[-121.78181818181818, 37.236363636363635], [-121.76363636363637, 37.236363636363635], [-121.76363636363637, 37.25454545454546], [-121.78181818181818, 37.25454545454546], [-121.78181818181818, 37.236363636363635]]]}, "properties": {"n": 1064, "missing_pct": 99.53, "gx": 2048, "gy": -6698}}, {"type": "Feature", "geometry": {"type": "Polygon", "coordinates": [[[-121.74545454545455, 37.27272727272727], [-121.72727272727273, 37.27272727272727], [-121.72727272727273, 37.29090909090909], [-121.74545454545455, 37.29090909090909], [-121.74545454545455, 37.27272727272727]]]}, "properties": {"n": 1057, "missing_pct": 98.486, "gx": 2050, "gy": -6696}}, {"type": "Feature", "geometry": {"type": "Polygon", "coordinates": [[[-121.61818181818182, 37.127272727272725], [-121.6, 37.127272727272725], [-121.6, 37.14545454545455], [-121.61818181818182, 37.14545454545455], [-121.61818181818182, 37.127272727272725]]]}, "properties": {"n": 1072, "missing_pct": 98.601, "gx": 2042, "gy": -6689}}, {"type": "Feature", "geometry": {"type": "Polygon", "coordinates": [[[-121.7090909090909, 37.163636363636364], [-121.69090909090909, 37.163636363636364], [-121.69090909090909, 37.18181818181818], [-121.7090909090909, 37.18181818181818], [-121.7090909090909, 37.163636363636364]]]}, "properties": {"n": 140, "missing_pct": 100.0, "gx": 2044, "gy": -6694}}, {"type": "Feature", "geometry": {"type": "Polygon", "coordinates": [[[-121.85454545454546, 37.345454545454544], [-121.83636363636364, 37.345454545454544], [-121.83636363636364, 37.36363636363637], [-121.85454545454546, 37.36363636363637], [-121.85454545454546, 37.345454545454544]]]}, "properties": {"n": 3574, "missing_pct": 100.0, "gx": 2054, "gy": -6702}}, {"type": "Feature", "geometry": {"type": "Polygon", "coordinates": [[[-122.12727272727273, 37.38181818181818], [-122.10909090909091, 37.38181818181818], [-122.10909090909091, 37.4], [-122.12727272727273, 37.4], [-122.12727272727273, 37.38181818181818]]]}, "properties": {"n": 2168, "missing_pct": 100.0, "gx": 2056, "gy": -6717}}, {"type": "Feature", "geometry": {"type": "Polygon", "coordinates": [[[-121.81818181818181, 37.30909090909091], [-121.8, 37.30909090909091], [-121.8, 37.32727272727273], [-121.81818181818181, 37.32727272727273], [-121.81818181818181, 37.30909090909091]]]}, "properties": {"n": 2433, "missing_pct": 100.0, "gx": 2052, "gy": -6700}}, {"type": "Feature", "geometry": {"type": "Polygon", "coordinates": [[[-121.92727272727272, 37.43636363636364], [-121.9090909090909, 37.43636363636364], [-121.9090909090909, 37.45454545454545], [-121.92727272727272, 37.45454545454545], [-121.92727272727272, 37.43636363636364]]]}, "properties": {"n": 1931, "missing_pct": 100.0, "gx": 2059, "gy": -6706}}, {"type": "Feature", "geometry": {"type": "Polygon", "coordinates": [[[-121.96363636363637, 37.127272727272725], [-121.94545454545455, 37.127272727272725], [-121.94545454545455, 37.14545454545455], [-121.96363636363637, 37.14545454545455], [-121.96363636363637, 37.127272727272725]]]}, "properties": {"n": 82, "missing_pct": 0.0, "gx": 2042, "gy": -6708}}, {"type": "Feature", "geometry": {"type": "Polygon", "coordinates": [[[-122.01818181818182, 37.36363636363637], [-122.0, 37.36363636363637], [-122.0, 37.38181818181818], [-122.01818181818182, 37.38181818181818], [-122.01818181818182, 37.36363636363637]]]}, "properties": {"n": 2407, "missing_pct": 100.0, "gx": 2055, "gy": -6711}}, {"type": "Feature", "geometry": {"type": "Polygon", "coordinates": [[[-121.78181818181818, 37.27272727272727], [-121.76363636363637, 37.27272727272727], [-121.76363636363637, 37.29090909090909], [-121.78181818181818, 37.29090909090909], [-121.78181818181818, 37.27272727272727]]]}, "properties": {"n": 1113, "missing_pct": 100.0, "gx": 2050, "gy": -6698}}, {"type": "Feature", "geometry": {"type": "Polygon", "coordinates": [[[-121.78181818181818, 37.25454545454546], [-121.76363636363637, 37.25454545454546], [-121.76363636363637, 37.27272727272727], [-121.78181818181818, 37.27272727272727], [-121.78181818181818, 37.25454545454546]]]}, "properties": {"n": 211, "missing_pct": 96.682, "gx": 2049, "gy": -6698}}, {"type": "Feature", "geometry": {"type": "Polygon", "coordinates": [[[-121.98181818181818, 37.29090909090909], [-121.96363636363637, 37.29090909090909], [-121.96363636363637, 37.30909090909091], [-121.98181818181818, 37.30909090909091], [-121.98181818181818, 37.29090909090909]]]}, "properties": {"n": 2799, "missing_pct": 100.0, "gx": 2051, "gy": -6709}}, {"type": "Feature", "geometry": {"type": "Polygon", "coordinates": [[[-121.8, 37.30909090909091], [-121.78181818181818, 37.30909090909091], [-121.78181818181818, 37.32727272727273], [-121.8, 37.32727272727273], [-121.8, 37.30909090909091]]]}, "properties": {"n": 3207, "missing_pct": 100.0, "gx": 2052, "gy": -6699}}, {"type": "Feature", "geometry": {"type": "Polygon", "coordinates": [[[-121.65454545454546, 37.09090909090909], [-121.63636363636364, 37.09090909090909], [-121.63636363636364, 37.10909090909091], [-121.65454545454546, 37.10909090909091], [-121.65454545454546, 37.09090909090909]]]}, "properties": {"n": 1778, "missing_pct": 96.738, "gx": 2040, "gy": -6691}}, {"type": "Feature", "geometry": {"type": "Polygon", "coordinates": [[[-121.65454545454546, 37.14545454545455], [-121.63636363636364, 37.14545454545455], [-121.63636363636364, 37.163636363636364], [-121.65454545454546, 37.163636363636364], [-121.65454545454546, 37.14545454545455]]]}, "properties": {"n": 860, "missing_pct": 100.0, "gx": 2043, "gy": -6691}}, {"type": "Feature", "geometry": {"type": "Polygon", "coordinates": [[[-121.9090909090909, 37.25454545454546], [-121.89090909090909, 37.25454545454546], [-121.89090909090909, 37.27272727272727], [-121.9090909090909, 37.27272727272727], [-121.9090909090909, 37.25454545454546]]]}, "properties": {"n": 3732, "missing_pct": 100.0, "gx": 2049, "gy": -6705}}, {"type": "Feature", "geometry": {"type": "Polygon", "coordinates": [[[-122.03636363636363, 37.29090909090909], [-122.01818181818182, 37.29090909090909], [-122.01818181818182, 37.30909090909091], [-122.03636363636363, 37.30909090909091], [-122.03636363636363, 37.29090909090909]]]}, "properties": {"n": 3258, "missing_pct": 100.0, "gx": 2051, "gy": -6712}}, {"type": "Feature", "geometry": {"type": "Polygon", "coordinates": [[[-121.8, 37.236363636363635], [-121.78181818181818, 37.236363636363635], [-121.78181818181818, 37.25454545454546], [-121.8, 37.25454545454546], [-121.8, 37.236363636363635]]]}, "properties": {"n": 2050, "missing_pct": 100.0, "gx": 2048, "gy": -6699}}, {"type": "Feature", "geometry": {"type": "Polygon", "coordinates": [[[-121.98181818181818, 37.4], [-121.96363636363637, 37.4], [-121.96363636363637, 37.41818181818182], [-121.98181818181818, 37.41818181818182], [-121.98181818181818, 37.4]]]}, "properties": {"n": 318, "missing_pct": 100.0, "gx": 2057, "gy": -6709}}, {"type": "Feature", "geometry": {"type": "Polygon", "coordinates": [[[-121.98181818181818, 37.25454545454546], [-121.96363636363637, 37.25454545454546], [-121.96363636363637, 37.27272727272727], [-121.98181818181818, 37.27272727272727], [-121.98181818181818, 37.25454545454546]]]}, "properties": {"n": 2469, "missing_pct": 100.0, "gx": 2049, "gy": -6709}}, {"type": "Feature", "geometry": {"type": "Polygon", "coordinates": [[[-121.9090909090909, 37.41818181818182], [-121.89090909090909, 37.41818181818182], [-121.89090909090909, 37.43636363636364], [-121.9090909090909, 37.43636363636364], [-121.9090909090909, 37.41818181818182]]]}, "properties": {"n": 2074, "missing_pct": 100.0, "gx": 2058, "gy": -6705}}, {"type": "Feature", "geometry": {"type": "Polygon", "coordinates": [[[-121.83636363636364, 37.25454545454546], [-121.81818181818181, 37.25454545454546], [-121.81818181818181, 37.27272727272727], [-121.83636363636364, 37.27272727272727], [-121.83636363636364, 37.25454545454546]]]}, "properties": {"n": 3504, "missing_pct": 100.0, "gx": 2049, "gy": -6701}}, {"type": "Feature", "geometry": {"type": "Polygon", "coordinates": [[[-121.89090909090909, 37.41818181818182], [-121.87272727272727, 37.41818181818182], [-121.87272727272727, 37.43636363636364], [-121.89090909090909, 37.43636363636364], [-121.89090909090909, 37.41818181818182]]]}, "properties": {"n": 2558, "missing_pct": 100.0, "gx": 2058, "gy": -6704}}, {"type": "Feature", "geometry": {"type": "Polygon", "coordinates": [[[-122.18181818181819, 37.43636363636364], [-122.16363636363636, 37.43636363636364], [-122.16363636363636, 37.45454545454545], [-122.18181818181819, 37.45454545454545], [-122.18181818181819, 37.43636363636364]]]}, "properties": {"n": 581, "missing_pct": 100.0, "gx": 2059, "gy": -6720}}, {"type": "Feature", "geometry": {"type": "Polygon", "coordinates": [[[-121.67272727272727, 37.09090909090909], [-121.65454545454546, 37.09090909090909], [-121.65454545454546, 37.10909090909091], [-121.67272727272727, 37.10909090909091], [-121.67272727272727, 37.09090909090909]]]}, "properties": {"n": 212, "missing_pct": 7.547, "gx": 2040, "gy": -6692}}, {"type": "Feature", "geometry": {"type": "Polygon", "coordinates": [[[-122.16363636363636, 37.41818181818182], [-122.14545454545454, 37.41818181818182], [-122.14545454545454, 37.43636363636364], [-122.16363636363636, 37.43636363636364], [-122.16363636363636, 37.41818181818182]]]}, "properties": {"n": 1353, "missing_pct": 100.0, "gx": 2058, "gy": -6719}}, {"type": "Feature", "geometry": {"type": "Polygon", "coordinates": [[[-122.16363636363636, 37.4], [-122.14545454545454, 37.4], [-122.14545454545454, 37.41818181818182], [-122.16363636363636, 37.41818181818182], [-122.16363636363636, 37.4]]]}, "properties": {"n": 869, "missing_pct": 100.0, "gx": 2057, "gy": -6719}}, {"type": "Feature", "geometry": {"type": "Polygon", "coordinates": [[[-121.81818181818181, 37.345454545454544], [-121.8, 37.345454545454544], [-121.8, 37.36363636363637], [-121.81818181818181, 37.36363636363637], [-121.81818181818181, 37.345454545454544]]]}, "properties": {"n": 2983, "missing_pct": 100.0, "gx": 2054, "gy": -6700}}, {"type": "Feature", "geometry": {"type": "Polygon", "coordinates": [[[-122.01818181818182, 37.18181818181818], [-122.0, 37.18181818181818], [-122.0, 37.2], [-122.01818181818182, 37.2], [-122.01818181818182, 37.18181818181818]]]}, "properties": {"n": 151, "missing_pct": 0.0, "gx": 2045, "gy": -6711}}, {"type": "Feature", "geometry": {"type": "Polygon", "coordinates": [[[-122.12727272727273, 37.4], [-122.10909090909091, 37.4], [-122.10909090909091, 37.41818181818182], [-122.12727272727273, 37.41818181818182], [-122.12727272727273, 37.4]]]}, "properties": {"n": 2934, "missing_pct": 100.0, "gx": 2057, "gy": -6717}}, {"type": "Feature", "geometry": {"type": "Polygon", "coordinates": [[[-121.85454545454546, 37.27272727272727], [-121.83636363636364, 37.27272727272727], [-121.83636363636364, 37.29090909090909], [-121.85454545454546, 37.29090909090909], [-121.85454545454546, 37.27272727272727]]]}, "properties": {"n": 2340, "missing_pct": 100.0, "gx": 2050, "gy": -6702}}, {"type": "Feature", "geometry": {"type": "Polygon", "coordinates": [[[-121.56363636363636, 37.054545454545455], [-121.54545454545455, 37.054545454545455], [-121.54545454545455, 37.07272727272727], [-121.56363636363636, 37.07272727272727], [-121.56363636363636, 37.054545454545455]]]}, "properties": {"n": 183, "missing_pct": 61.202, "gx": 2038, "gy": -6686}}, {"type": "Feature", "geometry": {"type": "Polygon", "coordinates": [[[-121.61818181818182, 37.07272727272727], [-121.6, 37.07272727272727], [-121.6, 37.09090909090909], [-121.61818181818182, 37.09090909090909], [-121.61818181818182, 37.07272727272727]]]}, "properties": {"n": 412, "missing_pct": 100.0, "gx": 2039, "gy": -6689}}, {"type": "Feature", "geometry": {"type": "Polygon", "coordinates": [[[-121.9090909090909, 37.236363636363635], [-121.89090909090909, 37.236363636363635], [-121.89090909090909, 37.25454545454546], [-121.9090909090909, 37.25454545454546], [-121.9090909090909, 37.236363636363635]]]}, "properties": {"n": 2864, "missing_pct": 100.0, "gx": 2048, "gy": -6705}}, {"type": "Feature", "geometry": {"type": "Polygon", "coordinates": [[[-121.8, 37.32727272727273], [-121.78181818181818, 37.32727272727273], [-121.78181818181818, 37.345454545454544], [-121.8, 37.345454545454544], [-121.8, 37.32727272727273]]]}, "properties": {"n": 2695, "missing_pct": 100.0, "gx": 2053, "gy": -6699}}, {"type": "Feature", "geometry": {"type": "Polygon", "coordinates": [[[-122.16363636363636, 37.345454545454544], [-122.14545454545454, 37.345454545454544], [-122.14545454545454, 37.36363636363637], [-122.16363636363636, 37.36363636363637], [-122.16363636363636, 37.345454545454544]]]}, "properties": {"n": 201, "missing_pct": 90.547, "gx": 2054, "gy": -6719}}, {"type": "Feature", "geometry": {"type": "Polygon", "coordinates": [[[-121.85454545454546, 37.29090909090909], [-121.83636363636364, 37.29090909090909], [-121.83636363636364, 37.30909090909091], [-121.85454545454546, 37.30909090909091], [-121.85454545454546, 37.29090909090909]]]}, "properties": {"n": 1893, "missing_pct": 100.0, "gx": 2051, "gy": -6702}}, {"type": "Feature", "geometry": {"type": "Polygon", "coordinates": [[[-122.01818181818182, 37.236363636363635], [-122.0, 37.236363636363635], [-122.0, 37.25454545454546], [-122.01818181818182, 37.25454545454546], [-122.01818181818182, 37.236363636363635]]]}, "properties": {"n": 652, "missing_pct": 82.515, "gx": 2048, "gy": -6711}}, {"type": "Feature", "geometry": {"type": "Polygon", "coordinates": [[[-121.78181818181818, 37.36363636363637], [-121.76363636363637, 37.36363636363637], [-121.76363636363637, 37.38181818181818], [-121.78181818181818, 37.38181818181818], [-121.78181818181818, 37.36363636363637]]]}, "properties": {"n": 81, "missing_pct": 0.0, "gx": 2055, "gy": -6698}}, {"type": "Feature", "geometry": {"type": "Polygon", "coordinates": [[[-121.89090909090909, 37.32727272727273], [-121.87272727272727, 37.32727272727273], [-121.87272727272727, 37.345454545454544], [-121.89090909090909, 37.345454545454544], [-121.89090909090909, 37.32727272727273]]]}, "properties": {"n": 3050, "missing_pct": 100.0, "gx": 2053, "gy": -6704}}, {"type": "Feature", "geometry": {"type": "Polygon", "coordinates": [[[-121.78181818181818, 37.30909090909091], [-121.76363636363637, 37.30909090909091], [-121.76363636363637, 37.32727272727273], [-121.78181818181818, 37.32727272727273], [-121.78181818181818, 37.30909090909091]]]}, "properties": {"n": 2982, "missing_pct": 99.966, "gx": 2052, "gy": -6698}}, {"type": "Feature", "geometry": {"type": "Polygon", "coordinates": [[[-122.01818181818182, 37.38181818181818], [-122.0, 37.38181818181818], [-122.0, 37.4], [-122.01818181818182, 37.4], [-122.01818181818182, 37.38181818181818]]]}, "properties": {"n": 3576, "missing_pct": 100.0, "gx": 2056, "gy": -6711}}, {"type": "Feature", "geometry": {"type": "Polygon", "coordinates": [[[-122.0, 37.21818181818182], [-121.98181818181818, 37.21818181818182], [-121.98181818181818, 37.236363636363635], [-122.0, 37.236363636363635], [-122.0, 37.21818181818182]]]}, "properties": {"n": 1338, "missing_pct": 97.907, "gx": 2047, "gy": -6710}}, {"type": "Feature", "geometry": {"type": "Polygon", "coordinates": [[[-122.14545454545454, 37.36363636363637], [-122.12727272727273, 37.36363636363637], [-122.12727272727273, 37.38181818181818], [-122.14545454545454, 37.38181818181818], [-122.14545454545454, 37.36363636363637]]]}, "properties": {"n": 492, "missing_pct": 100.0, "gx": 2055, "gy": -6718}}, {"type": "Feature", "geometry": {"type": "Polygon", "coordinates": [[[-121.89090909090909, 37.345454545454544], [-121.87272727272727, 37.345454545454544], [-121.87272727272727, 37.36363636363637], [-121.89090909090909, 37.36363636363637], [-121.89090909090909, 37.345454545454544]]]}, "properties": {"n": 3225, "missing_pct": 100.0, "gx": 2054, "gy": -6704}}, {"type": "Feature", "geometry": {"type": "Polygon", "coordinates": [[[-122.03636363636363, 37.4], [-122.01818181818182, 37.4], [-122.01818181818182, 37.41818181818182], [-122.03636363636363, 37.41818181818182], [-122.03636363636363, 37.4]]]}, "properties": {"n": 333, "missing_pct": 100.0, "gx": 2057, "gy": -6712}}, {"type": "Feature", "geometry": {"type": "Polygon", "coordinates": [[[-121.61818181818182, 37.10909090909091], [-121.6, 37.10909090909091], [-121.6, 37.127272727272725], [-121.61818181818182, 37.127272727272725], [-121.61818181818182, 37.10909090909091]]]}, "properties": {"n": 178, "missing_pct": 100.0, "gx": 2041, "gy": -6689}}, {"type": "Feature", "geometry": {"type": "Polygon", "coordinates": [[[-121.94545454545455, 37.4], [-121.92727272727272, 37.4], [-121.92727272727272, 37.41818181818182], [-121.94545454545455, 37.41818181818182], [-121.94545454545455, 37.4]]]}, "properties": {"n": 205, "missing_pct": 100.0, "gx": 2057, "gy": -6707}}, {"type": "Feature", "geometry": {"type": "Polygon", "coordinates": [[[-121.98181818181818, 37.345454545454544], [-121.96363636363637, 37.345454545454544], [-121.96363636363637, 37.36363636363637], [-121.98181818181818, 37.36363636363637], [-121.98181818181818, 37.345454545454544]]]}, "properties": {"n": 3483, "missing_pct": 100.0, "gx": 2054, "gy": -6709}}, {"type": "Feature", "geometry": {"type": "Polygon", "coordinates": [[[-122.14545454545454, 37.4], [-122.12727272727273, 37.4], [-122.12727272727273, 37.41818181818182], [-122.14545454545454, 37.41818181818182], [-122.14545454545454, 37.4]]]}, "properties": {"n": 1598, "missing_pct": 100.0, "gx": 2057, "gy": -6718}}, {"type": "Feature", "geometry": {"type": "Polygon", "coordinates": [[[-122.12727272727273, 37.345454545454544], [-122.10909090909091, 37.345454545454544], [-122.10909090909091, 37.36363636363637], [-122.12727272727273, 37.36363636363637], [-122.12727272727273, 37.345454545454544]]]}, "properties": {"n": 429, "missing_pct": 100.0, "gx": 2054, "gy": -6717}}, {"type": "Feature", "geometry": {"type": "Polygon", "coordinates": [[[-122.14545454545454, 37.41818181818182], [-122.12727272727273, 37.41818181818182], [-122.12727272727273, 37.43636363636364], [-122.14545454545454, 37.43636363636364], [-122.14545454545454, 37.41818181818182]]]}, "properties": {"n": 2751, "missing_pct": 100.0, "gx": 2058, "gy": -6718}}, {"type": "Feature", "geometry": {"type": "Polygon", "coordinates": [[[-121.96363636363637, 37.29090909090909], [-121.94545454545455, 37.29090909090909], [-121.94545454545455, 37.30909090909091], [-121.96363636363637, 37.30909090909091], [-121.96363636363637, 37.29090909090909]]]}, "properties": {"n": 3207, "missing_pct": 100.0, "gx": 2051, "gy": -6708}}, {"type": "Feature", "geometry": {"type": "Polygon", "coordinates": [[[-121.87272727272727, 37.345454545454544], [-121.85454545454546, 37.345454545454544], [-121.85454545454546, 37.36363636363637], [-121.87272727272727, 37.36363636363637], [-121.87272727272727, 37.345454545454544]]]}, "properties": {"n": 2484, "missing_pct": 100.0, "gx": 2054, "gy": -6703}}, {"type": "Feature", "geometry": {"type": "Polygon", "coordinates": [[[-121.89090909090909, 37.30909090909091], [-121.87272727272727, 37.30909090909091], [-121.87272727272727, 37.32727272727273], [-121.89090909090909, 37.32727272727273], [-121.89090909090909, 37.30909090909091]]]}, "properties": {"n": 3331, "missing_pct": 100.0, "gx": 2052, "gy": -6704}}, {"type": "Feature", "geometry": {"type": "Polygon", "coordinates": [[[-121.85454545454546, 37.30909090909091], [-121.83636363636364, 37.30909090909091], [-121.83636363636364, 37.32727272727273], [-121.85454545454546, 37.32727272727273], [-121.85454545454546, 37.30909090909091]]]}, "properties": {"n": 2825, "missing_pct": 100.0, "gx": 2052, "gy": -6702}}, {"type": "Feature", "geometry": {"type": "Polygon", "coordinates": [[[-122.0909090909091, 37.38181818181818], [-122.07272727272728, 37.38181818181818], [-122.07272727272728, 37.4], [-122.0909090909091, 37.4], [-122.0909090909091, 37.38181818181818]]]}, "properties": {"n": 3176, "missing_pct": 100.0, "gx": 2056, "gy": -6715}}, {"type": "Feature", "geometry": {"type": "Polygon", "coordinates": [[[-121.96363636363637, 37.2], [-121.94545454545455, 37.2], [-121.94545454545455, 37.21818181818182], [-121.96363636363637, 37.21818181818182], [-121.96363636363637, 37.2]]]}, "properties": {"n": 209, "missing_pct": 58.373, "gx": 2046, "gy": -6708}}, {"type": "Feature", "geometry": {"type": "Polygon", "coordinates": [[[-122.0, 37.236363636363635], [-121.98181818181818, 37.236363636363635], [-121.98181818181818, 37.25454545454546], [-122.0, 37.25454545454546], [-122.0, 37.236363636363635]]]}, "properties": {"n": 913, "missing_pct": 100.0, "gx": 2048, "gy": -6710}}, {"type": "Feature", "geometry": {"type": "Polygon", "coordinates": [[[-122.18181818181819, 37.38181818181818], [-122.16363636363636, 37.38181818181818], [-122.16363636363636, 37.4], [-122.18181818181819, 37.4], [-122.18181818181819, 37.38181818181818]]]}, "properties": {"n": 138, "missing_pct": 100.0, "gx": 2056, "gy": -6720}}, {"type": "Feature", "geometry": {"type": "Polygon", "coordinates": [[[-121.9090909090909, 37.36363636363637], [-121.89090909090909, 37.36363636363637], [-121.89090909090909, 37.38181818181818], [-121.9090909090909, 37.38181818181818], [-121.9090909090909, 37.36363636363637]]]}, "properties": {"n": 578, "missing_pct": 100.0, "gx": 2055, "gy": -6705}}, {"type": "Feature", "geometry": {"type": "Polygon", "coordinates": [[[-122.14545454545454, 37.43636363636364], [-122.12727272727273, 37.43636363636364], [-122.12727272727273, 37.45454545454545], [-122.14545454545454, 37.45454545454545], [-122.14545454545454, 37.43636363636364]]]}, "properties": {"n": 2786, "missing_pct": 100.0, "gx": 2059, "gy": -6718}}, {"type": "Feature", "geometry": {"type": "Polygon", "coordinates": [[[-121.74545454545455, 37.29090909090909], [-121.72727272727273, 37.29090909090909], [-121.72727272727273, 37.30909090909091], [-121.74545454545455, 37.30909090909091], [-121.74545454545455, 37.29090909090909]]]}, "properties": {"n": 139, "missing_pct": 97.842, "gx": 2051, "gy": -6696}}, {"type": "Feature", "geometry": {"type": "Polygon", "coordinates": [[[-121.76363636363637, 37.27272727272727], [-121.74545454545455, 37.27272727272727], [-121.74545454545455, 37.29090909090909], [-121.76363636363637, 37.29090909090909], [-121.76363636363637, 37.27272727272727]]]}, "properties": {"n": 1735, "missing_pct": 100.0, "gx": 2050, "gy": -6697}}, {"type": "Feature", "geometry": {"type": "Polygon", "coordinates": [[[-122.01818181818182, 37.27272727272727], [-122.0, 37.27272727272727], [-122.0, 37.29090909090909], [-122.01818181818182, 37.29090909090909], [-122.01818181818182, 37.27272727272727]]]}, "properties": {"n": 2075, "missing_pct": 100.0, "gx": 2050, "gy": -6711}}, {"type": "Feature", "geometry": {"type": "Polygon", "coordinates": [[[-121.96363636363637, 37.345454545454544], [-121.94545454545455, 37.345454545454544], [-121.94545454545455, 37.36363636363637], [-121.96363636363637, 37.36363636363637], [-121.96363636363637, 37.345454545454544]]]}, "properties": {"n": 3304, "missing_pct": 100.0, "gx": 2054, "gy": -6708}}, {"type": "Feature", "geometry": {"type": "Polygon", "coordinates": [[[-121.65454545454546, 37.07272727272727], [-121.63636363636364, 37.07272727272727], [-121.63636363636364, 37.09090909090909], [-121.65454545454546, 37.09090909090909], [-121.65454545454546, 37.07272727272727]]]}, "properties": {"n": 94, "missing_pct": 37.234, "gx": 2039, "gy": -6691}}, {"type": "Feature", "geometry": {"type": "Polygon", "coordinates": [[[-121.89090909090909, 37.36363636363637], [-121.87272727272727, 37.36363636363637], [-121.87272727272727, 37.38181818181818], [-121.89090909090909, 37.38181818181818], [-121.89090909090909, 37.36363636363637]]]}, "properties": {"n": 2463, "missing_pct": 100.0, "gx": 2055, "gy": -6704}}, {"type": "Feature", "geometry": {"type": "Polygon", "coordinates": [[[-121.67272727272727, 37.14545454545455], [-121.65454545454546, 37.14545454545455], [-121.65454545454546, 37.163636363636364], [-121.67272727272727, 37.163636363636364], [-121.67272727272727, 37.14545454545455]]]}, "properties": {"n": 459, "missing_pct": 100.0, "gx": 2043, "gy": -6692}}, {"type": "Feature", "geometry": {"type": "Polygon", "coordinates": [[[-121.92727272727272, 37.45454545454545], [-121.9090909090909, 37.45454545454545], [-121.9090909090909, 37.472727272727276], [-121.92727272727272, 37.472727272727276], [-121.92727272727272, 37.45454545454545]]]}, "properties": {"n": 208, "missing_pct": 100.0, "gx": 2060, "gy": -6706}}, {"type": "Feature", "geometry": {"type": "Polygon", "coordinates": [[[-122.18181818181819, 37.36363636363637], [-122.16363636363636, 37.36363636363637], [-122.16363636363636, 37.38181818181818], [-122.18181818181819, 37.38181818181818], [-122.18181818181819, 37.36363636363637]]]}, "properties": {"n": 244, "missing_pct": 100.0, "gx": 2055, "gy": -6720}}, {"type": "Feature", "geometry": {"type": "Polygon", "coordinates": [[[-121.83636363636364, 37.163636363636364], [-121.81818181818181, 37.163636363636364], [-121.81818181818181, 37.18181818181818], [-121.83636363636364, 37.18181818181818], [-121.83636363636364, 37.163636363636364]]]}, "properties": {"n": 139, "missing_pct": 0.0, "gx": 2044, "gy": -6701}}, {"type": "Feature", "geometry": {"type": "Polygon", "coordinates": [[[-122.0909090909091, 37.36363636363637], [-122.07272727272728, 37.36363636363637], [-122.07272727272728, 37.38181818181818], [-122.0909090909091, 37.38181818181818], [-122.0909090909091, 37.36363636363637]]]}, "properties": {"n": 2236, "missing_pct": 100.0, "gx": 2055, "gy": -6715}}, {"type": "Feature", "geometry": {"type": "Polygon", "coordinates": [[[-121.92727272727272, 37.4], [-121.9090909090909, 37.4], [-121.9090909090909, 37.41818181818182], [-121.92727272727272, 37.41818181818182], [-121.92727272727272, 37.4]]]}, "properties": {"n": 1237, "missing_pct": 100.0, "gx": 2057, "gy": -6706}}, {"type": "Feature", "geometry": {"type": "Polygon", "coordinates": [[[-122.03636363636363, 37.27272727272727], [-122.01818181818182, 37.27272727272727], [-122.01818181818182, 37.29090909090909], [-122.03636363636363, 37.29090909090909], [-122.03636363636363, 37.27272727272727]]]}, "properties": {"n": 1868, "missing_pct": 100.0, "gx": 2050, "gy": -6712}}, {"type": "Feature", "geometry": {"type": "Polygon", "coordinates": [[[-122.07272727272728, 37.29090909090909], [-122.05454545454545, 37.29090909090909], [-122.05454545454545, 37.30909090909091], [-122.07272727272728, 37.30909090909091], [-122.07272727272728, 37.29090909090909]]]}, "properties": {"n": 439, "missing_pct": 99.089, "gx": 2051, "gy": -6714}}, {"type": "Feature", "geometry": {"type": "Polygon", "coordinates": [[[-121.65454545454546, 37.018181818181816], [-121.63636363636364, 37.018181818181816], [-121.63636363636364, 37.03636363636364], [-121.65454545454546, 37.03636363636364], [-121.65454545454546, 37.018181818181816]]]}, "properties": {"n": 105, "missing_pct": 0.0, "gx": 2036, "gy": -6691}}, {"type": "Feature", "geometry": {"type": "Polygon", "coordinates": [[[-122.05454545454545, 37.29090909090909], [-122.03636363636363, 37.29090909090909], [-122.03636363636363, 37.30909090909091], [-122.05454545454545, 37.30909090909091], [-122.05454545454545, 37.29090909090909]]]}, "properties": {"n": 2316, "missing_pct": 100.0, "gx": 2051, "gy": -6713}}, {"type": "Feature", "geometry": {"type": "Polygon", "coordinates": [[[-121.83636363636364, 37.36363636363637], [-121.81818181818181, 37.36363636363637], [-121.81818181818181, 37.38181818181818], [-121.83636363636364, 37.38181818181818], [-121.83636363636364, 37.36363636363637]]]}, "properties": {"n": 2832, "missing_pct": 100.0, "gx": 2055, "gy": -6701}}, {"type": "Feature", "geometry": {"type": "Polygon", "coordinates": [[[-121.54545454545455, 37.054545454545455], [-121.52727272727273, 37.054545454545455], [-121.52727272727273, 37.07272727272727], [-121.54545454545455, 37.07272727272727], [-121.54545454545455, 37.054545454545455]]]}, "properties": {"n": 80, "missing_pct": 0.0, "gx": 2038, "gy": -6685}}, {"type": "Feature", "geometry": {"type": "Polygon", "coordinates": [[[-121.81818181818181, 37.27272727272727], [-121.8, 37.27272727272727], [-121.8, 37.29090909090909], [-121.81818181818181, 37.29090909090909], [-121.81818181818181, 37.27272727272727]]]}, "properties": {"n": 1532, "missing_pct": 100.0, "gx": 2050, "gy": -6700}}, {"type": "Feature", "geometry": {"type": "Polygon", "coordinates": [[[-121.92727272727272, 37.25454545454546], [-121.9090909090909, 37.25454545454546], [-121.9090909090909, 37.27272727272727], [-121.92727272727272, 37.27272727272727], [-121.92727272727272, 37.25454545454546]]]}, "properties": {"n": 3129, "missing_pct": 100.0, "gx": 2049, "gy": -6706}}, {"type": "Feature", "geometry": {"type": "Polygon", "coordinates": [[[-121.8, 37.29090909090909], [-121.78181818181818, 37.29090909090909], [-121.78181818181818, 37.30909090909091], [-121.8, 37.30909090909091], [-121.8, 37.29090909090909]]]}, "properties": {"n": 1507, "missing_pct": 100.0, "gx": 2051, "gy": -6699}}, {"type": "Feature", "geometry": {"type": "Polygon", "coordinates": [[[-121.92727272727272, 37.345454545454544], [-121.9090909090909, 37.345454545454544], [-121.9090909090909, 37.36363636363637], [-121.92727272727272, 37.36363636363637], [-121.92727272727272, 37.345454545454544]]]}, "properties": {"n": 1100, "missing_pct": 100.0, "gx": 2054, "gy": -6706}}, {"type": "Feature", "geometry": {"type": "Polygon", "coordinates": [[[-121.87272727272727, 37.36363636363637], [-121.85454545454546, 37.36363636363637], [-121.85454545454546, 37.38181818181818], [-121.87272727272727, 37.38181818181818], [-121.87272727272727, 37.36363636363637]]]}, "properties": {"n": 3571, "missing_pct": 100.0, "gx": 2055, "gy": -6703}}, {"type": "Feature", "geometry": {"type": "Polygon", "coordinates": [[[-121.96363636363637, 37.21818181818182], [-121.94545454545455, 37.21818181818182], [-121.94545454545455, 37.236363636363635], [-121.96363636363637, 37.236363636363635], [-121.96363636363637, 37.21818181818182]]]}, "properties": {"n": 1265, "missing_pct": 100.0, "gx": 2047, "gy": -6708}}, {"type": "Feature", "geometry": {"type": "Polygon", "coordinates": [[[-121.85454545454546, 37.2], [-121.83636363636364, 37.2], [-121.83636363636364, 37.21818181818182], [-121.85454545454546, 37.21818181818182], [-121.85454545454546, 37.2]]]}, "properties": {"n": 2199, "missing_pct": 98.772, "gx": 2046, "gy": -6702}}, {"type": "Feature", "geometry": {"type": "Polygon", "coordinates": [[[-121.98181818181818, 37.30909090909091], [-121.96363636363637, 37.30909090909091], [-121.96363636363637, 37.32727272727273], [-121.98181818181818, 37.32727272727273], [-121.98181818181818, 37.30909090909091]]]}, "properties": {"n": 2463, "missing_pct": 100.0, "gx": 2052, "gy": -6709}}, {"type": "Feature", "geometry": {"type": "Polygon", "coordinates": [[[-122.0, 37.2], [-121.98181818181818, 37.2], [-121.98181818181818, 37.21818181818182], [-122.0, 37.21818181818182], [-122.0, 37.2]]]}, "properties": {"n": 165, "missing_pct": 66.667, "gx": 2046, "gy": -6710}}, {"type": "Feature", "geometry": {"type": "Polygon", "coordinates": [[[-121.9090909090909, 37.45454545454545], [-121.89090909090909, 37.45454545454545], [-121.89090909090909, 37.472727272727276], [-121.9090909090909, 37.472727272727276], [-121.9090909090909, 37.45454545454545]]]}, "properties": {"n": 1053, "missing_pct": 97.056, "gx": 2060, "gy": -6705}}, {"type": "Feature", "geometry": {"type": "Polygon", "coordinates": [[[-122.03636363636363, 37.32727272727273], [-122.01818181818182, 37.32727272727273], [-122.01818181818182, 37.345454545454544], [-122.03636363636363, 37.345454545454544], [-122.03636363636363, 37.32727272727273]]]}, "properties": {"n": 2672, "missing_pct": 100.0, "gx": 2053, "gy": -6712}}, {"type": "Feature", "geometry": {"type": "Polygon", "coordinates": [[[-121.94545454545455, 37.38181818181818], [-121.92727272727272, 37.38181818181818], [-121.92727272727272, 37.4], [-121.94545454545455, 37.4], [-121.94545454545455, 37.38181818181818]]]}, "properties": {"n": 927, "missing_pct": 100.0, "gx": 2056, "gy": -6707}}, {"type": "Feature", "geometry": {"type": "Polygon", "coordinates": [[[-122.05454545454545, 37.36363636363637], [-122.03636363636363, 37.36363636363637], [-122.03636363636363, 37.38181818181818], [-122.05454545454545, 37.38181818181818], [-122.05454545454545, 37.36363636363637]]]}, "properties": {"n": 3142, "missing_pct": 100.0, "gx": 2055, "gy": -6713}}, {"type": "Feature", "geometry": {"type": "Polygon", "coordinates": [[[-121.58181818181818, 36.96363636363636], [-121.56363636363636, 36.96363636363636], [-121.56363636363636, 36.981818181818184], [-121.58181818181818, 36.981818181818184], [-121.58181818181818, 36.96363636363636]]]}, "properties": {"n": 259, "missing_pct": 96.911, "gx": 2033, "gy": -6687}}, {"type": "Feature", "geometry": {"type": "Polygon", "coordinates": [[[-121.56363636363636, 37.0], [-121.54545454545455, 37.0], [-121.54545454545455, 37.018181818181816], [-121.56363636363636, 37.018181818181816], [-121.56363636363636, 37.0]]]}, "properties": {"n": 322, "missing_pct": 100.0, "gx": 2035, "gy": -6686}}, {"type": "Feature", "geometry": {"type": "Polygon", "coordinates": [[[-121.76363636363637, 37.29090909090909], [-121.74545454545455, 37.29090909090909], [-121.74545454545455, 37.30909090909091], [-121.76363636363637, 37.30909090909091], [-121.76363636363637, 37.29090909090909]]]}, "properties": {"n": 1612, "missing_pct": 99.814, "gx": 2051, "gy": -6697}}, {"type": "Feature", "geometry": {"type": "Polygon", "coordinates": [[[-121.9090909090909, 37.38181818181818], [-121.89090909090909, 37.38181818181818], [-121.89090909090909, 37.4], [-121.9090909090909, 37.4], [-121.9090909090909, 37.38181818181818]]]}, "properties": {"n": 1415, "missing_pct": 100.0, "gx": 2056, "gy": -6705}}, {"type": "Feature", "geometry": {"type": "Polygon", "coordinates": [[[-121.63636363636364, 37.0], [-121.61818181818182, 37.0], [-121.61818181818182, 37.018181818181816], [-121.63636363636364, 37.018181818181816], [-121.63636363636364, 37.0]]]}, "properties": {"n": 393, "missing_pct": 91.349, "gx": 2035, "gy": -6690}}, {"type": "Feature", "geometry": {"type": "Polygon", "coordinates": [[[-122.03636363636363, 37.25454545454546], [-122.01818181818182, 37.25454545454546], [-122.01818181818182, 37.27272727272727], [-122.03636363636363, 37.27272727272727], [-122.03636363636363, 37.25454545454546]]]}, "properties": {"n": 1680, "missing_pct": 100.0, "gx": 2049, "gy": -6712}}, {"type": "Feature", "geometry": {"type": "Polygon", "coordinates": [[[-122.10909090909091, 37.41818181818182], [-122.0909090909091, 37.41818181818182], [-122.0909090909091, 37.43636363636364], [-122.10909090909091, 37.43636363636364], [-122.10909090909091, 37.41818181818182]]]}, "properties": {"n": 1210, "missing_pct": 100.0, "gx": 2058, "gy": -6716}}, {"type": "Feature", "geometry": {"type": "Polygon", "coordinates": [[[-122.01818181818182, 37.32727272727273], [-122.0, 37.32727272727273], [-122.0, 37.345454545454544], [-122.01818181818182, 37.345454545454544], [-122.01818181818182, 37.32727272727273]]]}, "properties": {"n": 1982, "missing_pct": 100.0, "gx": 2053, "gy": -6711}}, {"type": "Feature", "geometry": {"type": "Polygon", "coordinates": [[[-121.8, 37.25454545454546], [-121.78181818181818, 37.25454545454546], [-121.78181818181818, 37.27272727272727], [-121.8, 37.27272727272727], [-121.8, 37.25454545454546]]]}, "properties": {"n": 771, "missing_pct": 98.833, "gx": 2049, "gy": -6699}}, {"type": "Feature", "geometry": {"type": "Polygon", "coordinates": [[[-122.0, 37.32727272727273], [-121.98181818181818, 37.32727272727273], [-121.98181818181818, 37.345454545454544], [-122.0, 37.345454545454544], [-122.0, 37.32727272727273]]]}, "properties": {"n": 2876, "missing_pct": 100.0, "gx": 2053, "gy": -6710}}, {"type": "Feature", "geometry": {"type": "Polygon", "coordinates": [[[-121.94545454545455, 37.27272727272727], [-121.92727272727272, 37.27272727272727], [-121.92727272727272, 37.29090909090909], [-121.94545454545455, 37.29090909090909], [-121.94545454545455, 37.27272727272727]]]}, "properties": {"n": 2722, "missing_pct": 100.0, "gx": 2050, "gy": -6707}}, {"type": "Feature", "geometry": {"type": "Polygon", "coordinates": [[[-121.61818181818182, 37.09090909090909], [-121.6, 37.09090909090909], [-121.6, 37.10909090909091], [-121.61818181818182, 37.10909090909091], [-121.61818181818182, 37.09090909090909]]]}, "properties": {"n": 193, "missing_pct": 100.0, "gx": 2040, "gy": -6689}}, {"type": "Feature", "geometry": {"type": "Polygon", "coordinates": [[[-121.9090909090909, 37.43636363636364], [-121.89090909090909, 37.43636363636364], [-121.89090909090909, 37.45454545454545], [-121.9090909090909, 37.45454545454545], [-121.9090909090909, 37.43636363636364]]]}, "properties": {"n": 3061, "missing_pct": 100.0, "gx": 2059, "gy": -6705}}, {"type": "Feature", "geometry": {"type": "Polygon", "coordinates": [[[-122.0, 37.29090909090909], [-121.98181818181818, 37.29090909090909], [-121.98181818181818, 37.30909090909091], [-122.0, 37.30909090909091], [-122.0, 37.29090909090909]]]}, "properties": {"n": 2417, "missing_pct": 100.0, "gx": 2051, "gy": -6710}}, {"type": "Feature", "geometry": {"type": "Polygon", "coordinates": [[[-122.0, 37.14545454545455], [-121.98181818181818, 37.14545454545455], [-121.98181818181818, 37.163636363636364], [-122.0, 37.163636363636364], [-122.0, 37.14545454545455]]]}, "properties": {"n": 663, "missing_pct": 0.0, "gx": 2043, "gy": -6710}}, {"type": "Feature", "geometry": {"type": "Polygon", "coordinates": [[[-121.6, 37.09090909090909], [-121.58181818181818, 37.09090909090909], [-121.58181818181818, 37.10909090909091], [-121.6, 37.10909090909091], [-121.6, 37.09090909090909]]]}, "properties": {"n": 249, "missing_pct": 97.59, "gx": 2040, "gy": -6688}}, {"type": "Feature", "geometry": {"type": "Polygon", "coordinates": [[[-122.01818181818182, 37.345454545454544], [-122.0, 37.345454545454544], [-122.0, 37.36363636363637], [-122.01818181818182, 37.36363636363637], [-122.01818181818182, 37.345454545454544]]]}, "properties": {"n": 3272, "missing_pct": 100.0, "gx": 2054, "gy": -6711}}, {"type": "Feature", "geometry": {"type": "Polygon", "coordinates": [[[-121.76363636363637, 37.30909090909091], [-121.74545454545455, 37.30909090909091], [-121.74545454545455, 37.32727272727273], [-121.76363636363637, 37.32727272727273], [-121.76363636363637, 37.30909090909091]]]}, "properties": {"n": 572, "missing_pct": 90.734, "gx": 2052, "gy": -6697}}, {"type": "Feature", "geometry": {"type": "Polygon", "coordinates": [[[-121.94545454545455, 37.345454545454544], [-121.92727272727272, 37.345454545454544], [-121.92727272727272, 37.36363636363637], [-121.94545454545455, 37.36363636363637], [-121.94545454545455, 37.345454545454544]]]}, "properties": {"n": 773, "missing_pct": 100.0, "gx": 2054, "gy": -6707}}, {"type": "Feature", "geometry": {"type": "Polygon", "coordinates": [[[-122.03636363636363, 37.38181818181818], [-122.01818181818182, 37.38181818181818], [-122.01818181818182, 37.4], [-122.03636363636363, 37.4], [-122.03636363636363, 37.38181818181818]]]}, "properties": {"n": 2083, "missing_pct": 100.0, "gx": 2056, "gy": -6712}}, {"type": "Feature", "geometry": {"type": "Polygon", "coordinates": [[[-122.03636363636363, 37.18181818181818], [-122.01818181818182, 37.18181818181818], [-122.01818181818182, 37.2], [-122.03636363636363, 37.2], [-122.03636363636363, 37.18181818181818]]]}, "properties": {"n": 103, "missing_pct": 0.0, "gx": 2045, "gy": -6712}}, {"type": "Feature", "geometry": {"type": "Polygon", "coordinates": [[[-121.9090909090909, 37.30909090909091], [-121.89090909090909, 37.30909090909091], [-121.89090909090909, 37.32727272727273], [-121.9090909090909, 37.32727272727273], [-121.9090909090909, 37.30909090909091]]]}, "properties": {"n": 2982, "missing_pct": 100.0, "gx": 2052, "gy": -6705}}, {"type": "Feature", "geometry": {"type": "Polygon", "coordinates": [[[-121.98181818181818, 37.127272727272725], [-121.96363636363637, 37.127272727272725], [-121.96363636363637, 37.14545454545455], [-121.98181818181818, 37.14545454545455], [-121.98181818181818, 37.127272727272725]]]}, "properties": {"n": 84, "missing_pct": 0.0, "gx": 2042, "gy": -6709}}, {"type": "Feature", "geometry": {"type": "Polygon", "coordinates": [[[-121.9090909090909, 37.27272727272727], [-121.89090909090909, 37.27272727272727], [-121.89090909090909, 37.29090909090909], [-121.9090909090909, 37.29090909090909], [-121.9090909090909, 37.27272727272727]]]}, "properties": {"n": 2962, "missing_pct": 100.0, "gx": 2050, "gy": -6705}}, {"type": "Feature", "geometry": {"type": "Polygon", "coordinates": [[[-121.92727272727272, 37.30909090909091], [-121.9090909090909, 37.30909090909091], [-121.9090909090909, 37.32727272727273], [-121.92727272727272, 37.32727272727273], [-121.92727272727272, 37.30909090909091]]]}, "properties": {"n": 2811, "missing_pct": 100.0, "gx": 2052, "gy": -6706}}, {"type": "Feature", "geometry": {"type": "Polygon", "coordinates": [[[-121.96363636363637, 37.32727272727273], [-121.94545454545455, 37.32727272727273], [-121.94545454545455, 37.345454545454544], [-121.96363636363637, 37.345454545454544], [-121.96363636363637, 37.32727272727273]]]}, "properties": {"n": 2999, "missing_pct": 100.0, "gx": 2053, "gy": -6708}}, {"type": "Feature", "geometry": {"type": "Polygon", "coordinates": [[[-121.56363636363636, 36.981818181818184], [-121.54545454545455, 36.981818181818184], [-121.54545454545455, 37.0], [-121.56363636363636, 37.0], [-121.56363636363636, 36.981818181818184]]]}, "properties": {"n": 262, "missing_pct": 100.0, "gx": 2034, "gy": -6686}}, {"type": "Feature", "geometry": {"type": "Polygon", "coordinates": [[[-121.67272727272727, 37.127272727272725], [-121.65454545454546, 37.127272727272725], [-121.65454545454546, 37.14545454545455], [-121.67272727272727, 37.14545454545455], [-121.67272727272727, 37.127272727272725]]]}, "properties": {"n": 1941, "missing_pct": 99.279, "gx": 2042, "gy": -6692}}, {"type": "Feature", "geometry": {"type": "Polygon", "coordinates": [[[-122.0909090909091, 37.345454545454544], [-122.07272727272728, 37.345454545454544], [-122.07272727272728, 37.36363636363637], [-122.0909090909091, 37.36363636363637], [-122.0909090909091, 37.345454545454544]]]}, "properties": {"n": 2178, "missing_pct": 100.0, "gx": 2054, "gy": -6715}}, {"type": "Feature", "geometry": {"type": "Polygon", "coordinates": [[[-121.85454545454546, 37.236363636363635], [-121.83636363636364, 37.236363636363635], [-121.83636363636364, 37.25454545454546], [-121.85454545454546, 37.25454545454546], [-121.85454545454546, 37.236363636363635]]]}, "properties": {"n": 3750, "missing_pct": 100.0, "gx": 2048, "gy": -6702}}, {"type": "Feature", "geometry": {"type": "Polygon", "coordinates": [[[-122.01818181818182, 37.25454545454546], [-122.0, 37.25454545454546], [-122.0, 37.27272727272727], [-122.01818181818182, 37.27272727272727], [-122.01818181818182, 37.25454545454546]]]}, "properties": {"n": 742, "missing_pct": 100.0, "gx": 2049, "gy": -6711}}, {"type": "Feature", "geometry": {"type": "Polygon", "coordinates": [[[-121.85454545454546, 37.36363636363637], [-121.83636363636364, 37.36363636363637], [-121.83636363636364, 37.38181818181818], [-121.85454545454546, 37.38181818181818], [-121.85454545454546, 37.36363636363637]]]}, "properties": {"n": 3490, "missing_pct": 100.0, "gx": 2055, "gy": -6702}}, {"type": "Feature", "geometry": {"type": "Polygon", "coordinates": [[[-122.12727272727273, 37.32727272727273], [-122.10909090909091, 37.32727272727273], [-122.10909090909091, 37.345454545454544], [-122.12727272727273, 37.345454545454544], [-122.12727272727273, 37.32727272727273]]]}, "properties": {"n": 147, "missing_pct": 86.395, "gx": 2053, "gy": -6717}}, {"type": "Feature", "geometry": {"type": "Polygon", "coordinates": [[[-121.89090909090909, 37.38181818181818], [-121.87272727272727, 37.38181818181818], [-121.87272727272727, 37.4], [-121.89090909090909, 37.4], [-121.89090909090909, 37.38181818181818]]]}, "properties": {"n": 2970, "missing_pct": 100.0, "gx": 2056, "gy": -6704}}, {"type": "Feature", "geometry": {"type": "Polygon", "coordinates": [[[-122.07272727272728, 37.38181818181818], [-122.05454545454545, 37.38181818181818], [-122.05454545454545, 37.4], [-122.07272727272728, 37.4], [-122.07272727272728, 37.38181818181818]]]}, "properties": {"n": 3001, "missing_pct": 100.0, "gx": 2056, "gy": -6714}}, {"type": "Feature", "geometry": {"type": "Polygon", "coordinates": [[[-122.0, 37.18181818181818], [-121.98181818181818, 37.18181818181818], [-121.98181818181818, 37.2], [-122.0, 37.2], [-122.0, 37.18181818181818]]]}, "properties": {"n": 84, "missing_pct": 0.0, "gx": 2045, "gy": -6710}}, {"type": "Feature", "geometry": {"type": "Polygon", "coordinates": [[[-121.96363636363637, 37.25454545454546], [-121.94545454545455, 37.25454545454546], [-121.94545454545455, 37.27272727272727], [-121.96363636363637, 37.27272727272727], [-121.96363636363637, 37.25454545454546]]]}, "properties": {"n": 1848, "missing_pct": 100.0, "gx": 2049, "gy": -6708}}, {"type": "Feature", "geometry": {"type": "Polygon", "coordinates": [[[-121.87272727272727, 37.25454545454546], [-121.85454545454546, 37.25454545454546], [-121.85454545454546, 37.27272727272727], [-121.87272727272727, 37.27272727272727], [-121.87272727272727, 37.25454545454546]]]}, "properties": {"n": 2540, "missing_pct": 100.0, "gx": 2049, "gy": -6703}}, {"type": "Feature", "geometry": {"type": "Polygon", "coordinates": [[[-121.83636363636364, 37.29090909090909], [-121.81818181818181, 37.29090909090909], [-121.81818181818181, 37.30909090909091], [-121.83636363636364, 37.30909090909091], [-121.83636363636364, 37.29090909090909]]]}, "properties": {"n": 2053, "missing_pct": 100.0, "gx": 2051, "gy": -6701}}, {"type": "Feature", "geometry": {"type": "Polygon", "coordinates": [[[-121.67272727272727, 37.10909090909091], [-121.65454545454546, 37.10909090909091], [-121.65454545454546, 37.127272727272725], [-121.67272727272727, 37.127272727272725], [-121.67272727272727, 37.10909090909091]]]}, "properties": {"n": 843, "missing_pct": 91.934, "gx": 2041, "gy": -6692}}, {"type": "Feature", "geometry": {"type": "Polygon", "coordinates": [[[-121.65454545454546, 37.10909090909091], [-121.63636363636364, 37.10909090909091], [-121.63636363636364, 37.127272727272725], [-121.65454545454546, 37.127272727272725], [-121.65454545454546, 37.10909090909091]]]}, "properties": {"n": 1127, "missing_pct": 98.403, "gx": 2041, "gy": -6691}}, {"type": "Feature", "geometry": {"type": "Polygon", "coordinates": [[[-122.0909090909091, 37.32727272727273], [-122.07272727272728, 37.32727272727273], [-122.07272727272728, 37.345454545454544], [-122.0909090909091, 37.345454545454544], [-122.0909090909091, 37.32727272727273]]]}, "properties": {"n": 1425, "missing_pct": 99.228, "gx": 2053, "gy": -6715}}, {"type": "Feature", "geometry": {"type": "Polygon", "coordinates": [[[-121.89090909090909, 37.2], [-121.87272727272727, 37.2], [-121.87272727272727, 37.21818181818182], [-121.89090909090909, 37.21818181818182], [-121.89090909090909, 37.2]]]}, "properties": {"n": 522, "missing_pct": 95.785, "gx": 2046, "gy": -6704}}, {"type": "Feature", "geometry": {"type": "Polygon", "coordinates": [[[-122.01818181818182, 37.30909090909091], [-122.0, 37.30909090909091], [-122.0, 37.32727272727273], [-122.01818181818182, 37.32727272727273], [-122.01818181818182, 37.30909090909091]]]}, "properties": {"n": 2551, "missing_pct": 100.0, "gx": 2052, "gy": -6711}}, {"type": "Feature", "geometry": {"type": "Polygon", "coordinates": [[[-121.6, 37.054545454545455], [-121.58181818181818, 37.054545454545455], [-121.58181818181818, 37.07272727272727], [-121.6, 37.07272727272727], [-121.6, 37.054545454545455]]]}, "properties": {"n": 120, "missing_pct": 100.0, "gx": 2038, "gy": -6688}}, {"type": "Feature", "geometry": {"type": "Polygon", "coordinates": [[[-121.8, 37.345454545454544], [-121.78181818181818, 37.345454545454544], [-121.78181818181818, 37.36363636363637], [-121.8, 37.36363636363637], [-121.8, 37.345454545454544]]]}, "properties": {"n": 1072, "missing_pct": 88.246, "gx": 2054, "gy": -6699}}, {"type": "Feature", "geometry": {"type": "Polygon", "coordinates": [[[-121.87272727272727, 37.41818181818182], [-121.85454545454546, 37.41818181818182], [-121.85454545454546, 37.43636363636364], [-121.87272727272727, 37.43636363636364], [-121.87272727272727, 37.41818181818182]]]}, "properties": {"n": 2349, "missing_pct": 100.0, "gx": 2058, "gy": -6703}}, {"type": "Feature", "geometry": {"type": "Polygon", "coordinates": [[[-122.0909090909091, 37.4], [-122.07272727272728, 37.4], [-122.07272727272728, 37.41818181818182], [-122.0909090909091, 37.41818181818182], [-122.0909090909091, 37.4]]]}, "properties": {"n": 2491, "missing_pct": 100.0, "gx": 2057, "gy": -6715}}, {"type": "Feature", "geometry": {"type": "Polygon", "coordinates": [[[-121.85454545454546, 37.38181818181818], [-121.83636363636364, 37.38181818181818], [-121.83636363636364, 37.4], [-121.85454545454546, 37.4], [-121.85454545454546, 37.38181818181818]]]}, "properties": {"n": 2781, "missing_pct": 100.0, "gx": 2056, "gy": -6702}}, {"type": "Feature", "geometry": {"type": "Polygon", "coordinates": [[[-121.8, 37.21818181818182], [-121.78181818181818, 37.21818181818182], [-121.78181818181818, 37.236363636363635], [-121.8, 37.236363636363635], [-121.8, 37.21818181818182]]]}, "properties": {"n": 1884, "missing_pct": 98.408, "gx": 2047, "gy": -6699}}, {"type": "Feature", "geometry": {"type": "Polygon", "coordinates": [[[-121.81818181818181, 37.36363636363637], [-121.8, 37.36363636363637], [-121.8, 37.38181818181818], [-121.81818181818181, 37.38181818181818], [-121.81818181818181, 37.36363636363637]]]}, "properties": {"n": 1753, "missing_pct": 100.0, "gx": 2055, "gy": -6700}}, {"type": "Feature", "geometry": {"type": "Polygon", "coordinates": [[[-122.12727272727273, 37.41818181818182], [-122.10909090909091, 37.41818181818182], [-122.10909090909091, 37.43636363636364], [-122.12727272727273, 37.43636363636364], [-122.12727272727273, 37.41818181818182]]]}, "properties": {"n": 2948, "missing_pct": 100.0, "gx": 2058, "gy": -6717}}, {"type": "Feature", "geometry": {"type": "Polygon", "coordinates": [[[-122.18181818181819, 37.4], [-122.16363636363636, 37.4], [-122.16363636363636, 37.41818181818182], [-122.18181818181819, 37.41818181818182], [-122.18181818181819, 37.4]]]}, "properties": {"n": 119, "missing_pct": 99.16, "gx": 2057, "gy": -6720}}, {"type": "Feature", "geometry": {"type": "Polygon", "coordinates": [[[-121.67272727272727, 37.0], [-121.65454545454546, 37.0], [-121.65454545454546, 37.018181818181816], [-121.67272727272727, 37.018181818181816], [-121.67272727272727, 37.0]]]}, "properties": {"n": 100, "missing_pct": 0.0, "gx": 2035, "gy": -6692}}, {"type": "Feature", "geometry": {"type": "Polygon", "coordinates": [[[-122.10909090909091, 37.4], [-122.0909090909091, 37.4], [-122.0909090909091, 37.41818181818182], [-122.10909090909091, 37.41818181818182], [-122.10909090909091, 37.4]]]}, "properties": {"n": 3686, "missing_pct": 100.0, "gx": 2057, "gy": -6716}}, {"type": "Feature", "geometry": {"type": "Polygon", "coordinates": [[[-122.16363636363636, 37.45454545454545], [-122.14545454545454, 37.45454545454545], [-122.14545454545454, 37.472727272727276], [-122.16363636363636, 37.472727272727276], [-122.16363636363636, 37.45454545454545]]]}, "properties": {"n": 134, "missing_pct": 100.0, "gx": 2060, "gy": -6719}}, {"type": "Feature", "geometry": {"type": "Polygon", "coordinates": [[[-121.94545454545455, 37.25454545454546], [-121.92727272727272, 37.25454545454546], [-121.92727272727272, 37.27272727272727], [-121.94545454545455, 37.27272727272727], [-121.94545454545455, 37.25454545454546]]]}, "properties": {"n": 3008, "missing_pct": 100.0, "gx": 2049, "gy": -6707}}, {"type": "Feature", "geometry": {"type": "Polygon", "coordinates": [[[-122.01818181818182, 37.4], [-122.0, 37.4], [-122.0, 37.41818181818182], [-122.01818181818182, 37.41818181818182], [-122.01818181818182, 37.4]]]}, "properties": {"n": 988, "missing_pct": 100.0, "gx": 2057, "gy": -6711}}, {"type": "Feature", "geometry": {"type": "Polygon", "coordinates": [[[-122.10909090909091, 37.32727272727273], [-122.0909090909091, 37.32727272727273], [-122.0909090909091, 37.345454545454544], [-122.10909090909091, 37.345454545454544], [-122.10909090909091, 37.32727272727273]]]}, "properties": {"n": 252, "missing_pct": 85.317, "gx": 2053, "gy": -6716}}, {"type": "Feature", "geometry": {"type": "Polygon", "coordinates": [[[-121.89090909090909, 37.45454545454545], [-121.87272727272727, 37.45454545454545], [-121.87272727272727, 37.472727272727276], [-121.89090909090909, 37.472727272727276], [-121.89090909090909, 37.45454545454545]]]}, "properties": {"n": 112, "missing_pct": 95.536, "gx": 2060, "gy": -6704}}, {"type": "Feature", "geometry": {"type": "Polygon", "coordinates": [[[-121.6, 36.981818181818184], [-121.58181818181818, 36.981818181818184], [-121.58181818181818, 37.0], [-121.6, 37.0], [-121.6, 36.981818181818184]]]}, "properties": {"n": 977, "missing_pct": 100.0, "gx": 2034, "gy": -6688}}, {"type": "Feature", "geometry": {"type": "Polygon", "coordinates": [[[-121.96363636363637, 37.236363636363635], [-121.94545454545455, 37.236363636363635], [-121.94545454545455, 37.25454545454546], [-121.96363636363637, 37.25454545454546], [-121.96363636363637, 37.236363636363635]]]}, "properties": {"n": 2343, "missing_pct": 100.0, "gx": 2048, "gy": -6708}}, {"type": "Feature", "geometry": {"type": "Polygon", "coordinates": [[[-121.96363636363637, 37.4], [-121.94545454545455, 37.4], [-121.94545454545455, 37.41818181818182], [-121.96363636363637, 37.41818181818182], [-121.96363636363637, 37.4]]]}, "properties": {"n": 1260, "missing_pct": 100.0, "gx": 2057, "gy": -6708}}, {"type": "Feature", "geometry": {"type": "Polygon", "coordinates": [[[-121.92727272727272, 37.41818181818182], [-121.9090909090909, 37.41818181818182], [-121.9090909090909, 37.43636363636364], [-121.92727272727272, 37.43636363636364], [-121.92727272727272, 37.41818181818182]]]}, "properties": {"n": 1278, "missing_pct": 100.0, "gx": 2058, "gy": -6706}}, {"type": "Feature", "geometry": {"type": "Polygon", "coordinates": [[[-121.8, 37.36363636363637], [-121.78181818181818, 37.36363636363637], [-121.78181818181818, 37.38181818181818], [-121.8, 37.38181818181818], [-121.8, 37.36363636363637]]]}, "properties": {"n": 153, "missing_pct": 58.824, "gx": 2055, "gy": -6699}}, {"type": "Feature", "geometry": {"type": "Polygon", "coordinates": [[[-122.07272727272728, 37.32727272727273], [-122.05454545454545, 37.32727272727273], [-122.05454545454545, 37.345454545454544], [-122.07272727272728, 37.345454545454544], [-122.07272727272728, 37.32727272727273]]]}, "properties": {"n": 1928, "missing_pct": 100.0, "gx": 2053, "gy": -6714}}, {"type": "Feature", "geometry": {"type": "Polygon", "coordinates": [[[-122.07272727272728, 37.36363636363637], [-122.05454545454545, 37.36363636363637], [-122.05454545454545, 37.38181818181818], [-122.07272727272728, 37.38181818181818], [-122.07272727272728, 37.36363636363637]]]}, "properties": {"n": 2268, "missing_pct": 100.0, "gx": 2055, "gy": -6714}}, {"type": "Feature", "geometry": {"type": "Polygon", "coordinates": [[[-121.65454545454546, 37.127272727272725], [-121.63636363636364, 37.127272727272725], [-121.63636363636364, 37.14545454545455], [-121.65454545454546, 37.14545454545455], [-121.65454545454546, 37.127272727272725]]]}, "properties": {"n": 2205, "missing_pct": 100.0, "gx": 2042, "gy": -6691}}, {"type": "Feature", "geometry": {"type": "Polygon", "coordinates": [[[-121.78181818181818, 37.29090909090909], [-121.76363636363637, 37.29090909090909], [-121.76363636363637, 37.30909090909091], [-121.78181818181818, 37.30909090909091], [-121.78181818181818, 37.29090909090909]]]}, "properties": {"n": 1796, "missing_pct": 100.0, "gx": 2051, "gy": -6698}}, {"type": "Feature", "geometry": {"type": "Polygon", "coordinates": [[[-121.98181818181818, 37.236363636363635], [-121.96363636363637, 37.236363636363635], [-121.96363636363637, 37.25454545454546], [-121.98181818181818, 37.25454545454546], [-121.98181818181818, 37.236363636363635]]]}, "properties": {"n": 1274, "missing_pct": 100.0, "gx": 2048, "gy": -6709}}, {"type": "Feature", "geometry": {"type": "Polygon", "coordinates": [[[-121.92727272727272, 37.36363636363637], [-121.9090909090909, 37.36363636363637], [-121.9090909090909, 37.38181818181818], [-121.92727272727272, 37.38181818181818], [-121.92727272727272, 37.36363636363637]]]}, "properties": {"n": 388, "missing_pct": 100.0, "gx": 2055, "gy": -6706}}, {"type": "Feature", "geometry": {"type": "Polygon", "coordinates": [[[-121.96363636363637, 37.30909090909091], [-121.94545454545455, 37.30909090909091], [-121.94545454545455, 37.32727272727273], [-121.96363636363637, 37.32727272727273], [-121.96363636363637, 37.30909090909091]]]}, "properties": {"n": 3476, "missing_pct": 100.0, "gx": 2052, "gy": -6708}}, {"type": "Feature", "geometry": {"type": "Polygon", "coordinates": [[[-121.94545454545455, 37.32727272727273], [-121.92727272727272, 37.32727272727273], [-121.92727272727272, 37.345454545454544], [-121.94545454545455, 37.345454545454544], [-121.94545454545455, 37.32727272727273]]]}, "properties": {"n": 2941, "missing_pct": 100.0, "gx": 2053, "gy": -6707}}, {"type": "Feature", "geometry": {"type": "Polygon", "coordinates": [[[-121.61818181818182, 37.054545454545455], [-121.6, 37.054545454545455], [-121.6, 37.07272727272727], [-121.61818181818182, 37.07272727272727], [-121.61818181818182, 37.054545454545455]]]}, "properties": {"n": 87, "missing_pct": 82.759, "gx": 2038, "gy": -6689}}, {"type": "Feature", "geometry": {"type": "Polygon", "coordinates": [[[-122.10909090909091, 37.38181818181818], [-122.0909090909091, 37.38181818181818], [-122.0909090909091, 37.4], [-122.10909090909091, 37.4], [-122.10909090909091, 37.38181818181818]]]}, "properties": {"n": 2821, "missing_pct": 100.0, "gx": 2056, "gy": -6716}}, {"type": "Feature", "geometry": {"type": "Polygon", "coordinates": [[[-122.18181818181819, 37.41818181818182], [-122.16363636363636, 37.41818181818182], [-122.16363636363636, 37.43636363636364], [-122.18181818181819, 37.43636363636364], [-122.18181818181819, 37.41818181818182]]]}, "properties": {"n": 354, "missing_pct": 100.0, "gx": 2058, "gy": -6720}}, {"type": "Feature", "geometry": {"type": "Polygon", "coordinates": [[[-121.87272727272727, 37.21818181818182], [-121.85454545454546, 37.21818181818182], [-121.85454545454546, 37.236363636363635], [-121.87272727272727, 37.236363636363635], [-121.87272727272727, 37.21818181818182]]]}, "properties": {"n": 1862, "missing_pct": 100.0, "gx": 2047, "gy": -6703}}, {"type": "Feature", "geometry": {"type": "Polygon", "coordinates": [[[-121.98181818181818, 37.163636363636364], [-121.96363636363637, 37.163636363636364], [-121.96363636363637, 37.18181818181818], [-121.98181818181818, 37.18181818181818], [-121.98181818181818, 37.163636363636364]]]}, "properties": {"n": 96, "missing_pct": 0.0, "gx": 2044, "gy": -6709}}, {"type": "Feature", "geometry": {"type": "Polygon", "coordinates": [[[-121.83636363636364, 37.345454545454544], [-121.81818181818181, 37.345454545454544], [-121.81818181818181, 37.36363636363637], [-121.83636363636364, 37.36363636363637], [-121.83636363636364, 37.345454545454544]]]}, "properties": {"n": 3256, "missing_pct": 100.0, "gx": 2054, "gy": -6701}}, {"type": "Feature", "geometry": {"type": "Polygon", "coordinates": [[[-121.58181818181818, 37.018181818181816], [-121.56363636363636, 37.018181818181816], [-121.56363636363636, 37.03636363636364], [-121.58181818181818, 37.03636363636364], [-121.58181818181818, 37.018181818181816]]]}, "properties": {"n": 766, "missing_pct": 100.0, "gx": 2036, "gy": -6687}}, {"type": "Feature", "geometry": {"type": "Polygon", "coordinates": [[[-122.14545454545454, 37.38181818181818], [-122.12727272727273, 37.38181818181818], [-122.12727272727273, 37.4], [-122.14545454545454, 37.4], [-122.14545454545454, 37.38181818181818]]]}, "properties": {"n": 562, "missing_pct": 100.0, "gx": 2056, "gy": -6718}}, {"type": "Feature", "geometry": {"type": "Polygon", "coordinates": [[[-121.96363636363637, 37.38181818181818], [-121.94545454545455, 37.38181818181818], [-121.94545454545455, 37.4], [-121.96363636363637, 37.4], [-121.96363636363637, 37.38181818181818]]]}, "properties": {"n": 2520, "missing_pct": 100.0, "gx": 2056, "gy": -6708}}, {"type": "Feature", "geometry": {"type": "Polygon", "coordinates": [[[-122.12727272727273, 37.43636363636364], [-122.10909090909091, 37.43636363636364], [-122.10909090909091, 37.45454545454545], [-122.12727272727273, 37.45454545454545], [-122.12727272727273, 37.43636363636364]]]}, "properties": {"n": 1319, "missing_pct": 100.0, "gx": 2059, "gy": -6717}}, {"type": "Feature", "geometry": {"type": "Polygon", "coordinates": [[[-121.94545454545455, 37.36363636363637], [-121.92727272727272, 37.36363636363637], [-121.92727272727272, 37.38181818181818], [-121.94545454545455, 37.38181818181818], [-121.94545454545455, 37.36363636363637]]]}, "properties": {"n": 127, "missing_pct": 100.0, "gx": 2055, "gy": -6707}}, {"type": "Feature", "geometry": {"type": "Polygon", "coordinates": [[[-121.76363636363637, 37.21818181818182], [-121.74545454545455, 37.21818181818182], [-121.74545454545455, 37.236363636363635], [-121.76363636363637, 37.236363636363635], [-121.76363636363637, 37.21818181818182]]]}, "properties": {"n": 764, "missing_pct": 100.0, "gx": 2047, "gy": -6697}}, {"type": "Feature", "geometry": {"type": "Polygon", "coordinates": [[[-121.87272727272727, 37.236363636363635], [-121.85454545454546, 37.236363636363635], [-121.85454545454546, 37.25454545454546], [-121.87272727272727, 37.25454545454546], [-121.87272727272727, 37.236363636363635]]]}, "properties": {"n": 2066, "missing_pct": 100.0, "gx": 2048, "gy": -6703}}, {"type": "Feature", "geometry": {"type": "Polygon", "coordinates": [[[-121.72727272727273, 37.18181818181818], [-121.7090909090909, 37.18181818181818], [-121.7090909090909, 37.2], [-121.72727272727273, 37.2], [-121.72727272727273, 37.18181818181818]]]}, "properties": {"n": 113, "missing_pct": 100.0, "gx": 2045, "gy": -6695}}, {"type": "Feature", "geometry": {"type": "Polygon", "coordinates": [[[-121.87272727272727, 37.30909090909091], [-121.85454545454546, 37.30909090909091], [-121.85454545454546, 37.32727272727273], [-121.87272727272727, 37.32727272727273], [-121.87272727272727, 37.30909090909091]]]}, "properties": {"n": 892, "missing_pct": 100.0, "gx": 2052, "gy": -6703}}, {"type": "Feature", "geometry": {"type": "Polygon", "coordinates": [[[-121.76363636363637, 37.236363636363635], [-121.74545454545455, 37.236363636363635], [-121.74545454545455, 37.25454545454546], [-121.76363636363637, 37.25454545454546], [-121.76363636363637, 37.236363636363635]]]}, "properties": {"n": 376, "missing_pct": 99.734, "gx": 2048, "gy": -6697}}, {"type": "Feature", "geometry": {"type": "Polygon", "coordinates": [[[-121.6, 37.14545454545455], [-121.58181818181818, 37.14545454545455], [-121.58181818181818, 37.163636363636364], [-121.6, 37.163636363636364], [-121.6, 37.14545454545455]]]}, "properties": {"n": 297, "missing_pct": 68.687, "gx": 2043, "gy": -6688}}, {"type": "Feature", "geometry": {"type": "Polygon", "coordinates": [[[-121.67272727272727, 37.054545454545455], [-121.65454545454546, 37.054545454545455], [-121.65454545454546, 37.07272727272727], [-121.67272727272727, 37.07272727272727], [-121.67272727272727, 37.054545454545455]]]}, "properties": {"n": 152, "missing_pct": 0.0, "gx": 2038, "gy": -6692}}, {"type": "Feature", "geometry": {"type": "Polygon", "coordinates": [[[-121.98181818181818, 37.2], [-121.96363636363637, 37.2], [-121.96363636363637, 37.21818181818182], [-121.98181818181818, 37.21818181818182], [-121.98181818181818, 37.2]]]}, "properties": {"n": 372, "missing_pct": 80.914, "gx": 2046, "gy": -6709}}, {"type": "Feature", "geometry": {"type": "Polygon", "coordinates": [[[-121.61818181818182, 37.03636363636364], [-121.6, 37.03636363636364], [-121.6, 37.054545454545455], [-121.61818181818182, 37.054545454545455], [-121.61818181818182, 37.03636363636364]]]}, "properties": {"n": 181, "missing_pct": 65.193, "gx": 2037, "gy": -6689}}, {"type": "Feature", "geometry": {"type": "Polygon", "coordinates": [[[-121.89090909090909, 37.25454545454546], [-121.87272727272727, 37.25454545454546], [-121.87272727272727, 37.27272727272727], [-121.89090909090909, 37.27272727272727], [-121.89090909090909, 37.25454545454546]]]}, "properties": {"n": 3172, "missing_pct": 100.0, "gx": 2049, "gy": -6704}}, {"type": "Feature", "geometry": {"type": "Polygon", "coordinates": [[[-121.83636363636364, 37.18181818181818], [-121.81818181818181, 37.18181818181818], [-121.81818181818181, 37.2], [-121.83636363636364, 37.2], [-121.83636363636364, 37.18181818181818]]]}, "properties": {"n": 433, "missing_pct": 64.203, "gx": 2045, "gy": -6701}}, {"type": "Feature", "geometry": {"type": "Polygon", "coordinates": [[[-121.9090909090909, 37.345454545454544], [-121.89090909090909, 37.345454545454544], [-121.89090909090909, 37.36363636363637], [-121.9090909090909, 37.36363636363637], [-121.9090909090909, 37.345454545454544]]]}, "properties": {"n": 2130, "missing_pct": 100.0, "gx": 2054, "gy": -6705}}, {"type": "Feature", "geometry": {"type": "Polygon", "coordinates": [[[-121.74545454545455, 37.25454545454546], [-121.72727272727273, 37.25454545454546], [-121.72727272727273, 37.27272727272727], [-121.74545454545455, 37.27272727272727], [-121.74545454545455, 37.25454545454546]]]}, "properties": {"n": 87, "missing_pct": 98.851, "gx": 2049, "gy": -6696}}, {"type": "Feature", "geometry": {"type": "Polygon", "coordinates": [[[-122.14545454545454, 37.345454545454544], [-122.12727272727273, 37.345454545454544], [-122.12727272727273, 37.36363636363637], [-122.14545454545454, 37.36363636363637], [-122.14545454545454, 37.345454545454544]]]}, "properties": {"n": 306, "missing_pct": 96.732, "gx": 2054, "gy": -6718}}, {"type": "Feature", "geometry": {"type": "Polygon", "coordinates": [[[-121.61818181818182, 37.14545454545455], [-121.6, 37.14545454545455], [-121.6, 37.163636363636364], [-121.61818181818182, 37.163636363636364], [-121.61818181818182, 37.14545454545455]]]}, "properties": {"n": 432, "missing_pct": 71.528, "gx": 2043, "gy": -6689}}, {"type": "Feature", "geometry": {"type": "Polygon", "coordinates": [[[-122.05454545454545, 37.32727272727273], [-122.03636363636363, 37.32727272727273], [-122.03636363636363, 37.345454545454544], [-122.05454545454545, 37.345454545454544], [-122.05454545454545, 37.32727272727273]]]}, "properties": {"n": 2241, "missing_pct": 100.0, "gx": 2053, "gy": -6713}}, {"type": "Feature", "geometry": {"type": "Polygon", "coordinates": [[[-121.6, 37.018181818181816], [-121.58181818181818, 37.018181818181816], [-121.58181818181818, 37.03636363636364], [-121.6, 37.03636363636364], [-121.6, 37.018181818181816]]]}, "properties": {"n": 2345, "missing_pct": 100.0, "gx": 2036, "gy": -6688}}, {"type": "Feature", "geometry": {"type": "Polygon", "coordinates": [[[-121.83636363636364, 37.38181818181818], [-121.81818181818181, 37.38181818181818], [-121.81818181818181, 37.4], [-121.83636363636364, 37.4], [-121.83636363636364, 37.38181818181818]]]}, "properties": {"n": 1896, "missing_pct": 100.0, "gx": 2056, "gy": -6701}}, {"type": "Feature", "geometry": {"type": "Polygon", "coordinates": [[[-121.85454545454546, 37.18181818181818], [-121.83636363636364, 37.18181818181818], [-121.83636363636364, 37.2], [-121.85454545454546, 37.2], [-121.85454545454546, 37.18181818181818]]]}, "properties": {"n": 488, "missing_pct": 95.697, "gx": 2045, "gy": -6702}}, {"type": "Feature", "geometry": {"type": "Polygon", "coordinates": [[[-122.07272727272728, 37.30909090909091], [-122.05454545454545, 37.30909090909091], [-122.05454545454545, 37.32727272727273], [-122.07272727272728, 37.32727272727273], [-122.07272727272728, 37.30909090909091]]]}, "properties": {"n": 2282, "missing_pct": 100.0, "gx": 2052, "gy": -6714}}, {"type": "Feature", "geometry": {"type": "Polygon", "coordinates": [[[-121.98181818181818, 37.21818181818182], [-121.96363636363637, 37.21818181818182], [-121.96363636363637, 37.236363636363635], [-121.98181818181818, 37.236363636363635], [-121.98181818181818, 37.21818181818182]]]}, "properties": {"n": 2170, "missing_pct": 100.0, "gx": 2047, "gy": -6709}}, {"type": "Feature", "geometry": {"type": "Polygon", "coordinates": [[[-121.92727272727272, 37.29090909090909], [-121.9090909090909, 37.29090909090909], [-121.9090909090909, 37.30909090909091], [-121.92727272727272, 37.30909090909091], [-121.92727272727272, 37.29090909090909]]]}, "properties": {"n": 3146, "missing_pct": 100.0, "gx": 2051, "gy": -6706}}, {"type": "Feature", "geometry": {"type": "Polygon", "coordinates": [[[-121.78181818181818, 37.21818181818182], [-121.76363636363637, 37.21818181818182], [-121.76363636363637, 37.236363636363635], [-121.78181818181818, 37.236363636363635], [-121.78181818181818, 37.21818181818182]]]}, "properties": {"n": 2366, "missing_pct": 100.0, "gx": 2047, "gy": -6698}}, {"type": "Feature", "geometry": {"type": "Polygon", "coordinates": [[[-122.10909090909091, 37.345454545454544], [-122.0909090909091, 37.345454545454544], [-122.0909090909091, 37.36363636363637], [-122.10909090909091, 37.36363636363637], [-122.10909090909091, 37.345454545454544]]]}, "properties": {"n": 1138, "missing_pct": 100.0, "gx": 2054, "gy": -6716}}, {"type": "Feature", "geometry": {"type": "Polygon", "coordinates": [[[-121.81818181818181, 37.38181818181818], [-121.8, 37.38181818181818], [-121.8, 37.4], [-121.81818181818181, 37.4], [-121.81818181818181, 37.38181818181818]]]}, "properties": {"n": 437, "missing_pct": 98.169, "gx": 2056, "gy": -6700}}, {"type": "Feature", "geometry": {"type": "Polygon", "coordinates": [[[-121.61818181818182, 37.018181818181816], [-121.6, 37.018181818181816], [-121.6, 37.03636363636364], [-121.61818181818182, 37.03636363636364], [-121.61818181818182, 37.018181818181816]]]}, "properties": {"n": 2210, "missing_pct": 99.683, "gx": 2036, "gy": -6689}}, {"type": "Feature", "geometry": {"type": "Polygon", "coordinates": [[[-121.87272727272727, 37.32727272727273], [-121.85454545454546, 37.32727272727273], [-121.85454545454546, 37.345454545454544], [-121.87272727272727, 37.345454545454544], [-121.87272727272727, 37.32727272727273]]]}, "properties": {"n": 2693, "missing_pct": 100.0, "gx": 2053, "gy": -6703}}, {"type": "Feature", "geometry": {"type": "Polygon", "coordinates": [[[-121.65454545454546, 37.163636363636364], [-121.63636363636364, 37.163636363636364], [-121.63636363636364, 37.18181818181818], [-121.65454545454546, 37.18181818181818], [-121.65454545454546, 37.163636363636364]]]}, "properties": {"n": 146, "missing_pct": 100.0, "gx": 2044, "gy": -6691}}, {"type": "Feature", "geometry": {"type": "Polygon", "coordinates": [[[-121.6, 37.07272727272727], [-121.58181818181818, 37.07272727272727], [-121.58181818181818, 37.09090909090909], [-121.6, 37.09090909090909], [-121.6, 37.07272727272727]]]}, "properties": {"n": 206, "missing_pct": 100.0, "gx": 2039, "gy": -6688}}, {"type": "Feature", "geometry": {"type": "Polygon", "coordinates": [[[-121.87272727272727, 37.4], [-121.85454545454546, 37.4], [-121.85454545454546, 37.41818181818182], [-121.87272727272727, 37.41818181818182], [-121.87272727272727, 37.4]]]}, "properties": {"n": 3445, "missing_pct": 100.0, "gx": 2057, "gy": -6703}}, {"type": "Feature", "geometry": {"type": "Polygon", "coordinates": [[[-122.0, 37.36363636363637], [-121.98181818181818, 37.36363636363637], [-121.98181818181818, 37.38181818181818], [-122.0, 37.38181818181818], [-122.0, 37.36363636363637]]]}, "properties": {"n": 1904, "missing_pct": 100.0, "gx": 2055, "gy": -6710}}, {"type": "Feature", "geometry": {"type": "Polygon", "coordinates": [[[-122.03636363636363, 37.36363636363637], [-122.01818181818182, 37.36363636363637], [-122.01818181818182, 37.38181818181818], [-122.03636363636363, 37.38181818181818], [-122.03636363636363, 37.36363636363637]]]}, "properties": {"n": 2134, "missing_pct": 100.0, "gx": 2055, "gy": -6712}}, {"type": "Feature", "geometry": {"type": "Polygon", "coordinates": [[[-121.85454545454546, 37.25454545454546], [-121.83636363636364, 37.25454545454546], [-121.83636363636364, 37.27272727272727], [-121.85454545454546, 37.27272727272727], [-121.85454545454546, 37.25454545454546]]]}, "properties": {"n": 2653, "missing_pct": 100.0, "gx": 2049, "gy": -6702}}, {"type": "Feature", "geometry": {"type": "Polygon", "coordinates": [[[-121.58181818181818, 37.07272727272727], [-121.56363636363636, 37.07272727272727], [-121.56363636363636, 37.09090909090909], [-121.58181818181818, 37.09090909090909], [-121.58181818181818, 37.07272727272727]]]}, "properties": {"n": 304, "missing_pct": 97.368, "gx": 2039, "gy": -6687}}, {"type": "Feature", "geometry": {"type": "Polygon", "coordinates": [[[-121.58181818181818, 37.0], [-121.56363636363636, 37.0], [-121.56363636363636, 37.018181818181816], [-121.58181818181818, 37.018181818181816], [-121.58181818181818, 37.0]]]}, "properties": {"n": 2350, "missing_pct": 100.0, "gx": 2035, "gy": -6687}}, {"type": "Feature", "geometry": {"type": "Polygon", "coordinates": [[[-122.0, 37.38181818181818], [-121.98181818181818, 37.38181818181818], [-121.98181818181818, 37.4], [-122.0, 37.4], [-122.0, 37.38181818181818]]]}, "properties": {"n": 1520, "missing_pct": 100.0, "gx": 2056, "gy": -6710}}, {"type": "Feature", "geometry": {"type": "Polygon", "coordinates": [[[-122.14545454545454, 37.45454545454545], [-122.12727272727273, 37.45454545454545], [-122.12727272727273, 37.472727272727276], [-122.14545454545454, 37.472727272727276], [-122.14545454545454, 37.45454545454545]]]}, "properties": {"n": 105, "missing_pct": 100.0, "gx": 2060, "gy": -6718}}, {"type": "Feature", "geometry": {"type": "Polygon", "coordinates": [[[-122.05454545454545, 37.345454545454544], [-122.03636363636363, 37.345454545454544], [-122.03636363636363, 37.36363636363637], [-122.05454545454545, 37.36363636363637], [-122.05454545454545, 37.345454545454544]]]}, "properties": {"n": 2756, "missing_pct": 100.0, "gx": 2054, "gy": -6713}}, {"type": "Feature", "geometry": {"type": "Polygon", "coordinates": [[[-121.98181818181818, 37.36363636363637], [-121.96363636363637, 37.36363636363637], [-121.96363636363637, 37.38181818181818], [-121.98181818181818, 37.38181818181818], [-121.98181818181818, 37.36363636363637]]]}, "properties": {"n": 1210, "missing_pct": 100.0, "gx": 2055, "gy": -6709}}, {"type": "Feature", "geometry": {"type": "Polygon", "coordinates": [[[-121.85454545454546, 37.4], [-121.83636363636364, 37.4], [-121.83636363636364, 37.41818181818182], [-121.85454545454546, 37.41818181818182], [-121.85454545454546, 37.4]]]}, "properties": {"n": 1510, "missing_pct": 99.934, "gx": 2057, "gy": -6702}}, {"type": "Feature", "geometry": {"type": "Polygon", "coordinates": [[[-121.83636363636364, 37.27272727272727], [-121.81818181818181, 37.27272727272727], [-121.81818181818181, 37.29090909090909], [-121.83636363636364, 37.29090909090909], [-121.83636363636364, 37.27272727272727]]]}, "properties": {"n": 3114, "missing_pct": 100.0, "gx": 2050, "gy": -6701}}, {"type": "Feature", "geometry": {"type": "Polygon", "coordinates": [[[-122.16363636363636, 37.36363636363637], [-122.14545454545454, 37.36363636363637], [-122.14545454545454, 37.38181818181818], [-122.16363636363636, 37.38181818181818], [-122.16363636363636, 37.36363636363637]]]}, "properties": {"n": 428, "missing_pct": 100.0, "gx": 2055, "gy": -6719}}, {"type": "Feature", "geometry": {"type": "Polygon", "coordinates": [[[-122.10909090909091, 37.36363636363637], [-122.0909090909091, 37.36363636363637], [-122.0909090909091, 37.38181818181818], [-122.10909090909091, 37.38181818181818], [-122.10909090909091, 37.36363636363637]]]}, "properties": {"n": 2221, "missing_pct": 100.0, "gx": 2055, "gy": -6716}}, {"type": "Feature", "geometry": {"type": "Polygon", "coordinates": [[[-121.98181818181818, 37.27272727272727], [-121.96363636363637, 37.27272727272727], [-121.96363636363637, 37.29090909090909], [-121.98181818181818, 37.29090909090909], [-121.98181818181818, 37.27272727272727]]]}, "properties": {"n": 3337, "missing_pct": 100.0, "gx": 2050, "gy": -6709}}, {"type": "Feature", "geometry": {"type": "Polygon", "coordinates": [[[-121.83636363636364, 37.236363636363635], [-121.81818181818181, 37.236363636363635], [-121.81818181818181, 37.25454545454546], [-121.83636363636364, 37.25454545454546], [-121.83636363636364, 37.236363636363635]]]}, "properties": {"n": 3482, "missing_pct": 100.0, "gx": 2048, "gy": -6701}}, {"type": "Feature", "geometry": {"type": "Polygon", "coordinates": [[[-122.0, 37.345454545454544], [-121.98181818181818, 37.345454545454544], [-121.98181818181818, 37.36363636363637], [-122.0, 37.36363636363637], [-122.0, 37.345454545454544]]]}, "properties": {"n": 3170, "missing_pct": 100.0, "gx": 2054, "gy": -6710}}, {"type": "Feature", "geometry": {"type": "Polygon", "coordinates": [[[-121.89090909090909, 37.29090909090909], [-121.87272727272727, 37.29090909090909], [-121.87272727272727, 37.30909090909091], [-121.89090909090909, 37.30909090909091], [-121.89090909090909, 37.29090909090909]]]}, "properties": {"n": 2575, "missing_pct": 100.0, "gx": 2051, "gy": -6704}}, {"type": "Feature", "geometry": {"type": "Polygon", "coordinates": [[[-121.87272727272727, 37.38181818181818], [-121.85454545454546, 37.38181818181818], [-121.85454545454546, 37.4], [-121.87272727272727, 37.4], [-121.87272727272727, 37.38181818181818]]]}, "properties": {"n": 3727, "missing_pct": 100.0, "gx": 2056, "gy": -6703}}, {"type": "Feature", "geometry": {"type": "Polygon", "coordinates": [[[-121.81818181818181, 37.236363636363635], [-121.8, 37.236363636363635], [-121.8, 37.25454545454546], [-121.81818181818181, 37.25454545454546], [-121.81818181818181, 37.236363636363635]]]}, "properties": {"n": 2629, "missing_pct": 100.0, "gx": 2048, "gy": -6700}}, {"type": "Feature", "geometry": {"type": "Polygon", "coordinates": [[[-121.69090909090909, 37.09090909090909], [-121.67272727272727, 37.09090909090909], [-121.67272727272727, 37.10909090909091], [-121.69090909090909, 37.10909090909091], [-121.69090909090909, 37.09090909090909]]]}, "properties": {"n": 195, "missing_pct": 0.0, "gx": 2040, "gy": -6693}}, {"type": "Feature", "geometry": {"type": "Polygon", "coordinates": [[[-121.63636363636364, 37.127272727272725], [-121.61818181818182, 37.127272727272725], [-121.61818181818182, 37.14545454545455], [-121.63636363636364, 37.14545454545455], [-121.63636363636364, 37.127272727272725]]]}, "properties": {"n": 1240, "missing_pct": 100.0, "gx": 2042, "gy": -6690}}, {"type": "Feature", "geometry": {"type": "Polygon", "coordinates": [[[-122.05454545454545, 37.236363636363635], [-122.03636363636363, 37.236363636363635], [-122.03636363636363, 37.25454545454546], [-122.05454545454545, 37.25454545454546], [-122.05454545454545, 37.236363636363635]]]}, "properties": {"n": 180, "missing_pct": 67.222, "gx": 2048, "gy": -6713}}, {"type": "Feature", "geometry": {"type": "Polygon", "coordinates": [[[-121.92727272727272, 37.27272727272727], [-121.9090909090909, 37.27272727272727], [-121.9090909090909, 37.29090909090909], [-121.92727272727272, 37.29090909090909], [-121.92727272727272, 37.27272727272727]]]}, "properties": {"n": 2702, "missing_pct": 100.0, "gx": 2050, "gy": -6706}}, {"type": "Feature", "geometry": {"type": "Polygon", "coordinates": [[[-121.6, 37.03636363636364], [-121.58181818181818, 37.03636363636364], [-121.58181818181818, 37.054545454545455], [-121.6, 37.054545454545455], [-121.6, 37.03636363636364]]]}, "properties": {"n": 110, "missing_pct": 93.636, "gx": 2037, "gy": -6688}}, {"type": "Feature", "geometry": {"type": "Polygon", "coordinates": [[[-121.54545454545455, 37.03636363636364], [-121.52727272727273, 37.03636363636364], [-121.52727272727273, 37.054545454545455], [-121.54545454545455, 37.054545454545455], [-121.54545454545455, 37.03636363636364]]]}, "properties": {"n": 181, "missing_pct": 7.735, "gx": 2037, "gy": -6685}}, {"type": "Feature", "geometry": {"type": "Polygon", "coordinates": [[[-122.0, 37.163636363636364], [-121.98181818181818, 37.163636363636364], [-121.98181818181818, 37.18181818181818], [-122.0, 37.18181818181818], [-122.0, 37.163636363636364]]]}, "properties": {"n": 238, "missing_pct": 0.0, "gx": 2044, "gy": -6710}}, {"type": "Feature", "geometry": {"type": "Polygon", "coordinates": [[[-121.63636363636364, 37.018181818181816], [-121.61818181818182, 37.018181818181816], [-121.61818181818182, 37.03636363636364], [-121.63636363636364, 37.03636363636364], [-121.63636363636364, 37.018181818181816]]]}, "properties": {"n": 190, "missing_pct": 82.105, "gx": 2036, "gy": -6690}}, {"type": "Feature", "geometry": {"type": "Polygon", "coordinates": [[[-121.94545454545455, 37.30909090909091], [-121.92727272727272, 37.30909090909091], [-121.92727272727272, 37.32727272727273], [-121.94545454545455, 37.32727272727273], [-121.94545454545455, 37.30909090909091]]]}, "properties": {"n": 2540, "missing_pct": 100.0, "gx": 2052, "gy": -6707}}, {"type": "Feature", "geometry": {"type": "Polygon", "coordinates": [[[-121.96363636363637, 37.27272727272727], [-121.94545454545455, 37.27272727272727], [-121.94545454545455, 37.29090909090909], [-121.96363636363637, 37.29090909090909], [-121.96363636363637, 37.27272727272727]]]}, "properties": {"n": 2286, "missing_pct": 100.0, "gx": 2050, "gy": -6708}}, {"type": "Feature", "geometry": {"type": "Polygon", "coordinates": [[[-121.58181818181818, 36.981818181818184], [-121.56363636363636, 36.981818181818184], [-121.56363636363636, 37.0], [-121.58181818181818, 37.0], [-121.58181818181818, 36.981818181818184]]]}, "properties": {"n": 1673, "missing_pct": 100.0, "gx": 2034, "gy": -6687}}, {"type": "Feature", "geometry": {"type": "Polygon", "coordinates": [[[-121.83636363636364, 37.2], [-121.81818181818181, 37.2], [-121.81818181818181, 37.21818181818182], [-121.83636363636364, 37.21818181818182], [-121.83636363636364, 37.2]]]}, "properties": {"n": 974, "missing_pct": 88.09, "gx": 2046, "gy": -6701}}, {"type": "Feature", "geometry": {"type": "Polygon", "coordinates": [[[-121.98181818181818, 37.14545454545455], [-121.96363636363637, 37.14545454545455], [-121.96363636363637, 37.163636363636364], [-121.98181818181818, 37.163636363636364], [-121.98181818181818, 37.14545454545455]]]}, "properties": {"n": 464, "missing_pct": 0.0, "gx": 2043, "gy": -6709}}, {"type": "Feature", "geometry": {"type": "Polygon", "coordinates": [[[-121.6, 37.127272727272725], [-121.58181818181818, 37.127272727272725], [-121.58181818181818, 37.14545454545455], [-121.6, 37.14545454545455], [-121.6, 37.127272727272725]]]}, "properties": {"n": 464, "missing_pct": 91.164, "gx": 2042, "gy": -6688}}]}