{"type": "FeatureCollection", "features": [{"type": "Feature", "geometry": {"type": "Polygon", "coordinates": [[[-121.69090909090909, 37.127272727272725], [-121.67272727272727, 37.127272727272725], [-121.67272727272727, 37.14545454545455], [-121.69090909090909, 37.14545454545455], [-121.69090909090909, 37.127272727272725]]]}, "properties": {"n": 233, "missing_pct": 8.155, "gx": 2042, "gy": -6693}}, {"type": "Feature", "geometry": {"type": "Polygon", "coordinates": [[[-122.0, 37.25454545454546], [-121.98181818181818, 37.25454545454546], [-121.98181818181818, 37.27272727272727], [-122.0, 37.27272727272727], [-122.0, 37.25454545454546]]]}, "properties": {"n": 1858, "missing_pct": 5.813, "gx": 2049, "gy": -6710}}, {"type": "Feature", "geometry": {"type": "Polygon", "coordinates": [[[-121.9090909090909, 37.4], [-121.89090909090909, 37.4], [-121.89090909090909, 37.41818181818182], [-121.9090909090909, 37.41818181818182], [-121.9090909090909, 37.4]]]}, "properties": {"n": 2833, "missing_pct": 2.4, "gx": 2057, "gy": -6705}}, {"type": "Feature", "geometry": {"type": "Polygon", "coordinates": [[[-122.05454545454545, 37.38181818181818], [-122.03636363636363, 37.38181818181818], [-122.03636363636363, 37.4], [-122.05454545454545, 37.4], [-122.05454545454545, 37.38181818181818]]]}, "properties": {"n": 1301, "missing_pct": 2.844, "gx": 2056, "gy": -6713}}, {"type": "Feature", "geometry": {"type": "Polygon", "coordinates": [[[-121.6, 37.10909090909091], [-121.58181818181818, 37.10909090909091], [-121.58181818181818, 37.127272727272725], [-121.6, 37.127272727272725], [-121.6, 37.10909090909091]]]}, "properties": {"n": 107, "missing_pct": 22.43, "gx": 2041, "gy": -6688}}, {"type": "Feature", "geometry": {"type": "Polygon", "coordinates": [[[-121.8, 37.27272727272727], [-121.78181818181818, 37.27272727272727], [-121.78181818181818, 37.29090909090909], [-121.8, 37.29090909090909], [-121.8, 37.27272727272727]]]}, "properties": {"n": 332, "missing_pct": 6.627, "gx": 2050, "gy": -6699}}, {"type": "Feature", "geometry": {"type": "Polygon", "coordinates": [[[-121.83636363636364, 37.21818181818182], [-121.81818181818181, 37.21818181818182], [-121.81818181818181, 37.236363636363635], [-121.83636363636364, 37.236363636363635], [-121.83636363636364, 37.21818181818182]]]}, "properties": {"n": 1487, "missing_pct": 1.95, "gx": 2047, "gy": -6701}}, {"type": "Feature", "geometry": {"type": "Polygon", "coordinates": [[[-122.01818181818182, 37.21818181818182], [-122.0, 37.21818181818182], [-122.0, 37.236363636363635], [-122.01818181818182, 37.236363636363635], [-122.01818181818182, 37.21818181818182]]]}, "properties": {"n": 264, "missing_pct": 25.0, "gx": 2047, "gy": -6711}}, {"type": "Feature", "geometry": {"type": "Polygon", "coordinates": [[[-121.63636363636364, 37.10909090909091], [-121.61818181818182, 37.10909090909091], [-121.61818181818182, 37.127272727272725], [-121.63636363636364, 37.127272727272725], [-121.63636363636364, 37.10909090909091]]]}, "properties": {"n": 584, "missing_pct": 16.096, "gx": 2041, "gy": -6690}}, {"type": "Feature", "geometry": {"type": "Polygon", "coordinates": [[[-121.89090909090909, 37.43636363636364], [-121.87272727272727, 37.43636363636364], [-121.87272727272727, 37.45454545454545], [-121.89090909090909, 37.45454545454545], [-121.89090909090909, 37.43636363636364]]]}, "properties": {"n": 1903, "missing_pct": 2.312, "gx": 2059, "gy": -6704}}, {"type": "Feature", "geometry": {"type": "Polygon", "coordinates": [[[-121.81818181818181, 37.29090909090909], [-121.8, 37.29090909090909], [-121.8, 37.30909090909091], [-121.81818181818181, 37.30909090909091], [-121.81818181818181, 37.29090909090909]]]}, "properties": {"n": 2668, "missing_pct": 1.874, "gx": 2051, "gy": -6700}}, {"type": "Feature", "geometry": {"type": "Polygon", "coordinates": [[[-121.81818181818181, 37.21818181818182], [-121.8, 37.21818181818182], [-121.8, 37.236363636363635], [-121.81818181818181, 37.236363636363635], [-121.81818181818181, 37.21818181818182]]]}, "properties": {"n": 1780, "missing_pct": 1.404, "gx": 2047, "gy": -6700}}, {"type": "Feature", "geometry": {"type": "Polygon", "coordinates": [[[-121.94545454545455, 37.29090909090909], [-121.92727272727272, 37.29090909090909], [-121.92727272727272, 37.30909090909091], [-121.94545454545455, 37.30909090909091], [-121.94545454545455, 37.29090909090909]]]}, "properties": {"n": 2282, "missing_pct": 2.06, "gx": 2051, "gy": -6707}}, {"type": "Feature", "geometry": {"type": "Polygon", "coordinates": [[[-121.81818181818181, 37.18181818181818], [-121.8, 37.18181818181818], [-121.8, 37.2], [-121.81818181818181, 37.2], [-121.81818181818181, 37.18181818181818]]]}, "properties": {"n": 83, "missing_pct": 28.916, "gx": 2045, "gy": -6700}}, {"type": "Feature", "geometry": {"type": "Polygon", "coordinates": [[[-122.03636363636363, 37.236363636363635], [-122.01818181818182, 37.236363636363635], [-122.01818181818182, 37.25454545454546], [-122.03636363636363, 37.25454545454546], [-122.03636363636363, 37.236363636363635]]]}, "properties": {"n": 513, "missing_pct": 11.111, "gx": 2048, "gy": -6712}}, {"type": "Feature", "geometry": {"type": "Polygon", "coordinates": [[[-121.58181818181818, 37.03636363636364], [-121.56363636363636, 37.03636363636364], [-121.56363636363636, 37.054545454545455], [-121.58181818181818, 37.054545454545455], [-121.58181818181818, 37.03636363636364]]]}, "properties": {"n": 143, "missing_pct": 40.559, "gx": 2037, "gy": -6687}}, {"type": "Feature", "geometry": {"type": "Polygon", "coordinates": [[[-121.92727272727272, 37.236363636363635], [-121.9090909090909, 37.236363636363635], [-121.9090909090909, 37.25454545454546], [-121.92727272727272, 37.25454545454546], [-121.92727272727272, 37.236363636363635]]]}, "properties": {"n": 2846, "missing_pct": 1.757, "gx": 2048, "gy": -6706}}, {"type": "Feature", "geometry": {"type": "Polygon", "coordinates": [[[-121.9090909090909, 37.32727272727273], [-121.89090909090909, 37.32727272727273], [-121.89090909090909, 37.345454545454544], [-121.9090909090909, 37.345454545454544], [-121.9090909090909, 37.32727272727273]]]}, "properties": {"n": 3443, "missing_pct": 12.199, "gx": 2053, "gy": -6705}}, {"type": "Feature", "geometry": {"type": "Polygon", "coordinates": [[[-121.61818181818182, 37.0], [-121.6, 37.0], [-121.6, 37.018181818181816], [-121.61818181818182, 37.018181818181816], [-121.61818181818182, 37.0]]]}, "properties": {"n": 1159, "missing_pct": 7.161, "gx": 2035, "gy": -6689}}, {"type": "Feature", "geometry": {"type": "Polygon", "coordinates": [[[-121.98181818181818, 37.32727272727273], [-121.96363636363637, 37.32727272727273], [-121.96363636363637, 37.345454545454544], [-121.98181818181818, 37.345454545454544], [-121.98181818181818, 37.32727272727273]]]}, "properties": {"n": 3413, "missing_pct": 1.172, "gx": 2053, "gy": -6709}}, {"type": "Feature", "geometry": {"type": "Polygon", "coordinates": [[[-122.05454545454545, 37.30909090909091], [-122.03636363636363, 37.30909090909091], [-122.03636363636363, 37.32727272727273], [-122.05454545454545, 37.32727272727273], [-122.05454545454545, 37.30909090909091]]]}, "properties": {"n": 1952, "missing_pct": 4.816, "gx": 2052, "gy": -6713}}, {"type": "Feature", "geometry": {"type": "Polygon", "coordinates": [[[-122.0, 37.27272727272727], [-121.98181818181818, 37.27272727272727], [-121.98181818181818, 37.29090909090909], [-122.0, 37.29090909090909], [-122.0, 37.27272727272727]]]}, "properties": {"n": 2867, "missing_pct": 1.884, "gx": 2050, "gy": -6710}}, {"type": "Feature", "geometry": {"type": "Polygon", "coordinates": [[[-121.9090909090909, 37.29090909090909], [-121.89090909090909, 37.29090909090909], [-121.89090909090909, 37.30909090909091], [-121.9090909090909, 37.30909090909091], [-121.9090909090909, 37.29090909090909]]]}, "properties": {"n": 3294, "missing_pct": 1.943, "gx": 2051, "gy": -6705}}, {"type": "Feature", "geometry": {"type": "Polygon", "coordinates": [[[-121.61818181818182, 36.981818181818184], [-121.6, 36.981818181818184], [-121.6, 37.0], [-121.61818181818182, 37.0], [-121.61818181818182, 36.981818181818184]]]}, "properties": {"n": 162, "missing_pct": 8.642, "gx": 2034, "gy": -6689}}, {"type": "Feature", "geometry": {"type": "Polygon", "coordinates": [[[-122.07272727272728, 37.4], [-122.05454545454545, 37.4], [-122.05454545454545, 37.41818181818182], [-122.07272727272728, 37.41818181818182], [-122.07272727272728, 37.4]]]}, "properties": {"n": 1259, "missing_pct": 2.859, "gx": 2057, "gy": -6714}}, {"type": "Feature", "geometry": {"type": "Polygon", "coordinates": [[[-122.0, 37.30909090909091], [-121.98181818181818, 37.30909090909091], [-121.98181818181818, 37.32727272727273], [-122.0, 37.32727272727273], [-122.0, 37.30909090909091]]]}, "properties": {"n": 3113, "missing_pct": 0.739, "gx": 2052, "gy": -6710}}, {"type": "Feature", "geometry": {"type": "Polygon", "coordinates": [[[-121.87272727272727, 37.2], [-121.85454545454546, 37.2], [-121.85454545454546, 37.21818181818182], [-121.87272727272727, 37.21818181818182], [-121.87272727272727, 37.2]]]}, "properties": {"n": 1631, "missing_pct": 1.655, "gx": 2046, "gy": -6703}}, {"type": "Feature", "geometry": {"type": "Polygon", "coordinates": [[[-121.8, 37.18181818181818], [-121.78181818181818, 37.18181818181818], [-121.78181818181818, 37.2], [-121.8, 37.2], [-121.8, 37.18181818181818]]]}, "properties": {"n": 100, "missing_pct": 31.0, "gx": 2045, "gy": -6699}}, {"type": "Feature", "geometry": {"type": "Polygon", "coordinates": [[[-122.12727272727273, 37.36363636363637], [-122.10909090909091, 37.36363636363637], [-122.10909090909091, 37.38181818181818], [-122.12727272727273, 37.38181818181818], [-122.12727272727273, 37.36363636363637]]]}, "properties": {"n": 1838, "missing_pct": 4.733, "gx": 2055, "gy": -6717}}, {"type": "Feature", "geometry": {"type": "Polygon", "coordinates": [[[-121.63636363636364, 37.14545454545455], [-121.61818181818182, 37.14545454545455], [-121.61818181818182, 37.163636363636364], [-121.63636363636364, 37.163636363636364], [-121.63636363636364, 37.14545454545455]]]}, "properties": {"n": 413, "missing_pct": 26.634, "gx": 2043, "gy": -6690}}, {"type": "Feature", "geometry": {"type": "Polygon", "coordinates": [[[-121.81818181818181, 37.32727272727273], [-121.8, 37.32727272727273], [-121.8, 37.345454545454544], [-121.81818181818181, 37.345454545454544], [-121.81818181818181, 37.32727272727273]]]}, "properties": {"n": 1672, "missing_pct": 2.093, "gx": 2053, "gy": -6700}}, {"type": "Feature", "geometry": {"type": "Polygon", "coordinates": [[[-122.03636363636363, 37.30909090909091], [-122.01818181818182, 37.30909090909091], [-122.01818181818182, 37.32727272727273], [-122.03636363636363, 37.32727272727273], [-122.03636363636363, 37.30909090909091]]]}, "properties": {"n": 2786, "missing_pct": 1.22, "gx": 2052, "gy": -6712}}, {"type": "Feature", "geometry": {"type": "Polygon", "coordinates": [[[-122.0909090909091, 37.30909090909091], [-122.07272727272728, 37.30909090909091], [-122.07272727272728, 37.32727272727273], [-122.0909090909091, 37.32727272727273], [-122.0909090909091, 37.30909090909091]]]}, "properties": {"n": 497, "missing_pct": 10.262, "gx": 2052, "gy": -6715}}, {"type": "Feature", "geometry": {"type": "Polygon", "coordinates": [[[-121.67272727272727, 37.07272727272727], [-121.65454545454546, 37.07272727272727], [-121.65454545454546, 37.09090909090909], [-121.67272727272727, 37.09090909090909], [-121.67272727272727, 37.07272727272727]]]}, "properties": {"n": 89, "missing_pct": 29.213, "gx": 2039, "gy": -6692}}, {"type": "Feature", "geometry": {"type": "Polygon", "coordinates": [[[-122.03636363636363, 37.345454545454544], [-122.01818181818182, 37.345454545454544], [-122.01818181818182, 37.36363636363637], [-122.03636363636363, 37.36363636363637], [-122.03636363636363, 37.345454545454544]]]}, "properties": {"n": 3005, "missing_pct": 1.131, "gx": 2054, "gy": -6712}}, {"type": "Feature", "geometry": {"type": "Polygon", "coordinates": [[[-121.98181818181818, 37.38181818181818], [-121.96363636363637, 37.38181818181818], [-121.96363636363637, 37.4], [-121.98181818181818, 37.4], [-121.98181818181818, 37.38181818181818]]]}, "properties": {"n": 652, "missing_pct": 6.902, "gx": 2056, "gy": -6709}}, {"type": "Feature", "geometry": {"type": "Polygon", "coordinates": [[[-121.52727272727273, 37.018181818181816], [-121.50909090909092, 37.018181818181816], [-121.50909090909092, 37.03636363636364], [-121.52727272727273, 37.03636363636364], [-121.52727272727273, 37.018181818181816]]]}, "properties": {"n": 89, "missing_pct": 17.978, "gx": 2036, "gy": -6684}}, {"type": "Feature", "geometry": {"type": "Polygon", "coordinates": [[[-121.98181818181818, 37.41818181818182], [-121.96363636363637, 37.41818181818182], [-121.96363636363637, 37.43636363636364], [-121.98181818181818, 37.43636363636364], [-121.98181818181818, 37.41818181818182]]]}, "properties": {"n": 707, "missing_pct": 42.008, "gx": 2058, "gy": -6709}}, {"type": "Feature", "geometry": {"type": "Polygon", "coordinates": [[[-122.0, 37.4], [-121.98181818181818, 37.4], [-121.98181818181818, 37.41818181818182], [-122.0, 37.41818181818182], [-122.0, 37.4]]]}, "properties": {"n": 169, "missing_pct": 24.26, "gx": 2057, "gy": -6710}}, {"type": "Feature", "geometry": {"type": "Polygon", "coordinates": [[[-121.96363636363637, 37.36363636363637], [-121.94545454545455, 37.36363636363637], [-121.94545454545455, 37.38181818181818], [-121.96363636363637, 37.38181818181818], [-121.96363636363637, 37.36363636363637]]]}, "properties": {"n": 357, "missing_pct": 14.006, "gx": 2055, "gy": -6708}}, {"type": "Feature", "geometry": {"type": "Polygon", "coordinates": [[[-121.89090909090909, 37.27272727272727], [-121.87272727272727, 37.27272727272727], [-121.87272727272727, 37.29090909090909], [-121.89090909090909, 37.29090909090909], [-121.89090909090909, 37.27272727272727]]]}, "properties": {"n": 2645, "missing_pct": 4.31, "gx": 2050, "gy": -6704}}, {"type": "Feature", "geometry": {"type": "Polygon", "coordinates": [[[-122.07272727272728, 37.345454545454544], [-122.05454545454545, 37.345454545454544], [-122.05454545454545, 37.36363636363637], [-122.07272727272728, 37.36363636363637], [-122.07272727272728, 37.345454545454544]]]}, "properties": {"n": 2305, "missing_pct": 2.082, "gx": 2054, "gy": -6714}}, {"type": "Feature", "geometry": {"type": "Polygon", "coordinates": [[[-121.92727272727272, 37.32727272727273], [-121.9090909090909, 37.32727272727273], [-121.9090909090909, 37.345454545454544], [-121.92727272727272, 37.345454545454544], [-121.92727272727272, 37.32727272727273]]]}, "properties": {"n": 2393, "missing_pct": 5.224, "gx": 2053, "gy": -6706}}, {"type": "Feature", "geometry": {"type": "Polygon", "coordinates": [[[-121.63636363636364, 37.07272727272727], [-121.61818181818182, 37.07272727272727], [-121.61818181818182, 37.09090909090909], [-121.63636363636364, 37.09090909090909], [-121.63636363636364, 37.07272727272727]]]}, "properties": {"n": 198, "missing_pct": 9.596, "gx": 2039, "gy": -6690}}, {"type": "Feature", "geometry": {"type": "Polygon", "coordinates": [[[-122.16363636363636, 37.38181818181818], [-122.14545454545454, 37.38181818181818], [-122.14545454545454, 37.4], [-122.16363636363636, 37.4], [-122.16363636363636, 37.38181818181818]]]}, "properties": {"n": 201, "missing_pct": 12.935, "gx": 2056, "gy": -6719}}, {"type": "Feature", "geometry": {"type": "Polygon", "coordinates": [[[-121.85454545454546, 37.21818181818182], [-121.83636363636364, 37.21818181818182], [-121.83636363636364, 37.236363636363635], [-121.85454545454546, 37.236363636363635], [-121.85454545454546, 37.21818181818182]]]}, "properties": {"n": 1127, "missing_pct": 5.324, "gx": 2047, "gy": -6702}}, {"type": "Feature", "geometry": {"type": "Polygon", "coordinates": [[[-122.07272727272728, 37.25454545454546], [-122.05454545454545, 37.25454545454546], [-122.05454545454545, 37.27272727272727], [-122.07272727272728, 37.27272727272727], [-122.07272727272728, 37.25454545454546]]]}, "properties": {"n": 106, "missing_pct": 16.981, "gx": 2049, "gy": -6714}}, {"type": "Feature", "geometry": {"type": "Polygon", "coordinates": [[[-122.16363636363636, 37.43636363636364], [-122.14545454545454, 37.43636363636364], [-122.14545454545454, 37.45454545454545], [-122.16363636363636, 37.45454545454545], [-122.16363636363636, 37.43636363636364]]]}, "properties": {"n": 3051, "missing_pct": 3.147, "gx": 2059, "gy": -6719}}, {"type": "Feature", "geometry": {"type": "Polygon", "coordinates": [[[-121.87272727272727, 37.27272727272727], [-121.85454545454546, 37.27272727272727], [-121.85454545454546, 37.29090909090909], [-121.87272727272727, 37.29090909090909], [-121.87272727272727, 37.27272727272727]]]}, "properties": {"n": 2478, "missing_pct": 5.246, "gx": 2050, "gy": -6703}}, {"type": "Feature", "geometry": {"type": "Polygon", "coordinates": [[[-122.05454545454545, 37.25454545454546], [-122.03636363636363, 37.25454545454546], [-122.03636363636363, 37.27272727272727], [-122.05454545454545, 37.27272727272727], [-122.05454545454545, 37.25454545454546]]]}, "properties": {"n": 999, "missing_pct": 4.505, "gx": 2049, "gy": -6713}}, {"type": "Feature", "geometry": {"type": "Polygon", "coordinates": [[[-121.94545454545455, 37.236363636363635], [-121.92727272727272, 37.236363636363635], [-121.92727272727272, 37.25454545454546], [-121.94545454545455, 37.25454545454546], [-121.94545454545455, 37.236363636363635]]]}, "properties": {"n": 2887, "missing_pct": 0.935, "gx": 2048, "gy": -6707}}, {"type": "Feature", "geometry": {"type": "Polygon", "coordinates": [[[-121.9090909090909, 37.21818181818182], [-121.89090909090909, 37.21818181818182], [-121.89090909090909, 37.236363636363635], [-121.9090909090909, 37.236363636363635], [-121.9090909090909, 37.21818181818182]]]}, "properties": {"n": 2212, "missing_pct": 1.447, "gx": 2047, "gy": -6705}}, {"type": "Feature", "geometry": {"type": "Polygon", "coordinates": [[[-121.58181818181818, 37.054545454545455], [-121.56363636363636, 37.054545454545455], [-121.56363636363636, 37.07272727272727], [-121.58181818181818, 37.07272727272727], [-121.58181818181818, 37.054545454545455]]]}, "properties": {"n": 258, "missing_pct": 24.031, "gx": 2038, "gy": -6687}}, {"type": "Feature", "geometry": {"type": "Polygon", "coordinates": [[[-121.69090909090909, 37.14545454545455], [-121.67272727272727, 37.14545454545455], [-121.67272727272727, 37.163636363636364], [-121.69090909090909, 37.163636363636364], [-121.69090909090909, 37.14545454545455]]]}, "properties": {"n": 383, "missing_pct": 10.966, "gx": 2043, "gy": -6693}}, {"type": "Feature", "geometry": {"type": "Polygon", "coordinates": [[[-121.85454545454546, 37.32727272727273], [-121.83636363636364, 37.32727272727273], [-121.83636363636364, 37.345454545454544], [-121.85454545454546, 37.345454545454544], [-121.85454545454546, 37.32727272727273]]]}, "properties": {"n": 2310, "missing_pct": 1.991, "gx": 2053, "gy": -6702}}, {"type": "Feature", "geometry": {"type": "Polygon", "coordinates": [[[-121.81818181818181, 37.25454545454546], [-121.8, 37.25454545454546], [-121.8, 37.27272727272727], [-121.81818181818181, 37.27272727272727], [-121.81818181818181, 37.25454545454546]]]}, "properties": {"n": 2677, "missing_pct": 0.897, "gx": 2049, "gy": -6700}}, {"type": "Feature", "geometry": {"type": "Polygon", "coordinates": [[[-121.69090909090909, 37.10909090909091], [-121.67272727272727, 37.10909090909091], [-121.67272727272727, 37.127272727272725], [-121.69090909090909, 37.127272727272725], [-121.69090909090909, 37.10909090909091]]]}, "properties": {"n": 138, "missing_pct": 20.29, "gx": 2041, "gy": -6693}}, {"type": "Feature", "geometry": {"type": "Polygon", "coordinates": [[[-121.63636363636364, 37.09090909090909], [-121.61818181818182, 37.09090909090909], [-121.61818181818182, 37.10909090909091], [-121.63636363636364, 37.10909090909091], [-121.63636363636364, 37.09090909090909]]]}, "properties": {"n": 290, "missing_pct": 24.138, "gx": 2040, "gy": -6690}}, {"type": "Feature", "geometry": {"type": "Polygon", "coordinates": [[[-121.94545454545455, 37.21818181818182], [-121.92727272727272, 37.21818181818182], [-121.92727272727272, 37.236363636363635], [-121.94545454545455, 37.236363636363635], [-121.94545454545455, 37.21818181818182]]]}, "properties": {"n": 278, "missing_pct": 19.784, "gx": 2047, "gy": -6707}}, {"type": "Feature", "geometry": {"type": "Polygon", "coordinates": [[[-121.78181818181818, 37.32727272727273], [-121.76363636363637, 37.32727272727273], [-121.76363636363637, 37.345454545454544], [-121.78181818181818, 37.345454545454544], [-121.78181818181818, 37.32727272727273]]]}, "properties": {"n": 1105, "missing_pct": 3.891, "gx": 2053, "gy": -6698}}, {"type": "Feature", "geometry": {"type": "Polygon", "coordinates": [[[-122.05454545454545, 37.27272727272727], [-122.03636363636363, 37.27272727272727], [-122.03636363636363, 37.29090909090909], [-122.05454545454545, 37.29090909090909], [-122.05454545454545, 37.27272727272727]]]}, "properties": {"n": 470, "missing_pct": 7.447, "gx": 2050, "gy": -6713}}, {"type": "Feature", "geometry": {"type": "Polygon", "coordinates": [[[-121.83636363636364, 37.4], [-121.81818181818181, 37.4], [-121.81818181818181, 37.41818181818182], [-121.83636363636364, 37.41818181818182], [-121.83636363636364, 37.4]]]}, "properties": {"n": 169, "missing_pct": 23.669, "gx": 2057, "gy": -6701}}, {"type": "Feature", "geometry": {"type": "Polygon", "coordinates": [[[-121.72727272727273, 37.163636363636364], [-121.7090909090909, 37.163636363636364], [-121.7090909090909, 37.18181818181818], [-121.72727272727273, 37.18181818181818], [-121.72727272727273, 37.163636363636364]]]}, "properties": {"n": 96, "missing_pct": 27.083, "gx": 2044, "gy": -6695}}, {"type": "Feature", "geometry": {"type": "Polygon", "coordinates": [[[-121.89090909090909, 37.4], [-121.87272727272727, 37.4], [-121.87272727272727, 37.41818181818182], [-121.89090909090909, 37.41818181818182], [-121.89090909090909, 37.4]]]}, "properties": {"n": 2779, "missing_pct": 2.087, "gx": 2057, "gy": -6704}}, {"type": "Feature", "geometry": {"type": "Polygon", "coordinates": [[[-121.6, 37.0], [-121.58181818181818, 37.0], [-121.58181818181818, 37.018181818181816], [-121.6, 37.018181818181816], [-121.6, 37.0]]]}, "properties": {"n": 2253, "missing_pct": 3.95, "gx": 2035, "gy": -6688}}, {"type": "Feature", "geometry": {"type": "Polygon", "coordinates": [[[-122.01818181818182, 37.29090909090909], [-122.0, 37.29090909090909], [-122.0, 37.30909090909091], [-122.01818181818182, 37.30909090909091], [-122.01818181818182, 37.29090909090909]]]}, "properties": {"n": 3093, "missing_pct": 0.42, "gx": 2051, "gy": -6711}}, {"type": "Feature", "geometry": {"type": "Polygon", "coordinates": [[[-121.89090909090909, 37.236363636363635], [-121.87272727272727, 37.236363636363635], [-121.87272727272727, 37.25454545454546], [-121.89090909090909, 37.25454545454546], [-121.89090909090909, 37.236363636363635]]]}, "properties": {"n": 2095, "missing_pct": 1.766, "gx": 2048, "gy": -6704}}, {"type": "Feature", "geometry": {"type": "Polygon", "coordinates": [[[-121.87272727272727, 37.29090909090909], [-121.85454545454546, 37.29090909090909], [-121.85454545454546, 37.30909090909091], [-121.87272727272727, 37.30909090909091], [-121.87272727272727, 37.29090909090909]]]}, "properties": {"n": 765, "missing_pct": 11.503, "gx": 2051, "gy": -6703}}, {"type": "Feature", "geometry": {"type": "Polygon", "coordinates": [[[-121.58181818181818, 37.09090909090909], [-121.56363636363636, 37.09090909090909], [-121.56363636363636, 37.10909090909091], [-121.58181818181818, 37.10909090909091], [-121.58181818181818, 37.09090909090909]]]}, "properties": {"n": 81, "missing_pct": 23.457, "gx": 2040, "gy": -6687}}, {"type": "Feature", "geometry": {"type": "Polygon", "coordinates": [[[-121.83636363636364, 37.30909090909091], [-121.81818181818181, 37.30909090909091], [-121.81818181818181, 37.32727272727273], [-121.83636363636364, 37.32727272727273], [-121.83636363636364, 37.30909090909091]]]}, "properties": {"n": 3063, "missing_pct": 1.11, "gx": 2052, "gy": -6701}}, {"type": "Feature", "geometry": {"type": "Polygon", "coordinates": [[[-121.89090909090909, 37.21818181818182], [-121.87272727272727, 37.21818181818182], [-121.87272727272727, 37.236363636363635], [-121.89090909090909, 37.236363636363635], [-121.89090909090909, 37.21818181818182]]]}, "properties": {"n": 2369, "missing_pct": 1.224, "gx": 2047, "gy": -6704}}, {"type": "Feature", "geometry": {"type": "Polygon", "coordinates": [[[-121.56363636363636, 37.03636363636364], [-121.54545454545455, 37.03636363636364], [-121.54545454545455, 37.054545454545455], [-121.56363636363636, 37.054545454545455], [-121.56363636363636, 37.03636363636364]]]}, "properties": {"n": 89, "missing_pct": 37.079, "gx": 2037, "gy": -6686}}, {"type": "Feature", "geometry": {"type": "Polygon", "coordinates": [[[-121.76363636363637, 37.25454545454546], [-121.74545454545455, 37.25454545454546], [-121.74545454545455, 37.27272727272727], [-121.76363636363637, 37.27272727272727], [-121.76363636363637, 37.25454545454546]]]}, "properties": {"n": 98, "missing_pct": 14.286, "gx": 2049, "gy": -6697}}, {"type": "Feature", "geometry": {"type": "Polygon", "coordinates": [[[-121.92727272727272, 37.21818181818182], [-121.9090909090909, 37.21818181818182], [-121.9090909090909, 37.236363636363635], [-121.92727272727272, 37.236363636363635], [-121.92727272727272, 37.21818181818182]]]}, "properties": {"n": 885, "missing_pct": 3.616, "gx": 2047, "gy": -6706}}, {"type": "Feature", "geometry": {"type": "Polygon", "coordinates": [[[-121.83636363636364, 37.32727272727273], [-121.81818181818181, 37.32727272727273], [-121.81818181818181, 37.345454545454544], [-121.83636363636364, 37.345454545454544], [-121.83636363636364, 37.32727272727273]]]}, "properties": {"n": 2816, "missing_pct": 1.74, "gx": 2053, "gy": -6701}}, {"type": "Feature", "geometry": {"type": "Polygon", "coordinates": [[[-121.92727272727272, 37.38181818181818], [-121.9090909090909, 37.38181818181818], [-121.9090909090909, 37.4], [-121.92727272727272, 37.4], [-121.92727272727272, 37.38181818181818]]]}, "properties": {"n": 421, "missing_pct": 8.789, "gx": 2056, "gy": -6706}}, {"type": "Feature", "geometry": {"type": "Polygon", "coordinates": [[[-121.78181818181818, 37.236363636363635], [-121.76363636363637, 37.236363636363635], [-121.76363636363637, 37.25454545454546], [-121.78181818181818, 37.25454545454546], [-121.78181818181818, 37.236363636363635]]]}, "properties": {"n": 1064, "missing_pct": 3.571, "gx": 2048, "gy": -6698}}, {"type": "Feature", "geometry": {"type": "Polygon", "coordinates": [[[-121.74545454545455, 37.27272727272727], [-121.72727272727273, 37.27272727272727], [-121.72727272727273, 37.29090909090909], [-121.74545454545455, 37.29090909090909], [-121.74545454545455, 37.27272727272727]]]}, "properties": {"n": 1057, "missing_pct": 1.419, "gx": 2050, "gy": -6696}}, {"type": "Feature", "geometry": {"type": "Polygon", "coordinates": [[[-121.61818181818182, 37.127272727272725], [-121.6, 37.127272727272725], [-121.6, 37.14545454545455], [-121.61818181818182, 37.14545454545455], [-121.61818181818182, 37.127272727272725]]]}, "properties": {"n": 1072, "missing_pct": 3.731, "gx": 2042, "gy": -6689}}, {"type": "Feature", "geometry": {"type": "Polygon", "coordinates": [[[-121.7090909090909, 37.163636363636364], [-121.69090909090909, 37.163636363636364], [-121.69090909090909, 37.18181818181818], [-121.7090909090909, 37.18181818181818], [-121.7090909090909, 37.163636363636364]]]}, "properties": {"n": 140, "missing_pct": 31.429, "gx": 2044, "gy": -6694}}, {"type": "Feature", "geometry": {"type": "Polygon", "coordinates": [[[-121.85454545454546, 37.345454545454544], [-121.83636363636364, 37.345454545454544], [-121.83636363636364, 37.36363636363637], [-121.85454545454546, 37.36363636363637], [-121.85454545454546, 37.345454545454544]]]}, "properties": {"n": 3574, "missing_pct": 3.134, "gx": 2054, "gy": -6702}}, {"type": "Feature", "geometry": {"type": "Polygon", "coordinates": [[[-122.12727272727273, 37.38181818181818], [-122.10909090909091, 37.38181818181818], [-122.10909090909091, 37.4], [-122.12727272727273, 37.4], [-122.12727272727273, 37.38181818181818]]]}, "properties": {"n": 2168, "missing_pct": 1.661, "gx": 2056, "gy": -6717}}, {"type": "Feature", "geometry": {"type": "Polygon", "coordinates": [[[-121.81818181818181, 37.30909090909091], [-121.8, 37.30909090909091], [-121.8, 37.32727272727273], [-121.81818181818181, 37.32727272727273], [-121.81818181818181, 37.30909090909091]]]}, "properties": {"n": 2433, "missing_pct": 1.808, "gx": 2052, "gy": -6700}}, {"type": "Feature", "geometry": {"type": "Polygon", "coordinates": [[[-121.92727272727272, 37.43636363636364], [-121.9090909090909, 37.43636363636364], [-121.9090909090909, 37.45454545454545], [-121.92727272727272, 37.45454545454545], [-121.92727272727272, 37.43636363636364]]]}, "properties": {"n": 1931, "missing_pct": 2.227, "gx": 2059, "gy": -6706}}, {"type": "Feature", "geometry": {"type": "Polygon", "coordinates": [[[-121.96363636363637, 37.127272727272725], [-121.94545454545455, 37.127272727272725], [-121.94545454545455, 37.14545454545455], [-121.96363636363637, 37.14545454545455], [-121.96363636363637, 37.127272727272725]]]}, "properties": {"n": 82, "missing_pct": 21.951, "gx": 2042, "gy": -6708}}, {"type": "Feature", "geometry": {"type": "Polygon", "coordinates": [[[-122.01818181818182, 37.36363636363637], [-122.0, 37.36363636363637], [-122.0, 37.38181818181818], [-122.01818181818182, 37.38181818181818], [-122.01818181818182, 37.36363636363637]]]}, "properties": {"n": 2407, "missing_pct": 1.537, "gx": 2055, "gy": -6711}}, {"type": "Feature", "geometry": {"type": "Polygon", "coordinates": [[[-121.78181818181818, 37.27272727272727], [-121.76363636363637, 37.27272727272727], [-121.76363636363637, 37.29090909090909], [-121.78181818181818, 37.29090909090909], [-121.78181818181818, 37.27272727272727]]]}, "properties": {"n": 1113, "missing_pct": 3.504, "gx": 2050, "gy": -6698}}, {"type": "Feature", "geometry": {"type": "Polygon", "coordinates": [[[-121.78181818181818, 37.25454545454546], [-121.76363636363637, 37.25454545454546], [-121.76363636363637, 37.27272727272727], [-121.78181818181818, 37.27272727272727], [-121.78181818181818, 37.25454545454546]]]}, "properties": {"n": 211, "missing_pct": 4.739, "gx": 2049, "gy": -6698}}, {"type": "Feature", "geometry": {"type": "Polygon", "coordinates": [[[-121.98181818181818, 37.29090909090909], [-121.96363636363637, 37.29090909090909], [-121.96363636363637, 37.30909090909091], [-121.98181818181818, 37.30909090909091], [-121.98181818181818, 37.29090909090909]]]}, "properties": {"n": 2799, "missing_pct": 0.822, "gx": 2051, "gy": -6709}}, {"type": "Feature", "geometry": {"type": "Polygon", "coordinates": [[[-121.8, 37.30909090909091], [-121.78181818181818, 37.30909090909091], [-121.78181818181818, 37.32727272727273], [-121.8, 37.32727272727273], [-121.8, 37.30909090909091]]]}, "properties": {"n": 3207, "missing_pct": 1.372, "gx": 2052, "gy": -6699}}, {"type": "Feature", "geometry": {"type": "Polygon", "coordinates": [[[-121.65454545454546, 37.09090909090909], [-121.63636363636364, 37.09090909090909], [-121.63636363636364, 37.10909090909091], [-121.65454545454546, 37.10909090909091], [-121.65454545454546, 37.09090909090909]]]}, "properties": {"n": 1778, "missing_pct": 2.868, "gx": 2040, "gy": -6691}}, {"type": "Feature", "geometry": {"type": "Polygon", "coordinates": [[[-121.65454545454546, 37.14545454545455], [-121.63636363636364, 37.14545454545455], [-121.63636363636364, 37.163636363636364], [-121.65454545454546, 37.163636363636364], [-121.65454545454546, 37.14545454545455]]]}, "properties": {"n": 860, "missing_pct": 5.93, "gx": 2043, "gy": -6691}}, {"type": "Feature", "geometry": {"type": "Polygon", "coordinates": [[[-121.9090909090909, 37.25454545454546], [-121.89090909090909, 37.25454545454546], [-121.89090909090909, 37.27272727272727], [-121.9090909090909, 37.27272727272727], [-121.9090909090909, 37.25454545454546]]]}, "properties": {"n": 3732, "missing_pct": 0.456, "gx": 2049, "gy": -6705}}, {"type": "Feature", "geometry": {"type": "Polygon", "coordinates": [[[-122.03636363636363, 37.29090909090909], [-122.01818181818182, 37.29090909090909], [-122.01818181818182, 37.30909090909091], [-122.03636363636363, 37.30909090909091], [-122.03636363636363, 37.29090909090909]]]}, "properties": {"n": 3258, "missing_pct": 2.21, "gx": 2051, "gy": -6712}}, {"type": "Feature", "geometry": {"type": "Polygon", "coordinates": [[[-121.8, 37.236363636363635], [-121.78181818181818, 37.236363636363635], [-121.78181818181818, 37.25454545454546], [-121.8, 37.25454545454546], [-121.8, 37.236363636363635]]]}, "properties": {"n": 2050, "missing_pct": 3.756, "gx": 2048, "gy": -6699}}, {"type": "Feature", "geometry": {"type": "Polygon", "coordinates": [[[-121.98181818181818, 37.4], [-121.96363636363637, 37.4], [-121.96363636363637, 37.41818181818182], [-121.98181818181818, 37.41818181818182], [-121.98181818181818, 37.4]]]}, "properties": {"n": 318, "missing_pct": 18.868, "gx": 2057, "gy": -6709}}, {"type": "Feature", "geometry": {"type": "Polygon", "coordinates": [[[-121.98181818181818, 37.25454545454546], [-121.96363636363637, 37.25454545454546], [-121.96363636363637, 37.27272727272727], [-121.98181818181818, 37.27272727272727], [-121.98181818181818, 37.25454545454546]]]}, "properties": {"n": 2469, "missing_pct": 3.078, "gx": 2049, "gy": -6709}}, {"type": "Feature", "geometry": {"type": "Polygon", "coordinates": [[[-121.9090909090909, 37.41818181818182], [-121.89090909090909, 37.41818181818182], [-121.89090909090909, 37.43636363636364], [-121.9090909090909, 37.43636363636364], [-121.9090909090909, 37.41818181818182]]]}, "properties": {"n": 2074, "missing_pct": 9.45, "gx": 2058, "gy": -6705}}, {"type": "Feature", "geometry": {"type": "Polygon", "coordinates": [[[-121.83636363636364, 37.25454545454546], [-121.81818181818181, 37.25454545454546], [-121.81818181818181, 37.27272727272727], [-121.83636363636364, 37.27272727272727], [-121.83636363636364, 37.25454545454546]]]}, "properties": {"n": 3504, "missing_pct": 3.796, "gx": 2049, "gy": -6701}}, {"type": "Feature", "geometry": {"type": "Polygon", "coordinates": [[[-121.89090909090909, 37.41818181818182], [-121.87272727272727, 37.41818181818182], [-121.87272727272727, 37.43636363636364], [-121.89090909090909, 37.43636363636364], [-121.89090909090909, 37.41818181818182]]]}, "properties": {"n": 2558, "missing_pct": 1.681, "gx": 2058, "gy": -6704}}, {"type": "Feature", "geometry": {"type": "Polygon", "coordinates": [[[-122.18181818181819, 37.43636363636364], [-122.16363636363636, 37.43636363636364], [-122.16363636363636, 37.45454545454545], [-122.18181818181819, 37.45454545454545], [-122.18181818181819, 37.43636363636364]]]}, "properties": {"n": 581, "missing_pct": 8.262, "gx": 2059, "gy": -6720}}, {"type": "Feature", "geometry": {"type": "Polygon", "coordinates": [[[-121.67272727272727, 37.09090909090909], [-121.65454545454546, 37.09090909090909], [-121.65454545454546, 37.10909090909091], [-121.67272727272727, 37.10909090909091], [-121.67272727272727, 37.09090909090909]]]}, "properties": {"n": 212, "missing_pct": 21.698, "gx": 2040, "gy": -6692}}, {"type": "Feature", "geometry": {"type": "Polygon", "coordinates": [[[-122.16363636363636, 37.41818181818182], [-122.14545454545454, 37.41818181818182], [-122.14545454545454, 37.43636363636364], [-122.16363636363636, 37.43636363636364], [-122.16363636363636, 37.41818181818182]]]}, "properties": {"n": 1353, "missing_pct": 5.026, "gx": 2058, "gy": -6719}}, {"type": "Feature", "geometry": {"type": "Polygon", "coordinates": [[[-122.16363636363636, 37.4], [-122.14545454545454, 37.4], [-122.14545454545454, 37.41818181818182], [-122.16363636363636, 37.41818181818182], [-122.16363636363636, 37.4]]]}, "properties": {"n": 869, "missing_pct": 4.028, "gx": 2057, "gy": -6719}}, {"type": "Feature", "geometry": {"type": "Polygon", "coordinates": [[[-121.81818181818181, 37.345454545454544], [-121.8, 37.345454545454544], [-121.8, 37.36363636363637], [-121.81818181818181, 37.36363636363637], [-121.81818181818181, 37.345454545454544]]]}, "properties": {"n": 2983, "missing_pct": 1.14, "gx": 2054, "gy": -6700}}, {"type": "Feature", "geometry": {"type": "Polygon", "coordinates": [[[-122.01818181818182, 37.18181818181818], [-122.0, 37.18181818181818], [-122.0, 37.2], [-122.01818181818182, 37.2], [-122.01818181818182, 37.18181818181818]]]}, "properties": {"n": 151, "missing_pct": 41.722, "gx": 2045, "gy": -6711}}, {"type": "Feature", "geometry": {"type": "Polygon", "coordinates": [[[-122.12727272727273, 37.4], [-122.10909090909091, 37.4], [-122.10909090909091, 37.41818181818182], [-122.12727272727273, 37.41818181818182], [-122.12727272727273, 37.4]]]}, "properties": {"n": 2934, "missing_pct": 2.829, "gx": 2057, "gy": -6717}}, {"type": "Feature", "geometry": {"type": "Polygon", "coordinates": [[[-121.85454545454546, 37.27272727272727], [-121.83636363636364, 37.27272727272727], [-121.83636363636364, 37.29090909090909], [-121.85454545454546, 37.29090909090909], [-121.85454545454546, 37.27272727272727]]]}, "properties": {"n": 2340, "missing_pct": 3.12, "gx": 2050, "gy": -6702}}, {"type": "Feature", "geometry": {"type": "Polygon", "coordinates": [[[-121.56363636363636, 37.054545454545455], [-121.54545454545455, 37.054545454545455], [-121.54545454545455, 37.07272727272727], [-121.56363636363636, 37.07272727272727], [-121.56363636363636, 37.054545454545455]]]}, "properties": {"n": 183, "missing_pct": 15.301, "gx": 2038, "gy": -6686}}, {"type": "Feature", "geometry": {"type": "Polygon", "coordinates": [[[-121.61818181818182, 37.07272727272727], [-121.6, 37.07272727272727], [-121.6, 37.09090909090909], [-121.61818181818182, 37.09090909090909], [-121.61818181818182, 37.07272727272727]]]}, "properties": {"n": 412, "missing_pct": 28.641, "gx": 2039, "gy": -6689}}, {"type": "Feature", "geometry": {"type": "Polygon", "coordinates": [[[-121.9090909090909, 37.236363636363635], [-121.89090909090909, 37.236363636363635], [-121.89090909090909, 37.25454545454546], [-121.9090909090909, 37.25454545454546], [-121.9090909090909, 37.236363636363635]]]}, "properties": {"n": 2864, "missing_pct": 1.571, "gx": 2048, "gy": -6705}}, {"type": "Feature", "geometry": {"type": "Polygon", "coordinates": [[[-121.8, 37.32727272727273], [-121.78181818181818, 37.32727272727273], [-121.78181818181818, 37.345454545454544], [-121.8, 37.345454545454544], [-121.8, 37.32727272727273]]]}, "properties": {"n": 2695, "missing_pct": 1.187, "gx": 2053, "gy": -6699}}, {"type": "Feature", "geometry": {"type": "Polygon", "coordinates": [[[-122.16363636363636, 37.345454545454544], [-122.14545454545454, 37.345454545454544], [-122.14545454545454, 37.36363636363637], [-122.16363636363636, 37.36363636363637], [-122.16363636363636, 37.345454545454544]]]}, "properties": {"n": 201, "missing_pct": 14.428, "gx": 2054, "gy": -6719}}, {"type": "Feature", "geometry": {"type": "Polygon", "coordinates": [[[-121.85454545454546, 37.29090909090909], [-121.83636363636364, 37.29090909090909], [-121.83636363636364, 37.30909090909091], [-121.85454545454546, 37.30909090909091], [-121.85454545454546, 37.29090909090909]]]}, "properties": {"n": 1893, "missing_pct": 2.641, "gx": 2051, "gy": -6702}}, {"type": "Feature", "geometry": {"type": "Polygon", "coordinates": [[[-122.01818181818182, 37.236363636363635], [-122.0, 37.236363636363635], [-122.0, 37.25454545454546], [-122.01818181818182, 37.25454545454546], [-122.01818181818182, 37.236363636363635]]]}, "properties": {"n": 652, "missing_pct": 5.675, "gx": 2048, "gy": -6711}}, {"type": "Feature", "geometry": {"type": "Polygon", "coordinates": [[[-121.78181818181818, 37.36363636363637], [-121.76363636363637, 37.36363636363637], [-121.76363636363637, 37.38181818181818], [-121.78181818181818, 37.38181818181818], [-121.78181818181818, 37.36363636363637]]]}, "properties": {"n": 81, "missing_pct": 25.926, "gx": 2055, "gy": -6698}}, {"type": "Feature", "geometry": {"type": "Polygon", "coordinates": [[[-121.89090909090909, 37.32727272727273], [-121.87272727272727, 37.32727272727273], [-121.87272727272727, 37.345454545454544], [-121.89090909090909, 37.345454545454544], [-121.89090909090909, 37.32727272727273]]]}, "properties": {"n": 3050, "missing_pct": 7.869, "gx": 2053, "gy": -6704}}, {"type": "Feature", "geometry": {"type": "Polygon", "coordinates": [[[-121.78181818181818, 37.30909090909091], [-121.76363636363637, 37.30909090909091], [-121.76363636363637, 37.32727272727273], [-121.78181818181818, 37.32727272727273], [-121.78181818181818, 37.30909090909091]]]}, "properties": {"n": 2982, "missing_pct": 2.381, "gx": 2052, "gy": -6698}}, {"type": "Feature", "geometry": {"type": "Polygon", "coordinates": [[[-122.01818181818182, 37.38181818181818], [-122.0, 37.38181818181818], [-122.0, 37.4], [-122.01818181818182, 37.4], [-122.01818181818182, 37.38181818181818]]]}, "properties": {"n": 3576, "missing_pct": 0.895, "gx": 2056, "gy": -6711}}, {"type": "Feature", "geometry": {"type": "Polygon", "coordinates": [[[-122.0, 37.21818181818182], [-121.98181818181818, 37.21818181818182], [-121.98181818181818, 37.236363636363635], [-122.0, 37.236363636363635], [-122.0, 37.21818181818182]]]}, "properties": {"n": 1338, "missing_pct": 6.502, "gx": 2047, "gy": -6710}}, {"type": "Feature", "geometry": {"type": "Polygon", "coordinates": [[[-122.14545454545454, 37.36363636363637], [-122.12727272727273, 37.36363636363637], [-122.12727272727273, 37.38181818181818], [-122.14545454545454, 37.38181818181818], [-122.14545454545454, 37.36363636363637]]]}, "properties": {"n": 492, "missing_pct": 4.675, "gx": 2055, "gy": -6718}}, {"type": "Feature", "geometry": {"type": "Polygon", "coordinates": [[[-121.89090909090909, 37.345454545454544], [-121.87272727272727, 37.345454545454544], [-121.87272727272727, 37.36363636363637], [-121.89090909090909, 37.36363636363637], [-121.89090909090909, 37.345454545454544]]]}, "properties": {"n": 3225, "missing_pct": 1.953, "gx": 2054, "gy": -6704}}, {"type": "Feature", "geometry": {"type": "Polygon", "coordinates": [[[-122.03636363636363, 37.4], [-122.01818181818182, 37.4], [-122.01818181818182, 37.41818181818182], [-122.03636363636363, 37.41818181818182], [-122.03636363636363, 37.4]]]}, "properties": {"n": 333, "missing_pct": 9.009, "gx": 2057, "gy": -6712}}, {"type": "Feature", "geometry": {"type": "Polygon", "coordinates": [[[-121.61818181818182, 37.10909090909091], [-121.6, 37.10909090909091], [-121.6, 37.127272727272725], [-121.61818181818182, 37.127272727272725], [-121.61818181818182, 37.10909090909091]]]}, "properties": {"n": 178, "missing_pct": 24.157, "gx": 2041, "gy": -6689}}, {"type": "Feature", "geometry": {"type": "Polygon", "coordinates": [[[-121.94545454545455, 37.4], [-121.92727272727272, 37.4], [-121.92727272727272, 37.41818181818182], [-121.94545454545455, 37.41818181818182], [-121.94545454545455, 37.4]]]}, "properties": {"n": 205, "missing_pct": 23.902, "gx": 2057, "gy": -6707}}, {"type": "Feature", "geometry": {"type": "Polygon", "coordinates": [[[-121.98181818181818, 37.345454545454544], [-121.96363636363637, 37.345454545454544], [-121.96363636363637, 37.36363636363637], [-121.98181818181818, 37.36363636363637], [-121.98181818181818, 37.345454545454544]]]}, "properties": {"n": 3483, "missing_pct": 1.177, "gx": 2054, "gy": -6709}}, {"type": "Feature", "geometry": {"type": "Polygon", "coordinates": [[[-122.14545454545454, 37.4], [-122.12727272727273, 37.4], [-122.12727272727273, 37.41818181818182], [-122.14545454545454, 37.41818181818182], [-122.14545454545454, 37.4]]]}, "properties": {"n": 1598, "missing_pct": 2.128, "gx": 2057, "gy": -6718}}, {"type": "Feature", "geometry": {"type": "Polygon", "coordinates": [[[-122.12727272727273, 37.345454545454544], [-122.10909090909091, 37.345454545454544], [-122.10909090909091, 37.36363636363637], [-122.12727272727273, 37.36363636363637], [-122.12727272727273, 37.345454545454544]]]}, "properties": {"n": 429, "missing_pct": 7.226, "gx": 2054, "gy": -6717}}, {"type": "Feature", "geometry": {"type": "Polygon", "coordinates": [[[-122.14545454545454, 37.41818181818182], [-122.12727272727273, 37.41818181818182], [-122.12727272727273, 37.43636363636364], [-122.14545454545454, 37.43636363636364], [-122.14545454545454, 37.41818181818182]]]}, "properties": {"n": 2751, "missing_pct": 3.671, "gx": 2058, "gy": -6718}}, {"type": "Feature", "geometry": {"type": "Polygon", "coordinates": [[[-121.96363636363637, 37.29090909090909], [-121.94545454545455, 37.29090909090909], [-121.94545454545455, 37.30909090909091], [-121.96363636363637, 37.30909090909091], [-121.96363636363637, 37.29090909090909]]]}, "properties": {"n": 3207, "missing_pct": 1.31, "gx": 2051, "gy": -6708}}, {"type": "Feature", "geometry": {"type": "Polygon", "coordinates": [[[-121.87272727272727, 37.345454545454544], [-121.85454545454546, 37.345454545454544], [-121.85454545454546, 37.36363636363637], [-121.87272727272727, 37.36363636363637], [-121.87272727272727, 37.345454545454544]]]}, "properties": {"n": 2484, "missing_pct": 5.314, "gx": 2054, "gy": -6703}}, {"type": "Feature", "geometry": {"type": "Polygon", "coordinates": [[[-121.89090909090909, 37.30909090909091], [-121.87272727272727, 37.30909090909091], [-121.87272727272727, 37.32727272727273], [-121.89090909090909, 37.32727272727273], [-121.89090909090909, 37.30909090909091]]]}, "properties": {"n": 3331, "missing_pct": 8.226, "gx": 2052, "gy": -6704}}, {"type": "Feature", "geometry": {"type": "Polygon", "coordinates": [[[-121.85454545454546, 37.30909090909091], [-121.83636363636364, 37.30909090909091], [-121.83636363636364, 37.32727272727273], [-121.85454545454546, 37.32727272727273], [-121.85454545454546, 37.30909090909091]]]}, "properties": {"n": 2825, "missing_pct": 1.982, "gx": 2052, "gy": -6702}}, {"type": "Feature", "geometry": {"type": "Polygon", "coordinates": [[[-122.0909090909091, 37.38181818181818], [-122.07272727272728, 37.38181818181818], [-122.07272727272728, 37.4], [-122.0909090909091, 37.4], [-122.0909090909091, 37.38181818181818]]]}, "properties": {"n": 3176, "missing_pct": 3.432, "gx": 2056, "gy": -6715}}, {"type": "Feature", "geometry": {"type": "Polygon", "coordinates": [[[-121.96363636363637, 37.2], [-121.94545454545455, 37.2], [-121.94545454545455, 37.21818181818182], [-121.96363636363637, 37.21818181818182], [-121.96363636363637, 37.2]]]}, "properties": {"n": 209, "missing_pct": 27.751, "gx": 2046, "gy": -6708}}, {"type": "Feature", "geometry": {"type": "Polygon", "coordinates": [[[-122.0, 37.236363636363635], [-121.98181818181818, 37.236363636363635], [-121.98181818181818, 37.25454545454546], [-122.0, 37.25454545454546], [-122.0, 37.236363636363635]]]}, "properties": {"n": 913, "missing_pct": 2.3, "gx": 2048, "gy": -6710}}, {"type": "Feature", "geometry": {"type": "Polygon", "coordinates": [[[-122.18181818181819, 37.38181818181818], [-122.16363636363636, 37.38181818181818], [-122.16363636363636, 37.4], [-122.18181818181819, 37.4], [-122.18181818181819, 37.38181818181818]]]}, "properties": {"n": 138, "missing_pct": 9.42, "gx": 2056, "gy": -6720}}, {"type": "Feature", "geometry": {"type": "Polygon", "coordinates": [[[-121.9090909090909, 37.36363636363637], [-121.89090909090909, 37.36363636363637], [-121.89090909090909, 37.38181818181818], [-121.9090909090909, 37.38181818181818], [-121.9090909090909, 37.36363636363637]]]}, "properties": {"n": 578, "missing_pct": 11.592, "gx": 2055, "gy": -6705}}, {"type": "Feature", "geometry": {"type": "Polygon", "coordinates": [[[-122.14545454545454, 37.43636363636364], [-122.12727272727273, 37.43636363636364], [-122.12727272727273, 37.45454545454545], [-122.14545454545454, 37.45454545454545], [-122.14545454545454, 37.43636363636364]]]}, "properties": {"n": 2786, "missing_pct": 0.933, "gx": 2059, "gy": -6718}}, {"type": "Feature", "geometry": {"type": "Polygon", "coordinates": [[[-121.74545454545455, 37.29090909090909], [-121.72727272727273, 37.29090909090909], [-121.72727272727273, 37.30909090909091], [-121.74545454545455, 37.30909090909091], [-121.74545454545455, 37.29090909090909]]]}, "properties": {"n": 139, "missing_pct": 3.597, "gx": 2051, "gy": -6696}}, {"type": "Feature", "geometry": {"type": "Polygon", "coordinates": [[[-121.76363636363637, 37.27272727272727], [-121.74545454545455, 37.27272727272727], [-121.74545454545455, 37.29090909090909], [-121.76363636363637, 37.29090909090909], [-121.76363636363637, 37.27272727272727]]]}, "properties": {"n": 1735, "missing_pct": 1.499, "gx": 2050, "gy": -6697}}, {"type": "Feature", "geometry": {"type": "Polygon", "coordinates": [[[-122.01818181818182, 37.27272727272727], [-122.0, 37.27272727272727], [-122.0, 37.29090909090909], [-122.01818181818182, 37.29090909090909], [-122.01818181818182, 37.27272727272727]]]}, "properties": {"n": 2075, "missing_pct": 4.916, "gx": 2050, "gy": -6711}}, {"type": "Feature", "geometry": {"type": "Polygon", "coordinates": [[[-121.96363636363637, 37.345454545454544], [-121.94545454545455, 37.345454545454544], [-121.94545454545455, 37.36363636363637], [-121.96363636363637, 37.36363636363637], [-121.96363636363637, 37.345454545454544]]]}, "properties": {"n": 3304, "missing_pct": 2.24, "gx": 2054, "gy": -6708}}, {"type": "Feature", "geometry": {"type": "Polygon", "coordinates": [[[-121.65454545454546, 37.07272727272727], [-121.63636363636364, 37.07272727272727], [-121.63636363636364, 37.09090909090909], [-121.65454545454546, 37.09090909090909], [-121.65454545454546, 37.07272727272727]]]}, "properties": {"n": 94, "missing_pct": 22.34, "gx": 2039, "gy": -6691}}, {"type": "Feature", "geometry": {"type": "Polygon", "coordinates": [[[-121.89090909090909, 37.36363636363637], [-121.87272727272727, 37.36363636363637], [-121.87272727272727, 37.38181818181818], [-121.89090909090909, 37.38181818181818], [-121.89090909090909, 37.36363636363637]]]}, "properties": {"n": 2463, "missing_pct": 3.126, "gx": 2055, "gy": -6704}}, {"type": "Feature", "geometry": {"type": "Polygon", "coordinates": [[[-121.67272727272727, 37.14545454545455], [-121.65454545454546, 37.14545454545455], [-121.65454545454546, 37.163636363636364], [-121.67272727272727, 37.163636363636364], [-121.67272727272727, 37.14545454545455]]]}, "properties": {"n": 459, "missing_pct": 13.072, "gx": 2043, "gy": -6692}}, {"type": "Feature", "geometry": {"type": "Polygon", "coordinates": [[[-121.92727272727272, 37.45454545454545], [-121.9090909090909, 37.45454545454545], [-121.9090909090909, 37.472727272727276], [-121.92727272727272, 37.472727272727276], [-121.92727272727272, 37.45454545454545]]]}, "properties": {"n": 208, "missing_pct": 5.288, "gx": 2060, "gy": -6706}}, {"type": "Feature", "geometry": {"type": "Polygon", "coordinates": [[[-122.18181818181819, 37.36363636363637], [-122.16363636363636, 37.36363636363637], [-122.16363636363636, 37.38181818181818], [-122.18181818181819, 37.38181818181818], [-122.18181818181819, 37.36363636363637]]]}, "properties": {"n": 244, "missing_pct": 6.967, "gx": 2055, "gy": -6720}}, {"type": "Feature", "geometry": {"type": "Polygon", "coordinates": [[[-121.83636363636364, 37.163636363636364], [-121.81818181818181, 37.163636363636364], [-121.81818181818181, 37.18181818181818], [-121.83636363636364, 37.18181818181818], [-121.83636363636364, 37.163636363636364]]]}, "properties": {"n": 139, "missing_pct": 32.374, "gx": 2044, "gy": -6701}}, {"type": "Feature", "geometry": {"type": "Polygon", "coordinates": [[[-122.0909090909091, 37.36363636363637], [-122.07272727272728, 37.36363636363637], [-122.07272727272728, 37.38181818181818], [-122.0909090909091, 37.38181818181818], [-122.0909090909091, 37.36363636363637]]]}, "properties": {"n": 2236, "missing_pct": 2.102, "gx": 2055, "gy": -6715}}, {"type": "Feature", "geometry": {"type": "Polygon", "coordinates": [[[-121.92727272727272, 37.4], [-121.9090909090909, 37.4], [-121.9090909090909, 37.41818181818182], [-121.92727272727272, 37.41818181818182], [-121.92727272727272, 37.4]]]}, "properties": {"n": 1237, "missing_pct": 2.183, "gx": 2057, "gy": -6706}}, {"type": "Feature", "geometry": {"type": "Polygon", "coordinates": [[[-122.03636363636363, 37.27272727272727], [-122.01818181818182, 37.27272727272727], [-122.01818181818182, 37.29090909090909], [-122.03636363636363, 37.29090909090909], [-122.03636363636363, 37.27272727272727]]]}, "properties": {"n": 1868, "missing_pct": 1.981, "gx": 2050, "gy": -6712}}, {"type": "Feature", "geometry": {"type": "Polygon", "coordinates": [[[-122.07272727272728, 37.29090909090909], [-122.05454545454545, 37.29090909090909], [-122.05454545454545, 37.30909090909091], [-122.07272727272728, 37.30909090909091], [-122.07272727272728, 37.29090909090909]]]}, "properties": {"n": 439, "missing_pct": 7.062, "gx": 2051, "gy": -6714}}, {"type": "Feature", "geometry": {"type": "Polygon", "coordinates": [[[-121.65454545454546, 37.018181818181816], [-121.63636363636364, 37.018181818181816], [-121.63636363636364, 37.03636363636364], [-121.65454545454546, 37.03636363636364], [-121.65454545454546, 37.018181818181816]]]}, "properties": {"n": 105, "missing_pct": 27.619, "gx": 2036, "gy": -6691}}, {"type": "Feature", "geometry": {"type": "Polygon", "coordinates": [[[-122.05454545454545, 37.29090909090909], [-122.03636363636363, 37.29090909090909], [-122.03636363636363, 37.30909090909091], [-122.05454545454545, 37.30909090909091], [-122.05454545454545, 37.29090909090909]]]}, "properties": {"n": 2316, "missing_pct": 1.986, "gx": 2051, "gy": -6713}}, {"type": "Feature", "geometry": {"type": "Polygon", "coordinates": [[[-121.83636363636364, 37.36363636363637], [-121.81818181818181, 37.36363636363637], [-121.81818181818181, 37.38181818181818], [-121.83636363636364, 37.38181818181818], [-121.83636363636364, 37.36363636363637]]]}, "properties": {"n": 2832, "missing_pct": 2.048, "gx": 2055, "gy": -6701}}, {"type": "Feature", "geometry": {"type": "Polygon", "coordinates": [[[-121.54545454545455, 37.054545454545455], [-121.52727272727273, 37.054545454545455], [-121.52727272727273, 37.07272727272727], [-121.54545454545455, 37.07272727272727], [-121.54545454545455, 37.054545454545455]]]}, "properties": {"n": 80, "missing_pct": 13.75, "gx": 2038, "gy": -6685}}, {"type": "Feature", "geometry": {"type": "Polygon", "coordinates": [[[-121.81818181818181, 37.27272727272727], [-121.8, 37.27272727272727], [-121.8, 37.29090909090909], [-121.81818181818181, 37.29090909090909], [-121.81818181818181, 37.27272727272727]]]}, "properties": {"n": 1532, "missing_pct": 2.48, "gx": 2050, "gy": -6700}}, {"type": "Feature", "geometry": {"type": "Polygon", "coordinates": [[[-121.92727272727272, 37.25454545454546], [-121.9090909090909, 37.25454545454546], [-121.9090909090909, 37.27272727272727], [-121.92727272727272, 37.27272727272727], [-121.92727272727272, 37.25454545454546]]]}, "properties": {"n": 3129, "missing_pct": 0.639, "gx": 2049, "gy": -6706}}, {"type": "Feature", "geometry": {"type": "Polygon", "coordinates": [[[-121.8, 37.29090909090909], [-121.78181818181818, 37.29090909090909], [-121.78181818181818, 37.30909090909091], [-121.8, 37.30909090909091], [-121.8, 37.29090909090909]]]}, "properties": {"n": 1507, "missing_pct": 2.19, "gx": 2051, "gy": -6699}}, {"type": "Feature", "geometry": {"type": "Polygon", "coordinates": [[[-121.92727272727272, 37.345454545454544], [-121.9090909090909, 37.345454545454544], [-121.9090909090909, 37.36363636363637], [-121.92727272727272, 37.36363636363637], [-121.92727272727272, 37.345454545454544]]]}, "properties": {"n": 1100, "missing_pct": 9.636, "gx": 2054, "gy": -6706}}, {"type": "Feature", "geometry": {"type": "Polygon", "coordinates": [[[-121.87272727272727, 37.36363636363637], [-121.85454545454546, 37.36363636363637], [-121.85454545454546, 37.38181818181818], [-121.87272727272727, 37.38181818181818], [-121.87272727272727, 37.36363636363637]]]}, "properties": {"n": 3571, "missing_pct": 1.344, "gx": 2055, "gy": -6703}}, {"type": "Feature", "geometry": {"type": "Polygon", "coordinates": [[[-121.96363636363637, 37.21818181818182], [-121.94545454545455, 37.21818181818182], [-121.94545454545455, 37.236363636363635], [-121.96363636363637, 37.236363636363635], [-121.96363636363637, 37.21818181818182]]]}, "properties": {"n": 1265, "missing_pct": 4.19, "gx": 2047, "gy": -6708}}, {"type": "Feature", "geometry": {"type": "Polygon", "coordinates": [[[-121.85454545454546, 37.2], [-121.83636363636364, 37.2], [-121.83636363636364, 37.21818181818182], [-121.85454545454546, 37.21818181818182], [-121.85454545454546, 37.2]]]}, "properties": {"n": 2199, "missing_pct": 1.592, "gx": 2046, "gy": -6702}}, {"type": "Feature", "geometry": {"type": "Polygon", "coordinates": [[[-121.98181818181818, 37.30909090909091], [-121.96363636363637, 37.30909090909091], [-121.96363636363637, 37.32727272727273], [-121.98181818181818, 37.32727272727273], [-121.98181818181818, 37.30909090909091]]]}, "properties": {"n": 2463, "missing_pct": 1.462, "gx": 2052, "gy": -6709}}, {"type": "Feature", "geometry": {"type": "Polygon", "coordinates": [[[-122.0, 37.2], [-121.98181818181818, 37.2], [-121.98181818181818, 37.21818181818182], [-122.0, 37.21818181818182], [-122.0, 37.2]]]}, "properties": {"n": 165, "missing_pct": 26.667, "gx": 2046, "gy": -6710}}, {"type": "Feature", "geometry": {"type": "Polygon", "coordinates": [[[-121.9090909090909, 37.45454545454545], [-121.89090909090909, 37.45454545454545], [-121.89090909090909, 37.472727272727276], [-121.9090909090909, 37.472727272727276], [-121.9090909090909, 37.45454545454545]]]}, "properties": {"n": 1053, "missing_pct": 2.659, "gx": 2060, "gy": -6705}}, {"type": "Feature", "geometry": {"type": "Polygon", "coordinates": [[[-122.03636363636363, 37.32727272727273], [-122.01818181818182, 37.32727272727273], [-122.01818181818182, 37.345454545454544], [-122.03636363636363, 37.345454545454544], [-122.03636363636363, 37.32727272727273]]]}, "properties": {"n": 2672, "missing_pct": 0.898, "gx": 2053, "gy": -6712}}, {"type": "Feature", "geometry": {"type": "Polygon", "coordinates": [[[-121.94545454545455, 37.38181818181818], [-121.92727272727272, 37.38181818181818], [-121.92727272727272, 37.4], [-121.94545454545455, 37.4], [-121.94545454545455, 37.38181818181818]]]}, "properties": {"n": 927, "missing_pct": 3.02, "gx": 2056, "gy": -6707}}, {"type": "Feature", "geometry": {"type": "Polygon", "coordinates": [[[-122.05454545454545, 37.36363636363637], [-122.03636363636363, 37.36363636363637], [-122.03636363636363, 37.38181818181818], [-122.05454545454545, 37.38181818181818], [-122.05454545454545, 37.36363636363637]]]}, "properties": {"n": 3142, "missing_pct": 1.432, "gx": 2055, "gy": -6713}}, {"type": "Feature", "geometry": {"type": "Polygon", "coordinates": [[[-121.58181818181818, 36.96363636363636], [-121.56363636363636, 36.96363636363636], [-121.56363636363636, 36.981818181818184], [-121.58181818181818, 36.981818181818184], [-121.58181818181818, 36.96363636363636]]]}, "properties": {"n": 259, "missing_pct": 12.741, "gx": 2033, "gy": -6687}}, {"type": "Feature", "geometry": {"type": "Polygon", "coordinates": [[[-121.56363636363636, 37.0], [-121.54545454545455, 37.0], [-121.54545454545455, 37.018181818181816], [-121.56363636363636, 37.018181818181816], [-121.56363636363636, 37.0]]]}, "properties": {"n": 322, "missing_pct": 24.224, "gx": 2035, "gy": -6686}}, {"type": "Feature", "geometry": {"type": "Polygon", "coordinates": [[[-121.76363636363637, 37.29090909090909], [-121.74545454545455, 37.29090909090909], [-121.74545454545455, 37.30909090909091], [-121.76363636363637, 37.30909090909091], [-121.76363636363637, 37.29090909090909]]]}, "properties": {"n": 1612, "missing_pct": 2.233, "gx": 2051, "gy": -6697}}, {"type": "Feature", "geometry": {"type": "Polygon", "coordinates": [[[-121.9090909090909, 37.38181818181818], [-121.89090909090909, 37.38181818181818], [-121.89090909090909, 37.4], [-121.9090909090909, 37.4], [-121.9090909090909, 37.38181818181818]]]}, "properties": {"n": 1415, "missing_pct": 2.898, "gx": 2056, "gy": -6705}}, {"type": "Feature", "geometry": {"type": "Polygon", "coordinates": [[[-121.63636363636364, 37.0], [-121.61818181818182, 37.0], [-121.61818181818182, 37.018181818181816], [-121.63636363636364, 37.018181818181816], [-121.63636363636364, 37.0]]]}, "properties": {"n": 393, "missing_pct": 14.758, "gx": 2035, "gy": -6690}}, {"type": "Feature", "geometry": {"type": "Polygon", "coordinates": [[[-122.03636363636363, 37.25454545454546], [-122.01818181818182, 37.25454545454546], [-122.01818181818182, 37.27272727272727], [-122.03636363636363, 37.27272727272727], [-122.03636363636363, 37.25454545454546]]]}, "properties": {"n": 1680, "missing_pct": 4.583, "gx": 2049, "gy": -6712}}, {"type": "Feature", "geometry": {"type": "Polygon", "coordinates": [[[-122.10909090909091, 37.41818181818182], [-122.0909090909091, 37.41818181818182], [-122.0909090909091, 37.43636363636364], [-122.10909090909091, 37.43636363636364], [-122.10909090909091, 37.41818181818182]]]}, "properties": {"n": 1210, "missing_pct": 3.14, "gx": 2058, "gy": -6716}}, {"type": "Feature", "geometry": {"type": "Polygon", "coordinates": [[[-122.01818181818182, 37.32727272727273], [-122.0, 37.32727272727273], [-122.0, 37.345454545454544], [-122.01818181818182, 37.345454545454544], [-122.01818181818182, 37.32727272727273]]]}, "properties": {"n": 1982, "missing_pct": 1.362, "gx": 2053, "gy": -6711}}, {"type": "Feature", "geometry": {"type": "Polygon", "coordinates": [[[-121.8, 37.25454545454546], [-121.78181818181818, 37.25454545454546], [-121.78181818181818, 37.27272727272727], [-121.8, 37.27272727272727], [-121.8, 37.25454545454546]]]}, "properties": {"n": 771, "missing_pct": 5.058, "gx": 2049, "gy": -6699}}, {"type": "Feature", "geometry": {"type": "Polygon", "coordinates": [[[-122.0, 37.32727272727273], [-121.98181818181818, 37.32727272727273], [-121.98181818181818, 37.345454545454544], [-122.0, 37.345454545454544], [-122.0, 37.32727272727273]]]}, "properties": {"n": 2876, "missing_pct": 1.669, "gx": 2053, "gy": -6710}}, {"type": "Feature", "geometry": {"type": "Polygon", "coordinates": [[[-121.94545454545455, 37.27272727272727], [-121.92727272727272, 37.27272727272727], [-121.92727272727272, 37.29090909090909], [-121.94545454545455, 37.29090909090909], [-121.94545454545455, 37.27272727272727]]]}, "properties": {"n": 2722, "missing_pct": 3.417, "gx": 2050, "gy": -6707}}, {"type": "Feature", "geometry": {"type": "Polygon", "coordinates": [[[-121.61818181818182, 37.09090909090909], [-121.6, 37.09090909090909], [-121.6, 37.10909090909091], [-121.61818181818182, 37.10909090909091], [-121.61818181818182, 37.09090909090909]]]}, "properties": {"n": 193, "missing_pct": 34.715, "gx": 2040, "gy": -6689}}, {"type": "Feature", "geometry": {"type": "Polygon", "coordinates": [[[-121.9090909090909, 37.43636363636364], [-121.89090909090909, 37.43636363636364], [-121.89090909090909, 37.45454545454545], [-121.9090909090909, 37.45454545454545], [-121.9090909090909, 37.43636363636364]]]}, "properties": {"n": 3061, "missing_pct": 1.601, "gx": 2059, "gy": -6705}}, {"type": "Feature", "geometry": {"type": "Polygon", "coordinates": [[[-122.0, 37.29090909090909], [-121.98181818181818, 37.29090909090909], [-121.98181818181818, 37.30909090909091], [-122.0, 37.30909090909091], [-122.0, 37.29090909090909]]]}, "properties": {"n": 2417, "missing_pct": 1.489, "gx": 2051, "gy": -6710}}, {"type": "Feature", "geometry": {"type": "Polygon", "coordinates": [[[-122.0, 37.14545454545455], [-121.98181818181818, 37.14545454545455], [-121.98181818181818, 37.163636363636364], [-122.0, 37.163636363636364], [-122.0, 37.14545454545455]]]}, "properties": {"n": 663, "missing_pct": 43.137, "gx": 2043, "gy": -6710}}, {"type": "Feature", "geometry": {"type": "Polygon", "coordinates": [[[-121.6, 37.09090909090909], [-121.58181818181818, 37.09090909090909], [-121.58181818181818, 37.10909090909091], [-121.6, 37.10909090909091], [-121.6, 37.09090909090909]]]}, "properties": {"n": 249, "missing_pct": 17.671, "gx": 2040, "gy": -6688}}, {"type": "Feature", "geometry": {"type": "Polygon", "coordinates": [[[-122.01818181818182, 37.345454545454544], [-122.0, 37.345454545454544], [-122.0, 37.36363636363637], [-122.01818181818182, 37.36363636363637], [-122.01818181818182, 37.345454545454544]]]}, "properties": {"n": 3272, "missing_pct": 2.078, "gx": 2054, "gy": -6711}}, {"type": "Feature", "geometry": {"type": "Polygon", "coordinates": [[[-121.76363636363637, 37.30909090909091], [-121.74545454545455, 37.30909090909091], [-121.74545454545455, 37.32727272727273], [-121.76363636363637, 37.32727272727273], [-121.76363636363637, 37.30909090909091]]]}, "properties": {"n": 572, "missing_pct": 8.392, "gx": 2052, "gy": -6697}}, {"type": "Feature", "geometry": {"type": "Polygon", "coordinates": [[[-121.94545454545455, 37.345454545454544], [-121.92727272727272, 37.345454545454544], [-121.92727272727272, 37.36363636363637], [-121.94545454545455, 37.36363636363637], [-121.94545454545455, 37.345454545454544]]]}, "properties": {"n": 773, "missing_pct": 13.583, "gx": 2054, "gy": -6707}}, {"type": "Feature", "geometry": {"type": "Polygon", "coordinates": [[[-122.03636363636363, 37.38181818181818], [-122.01818181818182, 37.38181818181818], [-122.01818181818182, 37.4], [-122.03636363636363, 37.4], [-122.03636363636363, 37.38181818181818]]]}, "properties": {"n": 2083, "missing_pct": 1.44, "gx": 2056, "gy": -6712}}, {"type": "Feature", "geometry": {"type": "Polygon", "coordinates": [[[-122.03636363636363, 37.18181818181818], [-122.01818181818182, 37.18181818181818], [-122.01818181818182, 37.2], [-122.03636363636363, 37.2], [-122.03636363636363, 37.18181818181818]]]}, "properties": {"n": 103, "missing_pct": 43.689, "gx": 2045, "gy": -6712}}, {"type": "Feature", "geometry": {"type": "Polygon", "coordinates": [[[-121.9090909090909, 37.30909090909091], [-121.89090909090909, 37.30909090909091], [-121.89090909090909, 37.32727272727273], [-121.9090909090909, 37.32727272727273], [-121.9090909090909, 37.30909090909091]]]}, "properties": {"n": 2982, "missing_pct": 9.256, "gx": 2052, "gy": -6705}}, {"type": "Feature", "geometry": {"type": "Polygon", "coordinates": [[[-121.98181818181818, 37.127272727272725], [-121.96363636363637, 37.127272727272725], [-121.96363636363637, 37.14545454545455], [-121.98181818181818, 37.14545454545455], [-121.98181818181818, 37.127272727272725]]]}, "properties": {"n": 84, "missing_pct": 19.048, "gx": 2042, "gy": -6709}}, {"type": "Feature", "geometry": {"type": "Polygon", "coordinates": [[[-121.9090909090909, 37.27272727272727], [-121.89090909090909, 37.27272727272727], [-121.89090909090909, 37.29090909090909], [-121.9090909090909, 37.29090909090909], [-121.9090909090909, 37.27272727272727]]]}, "properties": {"n": 2962, "missing_pct": 0.473, "gx": 2050, "gy": -6705}}, {"type": "Feature", "geometry": {"type": "Polygon", "coordinates": [[[-121.92727272727272, 37.30909090909091], [-121.9090909090909, 37.30909090909091], [-121.9090909090909, 37.32727272727273], [-121.92727272727272, 37.32727272727273], [-121.92727272727272, 37.30909090909091]]]}, "properties": {"n": 2811, "missing_pct": 4.02, "gx": 2052, "gy": -6706}}, {"type": "Feature", "geometry": {"type": "Polygon", "coordinates": [[[-121.96363636363637, 37.32727272727273], [-121.94545454545455, 37.32727272727273], [-121.94545454545455, 37.345454545454544], [-121.96363636363637, 37.345454545454544], [-121.96363636363637, 37.32727272727273]]]}, "properties": {"n": 2999, "missing_pct": 0.667, "gx": 2053, "gy": -6708}}, {"type": "Feature", "geometry": {"type": "Polygon", "coordinates": [[[-121.56363636363636, 36.981818181818184], [-121.54545454545455, 36.981818181818184], [-121.54545454545455, 37.0], [-121.56363636363636, 37.0], [-121.56363636363636, 36.981818181818184]]]}, "properties": {"n": 262, "missing_pct": 25.954, "gx": 2034, "gy": -6686}}, {"type": "Feature", "geometry": {"type": "Polygon", "coordinates": [[[-121.67272727272727, 37.127272727272725], [-121.65454545454546, 37.127272727272725], [-121.65454545454546, 37.14545454545455], [-121.67272727272727, 37.14545454545455], [-121.67272727272727, 37.127272727272725]]]}, "properties": {"n": 1941, "missing_pct": 5.667, "gx": 2042, "gy": -6692}}, {"type": "Feature", "geometry": {"type": "Polygon", "coordinates": [[[-122.0909090909091, 37.345454545454544], [-122.07272727272728, 37.345454545454544], [-122.07272727272728, 37.36363636363637], [-122.0909090909091, 37.36363636363637], [-122.0909090909091, 37.345454545454544]]]}, "properties": {"n": 2178, "missing_pct": 1.791, "gx": 2054, "gy": -6715}}, {"type": "Feature", "geometry": {"type": "Polygon", "coordinates": [[[-121.85454545454546, 37.236363636363635], [-121.83636363636364, 37.236363636363635], [-121.83636363636364, 37.25454545454546], [-121.85454545454546, 37.25454545454546], [-121.85454545454546, 37.236363636363635]]]}, "properties": {"n": 3750, "missing_pct": 1.04, "gx": 2048, "gy": -6702}}, {"type": "Feature", "geometry": {"type": "Polygon", "coordinates": [[[-122.01818181818182, 37.25454545454546], [-122.0, 37.25454545454546], [-122.0, 37.27272727272727], [-122.01818181818182, 37.27272727272727], [-122.01818181818182, 37.25454545454546]]]}, "properties": {"n": 742, "missing_pct": 4.852, "gx": 2049, "gy": -6711}}, {"type": "Feature", "geometry": {"type": "Polygon", "coordinates": [[[-121.85454545454546, 37.36363636363637], [-121.83636363636364, 37.36363636363637], [-121.83636363636364, 37.38181818181818], [-121.85454545454546, 37.38181818181818], [-121.85454545454546, 37.36363636363637]]]}, "properties": {"n": 3490, "missing_pct": 1.261, "gx": 2055, "gy": -6702}}, {"type": "Feature", "geometry": {"type": "Polygon", "coordinates": [[[-122.12727272727273, 37.32727272727273], [-122.10909090909091, 37.32727272727273], [-122.10909090909091, 37.345454545454544], [-122.12727272727273, 37.345454545454544], [-122.12727272727273, 37.32727272727273]]]}, "properties": {"n": 147, "missing_pct": 7.483, "gx": 2053, "gy": -6717}}, {"type": "Feature", "geometry": {"type": "Polygon", "coordinates": [[[-121.89090909090909, 37.38181818181818], [-121.87272727272727, 37.38181818181818], [-121.87272727272727, 37.4], [-121.89090909090909, 37.4], [-121.89090909090909, 37.38181818181818]]]}, "properties": {"n": 2970, "missing_pct": 0.741, "gx": 2056, "gy": -6704}}, {"type": "Feature", "geometry": {"type": "Polygon", "coordinates": [[[-122.07272727272728, 37.38181818181818], [-122.05454545454545, 37.38181818181818], [-122.05454545454545, 37.4], [-122.07272727272728, 37.4], [-122.07272727272728, 37.38181818181818]]]}, "properties": {"n": 3001, "missing_pct": 2.599, "gx": 2056, "gy": -6714}}, {"type": "Feature", "geometry": {"type": "Polygon", "coordinates": [[[-122.0, 37.18181818181818], [-121.98181818181818, 37.18181818181818], [-121.98181818181818, 37.2], [-122.0, 37.2], [-122.0, 37.18181818181818]]]}, "properties": {"n": 84, "missing_pct": 35.714, "gx": 2045, "gy": -6710}}, {"type": "Feature", "geometry": {"type": "Polygon", "coordinates": [[[-121.96363636363637, 37.25454545454546], [-121.94545454545455, 37.25454545454546], [-121.94545454545455, 37.27272727272727], [-121.96363636363637, 37.27272727272727], [-121.96363636363637, 37.25454545454546]]]}, "properties": {"n": 1848, "missing_pct": 3.896, "gx": 2049, "gy": -6708}}, {"type": "Feature", "geometry": {"type": "Polygon", "coordinates": [[[-121.87272727272727, 37.25454545454546], [-121.85454545454546, 37.25454545454546], [-121.85454545454546, 37.27272727272727], [-121.87272727272727, 37.27272727272727], [-121.87272727272727, 37.25454545454546]]]}, "properties": {"n": 2540, "missing_pct": 2.52, "gx": 2049, "gy": -6703}}, {"type": "Feature", "geometry": {"type": "Polygon", "coordinates": [[[-121.83636363636364, 37.29090909090909], [-121.81818181818181, 37.29090909090909], [-121.81818181818181, 37.30909090909091], [-121.83636363636364, 37.30909090909091], [-121.83636363636364, 37.29090909090909]]]}, "properties": {"n": 2053, "missing_pct": 1.754, "gx": 2051, "gy": -6701}}, {"type": "Feature", "geometry": {"type": "Polygon", "coordinates": [[[-121.67272727272727, 37.10909090909091], [-121.65454545454546, 37.10909090909091], [-121.65454545454546, 37.127272727272725], [-121.67272727272727, 37.127272727272725], [-121.67272727272727, 37.10909090909091]]]}, "properties": {"n": 843, "missing_pct": 8.304, "gx": 2041, "gy": -6692}}, {"type": "Feature", "geometry": {"type": "Polygon", "coordinates": [[[-121.65454545454546, 37.10909090909091], [-121.63636363636364, 37.10909090909091], [-121.63636363636364, 37.127272727272725], [-121.65454545454546, 37.127272727272725], [-121.65454545454546, 37.10909090909091]]]}, "properties": {"n": 1127, "missing_pct": 10.382, "gx": 2041, "gy": -6691}}, {"type": "Feature", "geometry": {"type": "Polygon", "coordinates": [[[-122.0909090909091, 37.32727272727273], [-122.07272727272728, 37.32727272727273], [-122.07272727272728, 37.345454545454544], [-122.0909090909091, 37.345454545454544], [-122.0909090909091, 37.32727272727273]]]}, "properties": {"n": 1425, "missing_pct": 2.526, "gx": 2053, "gy": -6715}}, {"type": "Feature", "geometry": {"type": "Polygon", "coordinates": [[[-121.89090909090909, 37.2], [-121.87272727272727, 37.2], [-121.87272727272727, 37.21818181818182], [-121.89090909090909, 37.21818181818182], [-121.89090909090909, 37.2]]]}, "properties": {"n": 522, "missing_pct": 2.107, "gx": 2046, "gy": -6704}}, {"type": "Feature", "geometry": {"type": "Polygon", "coordinates": [[[-122.01818181818182, 37.30909090909091], [-122.0, 37.30909090909091], [-122.0, 37.32727272727273], [-122.01818181818182, 37.32727272727273], [-122.01818181818182, 37.30909090909091]]]}, "properties": {"n": 2551, "missing_pct": 1.254, "gx": 2052, "gy": -6711}}, {"type": "Feature", "geometry": {"type": "Polygon", "coordinates": [[[-121.6, 37.054545454545455], [-121.58181818181818, 37.054545454545455], [-121.58181818181818, 37.07272727272727], [-121.6, 37.07272727272727], [-121.6, 37.054545454545455]]]}, "properties": {"n": 120, "missing_pct": 46.667, "gx": 2038, "gy": -6688}}, {"type": "Feature", "geometry": {"type": "Polygon", "coordinates": [[[-121.8, 37.345454545454544], [-121.78181818181818, 37.345454545454544], [-121.78181818181818, 37.36363636363637], [-121.8, 37.36363636363637], [-121.8, 37.345454545454544]]]}, "properties": {"n": 1072, "missing_pct": 4.664, "gx": 2054, "gy": -6699}}, {"type": "Feature", "geometry": {"type": "Polygon", "coordinates": [[[-121.87272727272727, 37.41818181818182], [-121.85454545454546, 37.41818181818182], [-121.85454545454546, 37.43636363636364], [-121.87272727272727, 37.43636363636364], [-121.87272727272727, 37.41818181818182]]]}, "properties": {"n": 2349, "missing_pct": 1.235, "gx": 2058, "gy": -6703}}, {"type": "Feature", "geometry": {"type": "Polygon", "coordinates": [[[-122.0909090909091, 37.4], [-122.07272727272728, 37.4], [-122.07272727272728, 37.41818181818182], [-122.0909090909091, 37.41818181818182], [-122.0909090909091, 37.4]]]}, "properties": {"n": 2491, "missing_pct": 2.369, "gx": 2057, "gy": -6715}}, {"type": "Feature", "geometry": {"type": "Polygon", "coordinates": [[[-121.85454545454546, 37.38181818181818], [-121.83636363636364, 37.38181818181818], [-121.83636363636364, 37.4], [-121.85454545454546, 37.4], [-121.85454545454546, 37.38181818181818]]]}, "properties": {"n": 2781, "missing_pct": 1.654, "gx": 2056, "gy": -6702}}, {"type": "Feature", "geometry": {"type": "Polygon", "coordinates": [[[-121.8, 37.21818181818182], [-121.78181818181818, 37.21818181818182], [-121.78181818181818, 37.236363636363635], [-121.8, 37.236363636363635], [-121.8, 37.21818181818182]]]}, "properties": {"n": 1884, "missing_pct": 1.539, "gx": 2047, "gy": -6699}}, {"type": "Feature", "geometry": {"type": "Polygon", "coordinates": [[[-121.81818181818181, 37.36363636363637], [-121.8, 37.36363636363637], [-121.8, 37.38181818181818], [-121.81818181818181, 37.38181818181818], [-121.81818181818181, 37.36363636363637]]]}, "properties": {"n": 1753, "missing_pct": 3.252, "gx": 2055, "gy": -6700}}, {"type": "Feature", "geometry": {"type": "Polygon", "coordinates": [[[-122.12727272727273, 37.41818181818182], [-122.10909090909091, 37.41818181818182], [-122.10909090909091, 37.43636363636364], [-122.12727272727273, 37.43636363636364], [-122.12727272727273, 37.41818181818182]]]}, "properties": {"n": 2948, "missing_pct": 1.9, "gx": 2058, "gy": -6717}}, {"type": "Feature", "geometry": {"type": "Polygon", "coordinates": [[[-122.18181818181819, 37.4], [-122.16363636363636, 37.4], [-122.16363636363636, 37.41818181818182], [-122.18181818181819, 37.41818181818182], [-122.18181818181819, 37.4]]]}, "properties": {"n": 119, "missing_pct": 10.084, "gx": 2057, "gy": -6720}}, {"type": "Feature", "geometry": {"type": "Polygon", "coordinates": [[[-121.67272727272727, 37.0], [-121.65454545454546, 37.0], [-121.65454545454546, 37.018181818181816], [-121.67272727272727, 37.018181818181816], [-121.67272727272727, 37.0]]]}, "properties": {"n": 100, "missing_pct": 23.0, "gx": 2035, "gy": -6692}}, {"type": "Feature", "geometry": {"type": "Polygon", "coordinates": [[[-122.10909090909091, 37.4], [-122.0909090909091, 37.4], [-122.0909090909091, 37.41818181818182], [-122.10909090909091, 37.41818181818182], [-122.10909090909091, 37.4]]]}, "properties": {"n": 3686, "missing_pct": 1.845, "gx": 2057, "gy": -6716}}, {"type": "Feature", "geometry": {"type": "Polygon", "coordinates": [[[-122.16363636363636, 37.45454545454545], [-122.14545454545454, 37.45454545454545], [-122.14545454545454, 37.472727272727276], [-122.16363636363636, 37.472727272727276], [-122.16363636363636, 37.45454545454545]]]}, "properties": {"n": 134, "missing_pct": 1.493, "gx": 2060, "gy": -6719}}, {"type": "Feature", "geometry": {"type": "Polygon", "coordinates": [[[-121.94545454545455, 37.25454545454546], [-121.92727272727272, 37.25454545454546], [-121.92727272727272, 37.27272727272727], [-121.94545454545455, 37.27272727272727], [-121.94545454545455, 37.25454545454546]]]}, "properties": {"n": 3008, "missing_pct": 1.13, "gx": 2049, "gy": -6707}}, {"type": "Feature", "geometry": {"type": "Polygon", "coordinates": [[[-122.01818181818182, 37.4], [-122.0, 37.4], [-122.0, 37.41818181818182], [-122.01818181818182, 37.41818181818182], [-122.01818181818182, 37.4]]]}, "properties": {"n": 988, "missing_pct": 3.34, "gx": 2057, "gy": -6711}}, {"type": "Feature", "geometry": {"type": "Polygon", "coordinates": [[[-122.10909090909091, 37.32727272727273], [-122.0909090909091, 37.32727272727273], [-122.0909090909091, 37.345454545454544], [-122.10909090909091, 37.345454545454544], [-122.10909090909091, 37.32727272727273]]]}, "properties": {"n": 252, "missing_pct": 12.698, "gx": 2053, "gy": -6716}}, {"type": "Feature", "geometry": {"type": "Polygon", "coordinates": [[[-121.89090909090909, 37.45454545454545], [-121.87272727272727, 37.45454545454545], [-121.87272727272727, 37.472727272727276], [-121.89090909090909, 37.472727272727276], [-121.89090909090909, 37.45454545454545]]]}, "properties": {"n": 112, "missing_pct": 15.179, "gx": 2060, "gy": -6704}}, {"type": "Feature", "geometry": {"type": "Polygon", "coordinates": [[[-121.6, 36.981818181818184], [-121.58181818181818, 36.981818181818184], [-121.58181818181818, 37.0], [-121.6, 37.0], [-121.6, 36.981818181818184]]]}, "properties": {"n": 977, "missing_pct": 16.888, "gx": 2034, "gy": -6688}}, {"type": "Feature", "geometry": {"type": "Polygon", "coordinates": [[[-121.96363636363637, 37.236363636363635], [-121.94545454545455, 37.236363636363635], [-121.94545454545455, 37.25454545454546], [-121.96363636363637, 37.25454545454546], [-121.96363636363637, 37.236363636363635]]]}, "properties": {"n": 2343, "missing_pct": 2.219, "gx": 2048, "gy": -6708}}, {"type": "Feature", "geometry": {"type": "Polygon", "coordinates": [[[-121.96363636363637, 37.4], [-121.94545454545455, 37.4], [-121.94545454545455, 37.41818181818182], [-121.96363636363637, 37.41818181818182], [-121.96363636363637, 37.4]]]}, "properties": {"n": 1260, "missing_pct": 3.571, "gx": 2057, "gy": -6708}}, {"type": "Feature", "geometry": {"type": "Polygon", "coordinates": [[[-121.92727272727272, 37.41818181818182], [-121.9090909090909, 37.41818181818182], [-121.9090909090909, 37.43636363636364], [-121.92727272727272, 37.43636363636364], [-121.92727272727272, 37.41818181818182]]]}, "properties": {"n": 1278, "missing_pct": 2.347, "gx": 2058, "gy": -6706}}, {"type": "Feature", "geometry": {"type": "Polygon", "coordinates": [[[-121.8, 37.36363636363637], [-121.78181818181818, 37.36363636363637], [-121.78181818181818, 37.38181818181818], [-121.8, 37.38181818181818], [-121.8, 37.36363636363637]]]}, "properties": {"n": 153, "missing_pct": 18.301, "gx": 2055, "gy": -6699}}, {"type": "Feature", "geometry": {"type": "Polygon", "coordinates": [[[-122.07272727272728, 37.32727272727273], [-122.05454545454545, 37.32727272727273], [-122.05454545454545, 37.345454545454544], [-122.07272727272728, 37.345454545454544], [-122.07272727272728, 37.32727272727273]]]}, "properties": {"n": 1928, "missing_pct": 3.06, "gx": 2053, "gy": -6714}}, {"type": "Feature", "geometry": {"type": "Polygon", "coordinates": [[[-122.07272727272728, 37.36363636363637], [-122.05454545454545, 37.36363636363637], [-122.05454545454545, 37.38181818181818], [-122.07272727272728, 37.38181818181818], [-122.07272727272728, 37.36363636363637]]]}, "properties": {"n": 2268, "missing_pct": 1.984, "gx": 2055, "gy": -6714}}, {"type": "Feature", "geometry": {"type": "Polygon", "coordinates": [[[-121.65454545454546, 37.127272727272725], [-121.63636363636364, 37.127272727272725], [-121.63636363636364, 37.14545454545455], [-121.65454545454546, 37.14545454545455], [-121.65454545454546, 37.127272727272725]]]}, "properties": {"n": 2205, "missing_pct": 4.082, "gx": 2042, "gy": -6691}}, {"type": "Feature", "geometry": {"type": "Polygon", "coordinates": [[[-121.78181818181818, 37.29090909090909], [-121.76363636363637, 37.29090909090909], [-121.76363636363637, 37.30909090909091], [-121.78181818181818, 37.30909090909091], [-121.78181818181818, 37.29090909090909]]]}, "properties": {"n": 1796, "missing_pct": 3.452, "gx": 2051, "gy": -6698}}, {"type": "Feature", "geometry": {"type": "Polygon", "coordinates": [[[-121.98181818181818, 37.236363636363635], [-121.96363636363637, 37.236363636363635], [-121.96363636363637, 37.25454545454546], [-121.98181818181818, 37.25454545454546], [-121.98181818181818, 37.236363636363635]]]}, "properties": {"n": 1274, "missing_pct": 3.611, "gx": 2048, "gy": -6709}}, {"type": "Feature", "geometry": {"type": "Polygon", "coordinates": [[[-121.92727272727272, 37.36363636363637], [-121.9090909090909, 37.36363636363637], [-121.9090909090909, 37.38181818181818], [-121.92727272727272, 37.38181818181818], [-121.92727272727272, 37.36363636363637]]]}, "properties": {"n": 388, "missing_pct": 9.794, "gx": 2055, "gy": -6706}}, {"type": "Feature", "geometry": {"type": "Polygon", "coordinates": [[[-121.96363636363637, 37.30909090909091], [-121.94545454545455, 37.30909090909091], [-121.94545454545455, 37.32727272727273], [-121.96363636363637, 37.32727272727273], [-121.96363636363637, 37.30909090909091]]]}, "properties": {"n": 3476, "missing_pct": 1.841, "gx": 2052, "gy": -6708}}, {"type": "Feature", "geometry": {"type": "Polygon", "coordinates": [[[-121.94545454545455, 37.32727272727273], [-121.92727272727272, 37.32727272727273], [-121.92727272727272, 37.345454545454544], [-121.94545454545455, 37.345454545454544], [-121.94545454545455, 37.32727272727273]]]}, "properties": {"n": 2941, "missing_pct": 1.326, "gx": 2053, "gy": -6707}}, {"type": "Feature", "geometry": {"type": "Polygon", "coordinates": [[[-121.61818181818182, 37.054545454545455], [-121.6, 37.054545454545455], [-121.6, 37.07272727272727], [-121.61818181818182, 37.07272727272727], [-121.61818181818182, 37.054545454545455]]]}, "properties": {"n": 87, "missing_pct": 39.08, "gx": 2038, "gy": -6689}}, {"type": "Feature", "geometry": {"type": "Polygon", "coordinates": [[[-122.10909090909091, 37.38181818181818], [-122.0909090909091, 37.38181818181818], [-122.0909090909091, 37.4], [-122.10909090909091, 37.4], [-122.10909090909091, 37.38181818181818]]]}, "properties": {"n": 2821, "missing_pct": 1.418, "gx": 2056, "gy": -6716}}, {"type": "Feature", "geometry": {"type": "Polygon", "coordinates": [[[-122.18181818181819, 37.41818181818182], [-122.16363636363636, 37.41818181818182], [-122.16363636363636, 37.43636363636364], [-122.18181818181819, 37.43636363636364], [-122.18181818181819, 37.41818181818182]]]}, "properties": {"n": 354, "missing_pct": 48.87, "gx": 2058, "gy": -6720}}, {"type": "Feature", "geometry": {"type": "Polygon", "coordinates": [[[-121.87272727272727, 37.21818181818182], [-121.85454545454546, 37.21818181818182], [-121.85454545454546, 37.236363636363635], [-121.87272727272727, 37.236363636363635], [-121.87272727272727, 37.21818181818182]]]}, "properties": {"n": 1862, "missing_pct": 1.235, "gx": 2047, "gy": -6703}}, {"type": "Feature", "geometry": {"type": "Polygon", "coordinates": [[[-121.98181818181818, 37.163636363636364], [-121.96363636363637, 37.163636363636364], [-121.96363636363637, 37.18181818181818], [-121.98181818181818, 37.18181818181818], [-121.98181818181818, 37.163636363636364]]]}, "properties": {"n": 96, "missing_pct": 47.917, "gx": 2044, "gy": -6709}}, {"type": "Feature", "geometry": {"type": "Polygon", "coordinates": [[[-121.83636363636364, 37.345454545454544], [-121.81818181818181, 37.345454545454544], [-121.81818181818181, 37.36363636363637], [-121.83636363636364, 37.36363636363637], [-121.83636363636364, 37.345454545454544]]]}, "properties": {"n": 3256, "missing_pct": 3.041, "gx": 2054, "gy": -6701}}, {"type": "Feature", "geometry": {"type": "Polygon", "coordinates": [[[-121.58181818181818, 37.018181818181816], [-121.56363636363636, 37.018181818181816], [-121.56363636363636, 37.03636363636364], [-121.58181818181818, 37.03636363636364], [-121.58181818181818, 37.018181818181816]]]}, "properties": {"n": 766, "missing_pct": 9.399, "gx": 2036, "gy": -6687}}, {"type": "Feature", "geometry": {"type": "Polygon", "coordinates": [[[-122.14545454545454, 37.38181818181818], [-122.12727272727273, 37.38181818181818], [-122.12727272727273, 37.4], [-122.14545454545454, 37.4], [-122.14545454545454, 37.38181818181818]]]}, "properties": {"n": 562, "missing_pct": 6.228, "gx": 2056, "gy": -6718}}, {"type": "Feature", "geometry": {"type": "Polygon", "coordinates": [[[-121.96363636363637, 37.38181818181818], [-121.94545454545455, 37.38181818181818], [-121.94545454545455, 37.4], [-121.96363636363637, 37.4], [-121.96363636363637, 37.38181818181818]]]}, "properties": {"n": 2520, "missing_pct": 1.548, "gx": 2056, "gy": -6708}}, {"type": "Feature", "geometry": {"type": "Polygon", "coordinates": [[[-122.12727272727273, 37.43636363636364], [-122.10909090909091, 37.43636363636364], [-122.10909090909091, 37.45454545454545], [-122.12727272727273, 37.45454545454545], [-122.12727272727273, 37.43636363636364]]]}, "properties": {"n": 1319, "missing_pct": 6.217, "gx": 2059, "gy": -6717}}, {"type": "Feature", "geometry": {"type": "Polygon", "coordinates": [[[-121.94545454545455, 37.36363636363637], [-121.92727272727272, 37.36363636363637], [-121.92727272727272, 37.38181818181818], [-121.94545454545455, 37.38181818181818], [-121.94545454545455, 37.36363636363637]]]}, "properties": {"n": 127, "missing_pct": 25.197, "gx": 2055, "gy": -6707}}, {"type": "Feature", "geometry": {"type": "Polygon", "coordinates": [[[-121.76363636363637, 37.21818181818182], [-121.74545454545455, 37.21818181818182], [-121.74545454545455, 37.236363636363635], [-121.76363636363637, 37.236363636363635], [-121.76363636363637, 37.21818181818182]]]}, "properties": {"n": 764, "missing_pct": 4.45, "gx": 2047, "gy": -6697}}, {"type": "Feature", "geometry": {"type": "Polygon", "coordinates": [[[-121.87272727272727, 37.236363636363635], [-121.85454545454546, 37.236363636363635], [-121.85454545454546, 37.25454545454546], [-121.87272727272727, 37.25454545454546], [-121.87272727272727, 37.236363636363635]]]}, "properties": {"n": 2066, "missing_pct": 2.033, "gx": 2048, "gy": -6703}}, {"type": "Feature", "geometry": {"type": "Polygon", "coordinates": [[[-121.72727272727273, 37.18181818181818], [-121.7090909090909, 37.18181818181818], [-121.7090909090909, 37.2], [-121.72727272727273, 37.2], [-121.72727272727273, 37.18181818181818]]]}, "properties": {"n": 113, "missing_pct": 43.363, "gx": 2045, "gy": -6695}}, {"type": "Feature", "geometry": {"type": "Polygon", "coordinates": [[[-121.87272727272727, 37.30909090909091], [-121.85454545454546, 37.30909090909091], [-121.85454545454546, 37.32727272727273], [-121.87272727272727, 37.32727272727273], [-121.87272727272727, 37.30909090909091]]]}, "properties": {"n": 892, "missing_pct": 10.314, "gx": 2052, "gy": -6703}}, {"type": "Feature", "geometry": {"type": "Polygon", "coordinates": [[[-121.76363636363637, 37.236363636363635], [-121.74545454545455, 37.236363636363635], [-121.74545454545455, 37.25454545454546], [-121.76363636363637, 37.25454545454546], [-121.76363636363637, 37.236363636363635]]]}, "properties": {"n": 376, "missing_pct": 2.66, "gx": 2048, "gy": -6697}}, {"type": "Feature", "geometry": {"type": "Polygon", "coordinates": [[[-121.6, 37.14545454545455], [-121.58181818181818, 37.14545454545455], [-121.58181818181818, 37.163636363636364], [-121.6, 37.163636363636364], [-121.6, 37.14545454545455]]]}, "properties": {"n": 297, "missing_pct": 5.387, "gx": 2043, "gy": -6688}}, {"type": "Feature", "geometry": {"type": "Polygon", "coordinates": [[[-121.67272727272727, 37.054545454545455], [-121.65454545454546, 37.054545454545455], [-121.65454545454546, 37.07272727272727], [-121.67272727272727, 37.07272727272727], [-121.67272727272727, 37.054545454545455]]]}, "properties": {"n": 152, "missing_pct": 19.737, "gx": 2038, "gy": -6692}}, {"type": "Feature", "geometry": {"type": "Polygon", "coordinates": [[[-121.98181818181818, 37.2], [-121.96363636363637, 37.2], [-121.96363636363637, 37.21818181818182], [-121.98181818181818, 37.21818181818182], [-121.98181818181818, 37.2]]]}, "properties": {"n": 372, "missing_pct": 15.591, "gx": 2046, "gy": -6709}}, {"type": "Feature", "geometry": {"type": "Polygon", "coordinates": [[[-121.61818181818182, 37.03636363636364], [-121.6, 37.03636363636364], [-121.6, 37.054545454545455], [-121.61818181818182, 37.054545454545455], [-121.61818181818182, 37.03636363636364]]]}, "properties": {"n": 181, "missing_pct": 24.309, "gx": 2037, "gy": -6689}}, {"type": "Feature", "geometry": {"type": "Polygon", "coordinates": [[[-121.89090909090909, 37.25454545454546], [-121.87272727272727, 37.25454545454546], [-121.87272727272727, 37.27272727272727], [-121.89090909090909, 37.27272727272727], [-121.89090909090909, 37.25454545454546]]]}, "properties": {"n": 3172, "missing_pct": 1.324, "gx": 2049, "gy": -6704}}, {"type": "Feature", "geometry": {"type": "Polygon", "coordinates": [[[-121.83636363636364, 37.18181818181818], [-121.81818181818181, 37.18181818181818], [-121.81818181818181, 37.2], [-121.83636363636364, 37.2], [-121.83636363636364, 37.18181818181818]]]}, "properties": {"n": 433, "missing_pct": 3.926, "gx": 2045, "gy": -6701}}, {"type": "Feature", "geometry": {"type": "Polygon", "coordinates": [[[-121.9090909090909, 37.345454545454544], [-121.89090909090909, 37.345454545454544], [-121.89090909090909, 37.36363636363637], [-121.9090909090909, 37.36363636363637], [-121.9090909090909, 37.345454545454544]]]}, "properties": {"n": 2130, "missing_pct": 8.732, "gx": 2054, "gy": -6705}}, {"type": "Feature", "geometry": {"type": "Polygon", "coordinates": [[[-121.74545454545455, 37.25454545454546], [-121.72727272727273, 37.25454545454546], [-121.72727272727273, 37.27272727272727], [-121.74545454545455, 37.27272727272727], [-121.74545454545455, 37.25454545454546]]]}, "properties": {"n": 87, "missing_pct": 6.897, "gx": 2049, "gy": -6696}}, {"type": "Feature", "geometry": {"type": "Polygon", "coordinates": [[[-122.14545454545454, 37.345454545454544], [-122.12727272727273, 37.345454545454544], [-122.12727272727273, 37.36363636363637], [-122.14545454545454, 37.36363636363637], [-122.14545454545454, 37.345454545454544]]]}, "properties": {"n": 306, "missing_pct": 13.072, "gx": 2054, "gy": -6718}}, {"type": "Feature", "geometry": {"type": "Polygon", "coordinates": [[[-121.61818181818182, 37.14545454545455], [-121.6, 37.14545454545455], [-121.6, 37.163636363636364], [-121.61818181818182, 37.163636363636364], [-121.61818181818182, 37.14545454545455]]]}, "properties": {"n": 432, "missing_pct": 5.556, "gx": 2043, "gy": -6689}}, {"type": "Feature", "geometry": {"type": "Polygon", "coordinates": [[[-122.05454545454545, 37.32727272727273], [-122.03636363636363, 37.32727272727273], [-122.03636363636363, 37.345454545454544], [-122.05454545454545, 37.345454545454544], [-122.05454545454545, 37.32727272727273]]]}, "properties": {"n": 2241, "missing_pct": 0.937, "gx": 2053, "gy": -6713}}, {"type": "Feature", "geometry": {"type": "Polygon", "coordinates": [[[-121.6, 37.018181818181816], [-121.58181818181818, 37.018181818181816], [-121.58181818181818, 37.03636363636364], [-121.6, 37.03636363636364], [-121.6, 37.018181818181816]]]}, "properties": {"n": 2345, "missing_pct": 2.644, "gx": 2036, "gy": -6688}}, {"type": "Feature", "geometry": {"type": "Polygon", "coordinates": [[[-121.83636363636364, 37.38181818181818], [-121.81818181818181, 37.38181818181818], [-121.81818181818181, 37.4], [-121.83636363636364, 37.4], [-121.83636363636364, 37.38181818181818]]]}, "properties": {"n": 1896, "missing_pct": 5.432, "gx": 2056, "gy": -6701}}, {"type": "Feature", "geometry": {"type": "Polygon", "coordinates": [[[-121.85454545454546, 37.18181818181818], [-121.83636363636364, 37.18181818181818], [-121.83636363636364, 37.2], [-121.85454545454546, 37.2], [-121.85454545454546, 37.18181818181818]]]}, "properties": {"n": 488, "missing_pct": 3.484, "gx": 2045, "gy": -6702}}, {"type": "Feature", "geometry": {"type": "Polygon", "coordinates": [[[-122.07272727272728, 37.30909090909091], [-122.05454545454545, 37.30909090909091], [-122.05454545454545, 37.32727272727273], [-122.07272727272728, 37.32727272727273], [-122.07272727272728, 37.30909090909091]]]}, "properties": {"n": 2282, "missing_pct": 1.928, "gx": 2052, "gy": -6714}}, {"type": "Feature", "geometry": {"type": "Polygon", "coordinates": [[[-121.98181818181818, 37.21818181818182], [-121.96363636363637, 37.21818181818182], [-121.96363636363637, 37.236363636363635], [-121.98181818181818, 37.236363636363635], [-121.98181818181818, 37.21818181818182]]]}, "properties": {"n": 2170, "missing_pct": 4.286, "gx": 2047, "gy": -6709}}, {"type": "Feature", "geometry": {"type": "Polygon", "coordinates": [[[-121.92727272727272, 37.29090909090909], [-121.9090909090909, 37.29090909090909], [-121.9090909090909, 37.30909090909091], [-121.92727272727272, 37.30909090909091], [-121.92727272727272, 37.29090909090909]]]}, "properties": {"n": 3146, "missing_pct": 1.812, "gx": 2051, "gy": -6706}}, {"type": "Feature", "geometry": {"type": "Polygon", "coordinates": [[[-121.78181818181818, 37.21818181818182], [-121.76363636363637, 37.21818181818182], [-121.76363636363637, 37.236363636363635], [-121.78181818181818, 37.236363636363635], [-121.78181818181818, 37.21818181818182]]]}, "properties": {"n": 2366, "missing_pct": 1.183, "gx": 2047, "gy": -6698}}, {"type": "Feature", "geometry": {"type": "Polygon", "coordinates": [[[-122.10909090909091, 37.345454545454544], [-122.0909090909091, 37.345454545454544], [-122.0909090909091, 37.36363636363637], [-122.10909090909091, 37.36363636363637], [-122.10909090909091, 37.345454545454544]]]}, "properties": {"n": 1138, "missing_pct": 2.812, "gx": 2054, "gy": -6716}}, {"type": "Feature", "geometry": {"type": "Polygon", "coordinates": [[[-121.81818181818181, 37.38181818181818], [-121.8, 37.38181818181818], [-121.8, 37.4], [-121.81818181818181, 37.4], [-121.81818181818181, 37.38181818181818]]]}, "properties": {"n": 437, "missing_pct": 10.069, "gx": 2056, "gy": -6700}}, {"type": "Feature", "geometry": {"type": "Polygon", "coordinates": [[[-121.61818181818182, 37.018181818181816], [-121.6, 37.018181818181816], [-121.6, 37.03636363636364], [-121.61818181818182, 37.03636363636364], [-121.61818181818182, 37.018181818181816]]]}, "properties": {"n": 2210, "missing_pct": 2.308, "gx": 2036, "gy": -6689}}, {"type": "Feature", "geometry": {"type": "Polygon", "coordinates": [[[-121.87272727272727, 37.32727272727273], [-121.85454545454546, 37.32727272727273], [-121.85454545454546, 37.345454545454544], [-121.87272727272727, 37.345454545454544], [-121.87272727272727, 37.32727272727273]]]}, "properties": {"n": 2693, "missing_pct": 2.674, "gx": 2053, "gy": -6703}}, {"type": "Feature", "geometry": {"type": "Polygon", "coordinates": [[[-121.65454545454546, 37.163636363636364], [-121.63636363636364, 37.163636363636364], [-121.63636363636364, 37.18181818181818], [-121.65454545454546, 37.18181818181818], [-121.65454545454546, 37.163636363636364]]]}, "properties": {"n": 146, "missing_pct": 10.959, "gx": 2044, "gy": -6691}}, {"type": "Feature", "geometry": {"type": "Polygon", "coordinates": [[[-121.6, 37.07272727272727], [-121.58181818181818, 37.07272727272727], [-121.58181818181818, 37.09090909090909], [-121.6, 37.09090909090909], [-121.6, 37.07272727272727]]]}, "properties": {"n": 206, "missing_pct": 23.786, "gx": 2039, "gy": -6688}}, {"type": "Feature", "geometry": {"type": "Polygon", "coordinates": [[[-121.87272727272727, 37.4], [-121.85454545454546, 37.4], [-121.85454545454546, 37.41818181818182], [-121.87272727272727, 37.41818181818182], [-121.87272727272727, 37.4]]]}, "properties": {"n": 3445, "missing_pct": 0.755, "gx": 2057, "gy": -6703}}, {"type": "Feature", "geometry": {"type": "Polygon", "coordinates": [[[-122.0, 37.36363636363637], [-121.98181818181818, 37.36363636363637], [-121.98181818181818, 37.38181818181818], [-122.0, 37.38181818181818], [-122.0, 37.36363636363637]]]}, "properties": {"n": 1904, "missing_pct": 2.679, "gx": 2055, "gy": -6710}}, {"type": "Feature", "geometry": {"type": "Polygon", "coordinates": [[[-122.03636363636363, 37.36363636363637], [-122.01818181818182, 37.36363636363637], [-122.01818181818182, 37.38181818181818], [-122.03636363636363, 37.38181818181818], [-122.03636363636363, 37.36363636363637]]]}, "properties": {"n": 2134, "missing_pct": 3.28, "gx": 2055, "gy": -6712}}, {"type": "Feature", "geometry": {"type": "Polygon", "coordinates": [[[-121.85454545454546, 37.25454545454546], [-121.83636363636364, 37.25454545454546], [-121.83636363636364, 37.27272727272727], [-121.85454545454546, 37.27272727272727], [-121.85454545454546, 37.25454545454546]]]}, "properties": {"n": 2653, "missing_pct": 0.792, "gx": 2049, "gy": -6702}}, {"type": "Feature", "geometry": {"type": "Polygon", "coordinates": [[[-121.58181818181818, 37.07272727272727], [-121.56363636363636, 37.07272727272727], [-121.56363636363636, 37.09090909090909], [-121.58181818181818, 37.09090909090909], [-121.58181818181818, 37.07272727272727]]]}, "properties": {"n": 304, "missing_pct": 17.763, "gx": 2039, "gy": -6687}}, {"type": "Feature", "geometry": {"type": "Polygon", "coordinates": [[[-121.58181818181818, 37.0], [-121.56363636363636, 37.0], [-121.56363636363636, 37.018181818181816], [-121.58181818181818, 37.018181818181816], [-121.58181818181818, 37.0]]]}, "properties": {"n": 2350, "missing_pct": 6.255, "gx": 2035, "gy": -6687}}, {"type": "Feature", "geometry": {"type": "Polygon", "coordinates": [[[-122.0, 37.38181818181818], [-121.98181818181818, 37.38181818181818], [-121.98181818181818, 37.4], [-122.0, 37.4], [-122.0, 37.38181818181818]]]}, "properties": {"n": 1520, "missing_pct": 2.303, "gx": 2056, "gy": -6710}}, {"type": "Feature", "geometry": {"type": "Polygon", "coordinates": [[[-122.14545454545454, 37.45454545454545], [-122.12727272727273, 37.45454545454545], [-122.12727272727273, 37.472727272727276], [-122.14545454545454, 37.472727272727276], [-122.14545454545454, 37.45454545454545]]]}, "properties": {"n": 105, "missing_pct": 2.857, "gx": 2060, "gy": -6718}}, {"type": "Feature", "geometry": {"type": "Polygon", "coordinates": [[[-122.05454545454545, 37.345454545454544], [-122.03636363636363, 37.345454545454544], [-122.03636363636363, 37.36363636363637], [-122.05454545454545, 37.36363636363637], [-122.05454545454545, 37.345454545454544]]]}, "properties": {"n": 2756, "missing_pct": 0.798, "gx": 2054, "gy": -6713}}, {"type": "Feature", "geometry": {"type": "Polygon", "coordinates": [[[-121.98181818181818, 37.36363636363637], [-121.96363636363637, 37.36363636363637], [-121.96363636363637, 37.38181818181818], [-121.98181818181818, 37.38181818181818], [-121.98181818181818, 37.36363636363637]]]}, "properties": {"n": 1210, "missing_pct": 2.397, "gx": 2055, "gy": -6709}}, {"type": "Feature", "geometry": {"type": "Polygon", "coordinates": [[[-121.85454545454546, 37.4], [-121.83636363636364, 37.4], [-121.83636363636364, 37.41818181818182], [-121.85454545454546, 37.41818181818182], [-121.85454545454546, 37.4]]]}, "properties": {"n": 1510, "missing_pct": 3.642, "gx": 2057, "gy": -6702}}, {"type": "Feature", "geometry": {"type": "Polygon", "coordinates": [[[-121.83636363636364, 37.27272727272727], [-121.81818181818181, 37.27272727272727], [-121.81818181818181, 37.29090909090909], [-121.83636363636364, 37.29090909090909], [-121.83636363636364, 37.27272727272727]]]}, "properties": {"n": 3114, "missing_pct": 1.798, "gx": 2050, "gy": -6701}}, {"type": "Feature", "geometry": {"type": "Polygon", "coordinates": [[[-122.16363636363636, 37.36363636363637], [-122.14545454545454, 37.36363636363637], [-122.14545454545454, 37.38181818181818], [-122.16363636363636, 37.38181818181818], [-122.16363636363636, 37.36363636363637]]]}, "properties": {"n": 428, "missing_pct": 10.047, "gx": 2055, "gy": -6719}}, {"type": "Feature", "geometry": {"type": "Polygon", "coordinates": [[[-122.10909090909091, 37.36363636363637], [-122.0909090909091, 37.36363636363637], [-122.0909090909091, 37.38181818181818], [-122.10909090909091, 37.38181818181818], [-122.10909090909091, 37.36363636363637]]]}, "properties": {"n": 2221, "missing_pct": 1.351, "gx": 2055, "gy": -6716}}, {"type": "Feature", "geometry": {"type": "Polygon", "coordinates": [[[-121.98181818181818, 37.27272727272727], [-121.96363636363637, 37.27272727272727], [-121.96363636363637, 37.29090909090909], [-121.98181818181818, 37.29090909090909], [-121.98181818181818, 37.27272727272727]]]}, "properties": {"n": 3337, "missing_pct": 1.169, "gx": 2050, "gy": -6709}}, {"type": "Feature", "geometry": {"type": "Polygon", "coordinates": [[[-121.83636363636364, 37.236363636363635], [-121.81818181818181, 37.236363636363635], [-121.81818181818181, 37.25454545454546], [-121.83636363636364, 37.25454545454546], [-121.83636363636364, 37.236363636363635]]]}, "properties": {"n": 3482, "missing_pct": 1.091, "gx": 2048, "gy": -6701}}, {"type": "Feature", "geometry": {"type": "Polygon", "coordinates": [[[-122.0, 37.345454545454544], [-121.98181818181818, 37.345454545454544], [-121.98181818181818, 37.36363636363637], [-122.0, 37.36363636363637], [-122.0, 37.345454545454544]]]}, "properties": {"n": 3170, "missing_pct": 1.262, "gx": 2054, "gy": -6710}}, {"type": "Feature", "geometry": {"type": "Polygon", "coordinates": [[[-121.89090909090909, 37.29090909090909], [-121.87272727272727, 37.29090909090909], [-121.87272727272727, 37.30909090909091], [-121.89090909090909, 37.30909090909091], [-121.89090909090909, 37.29090909090909]]]}, "properties": {"n": 2575, "missing_pct": 4.505, "gx": 2051, "gy": -6704}}, {"type": "Feature", "geometry": {"type": "Polygon", "coordinates": [[[-121.87272727272727, 37.38181818181818], [-121.85454545454546, 37.38181818181818], [-121.85454545454546, 37.4], [-121.87272727272727, 37.4], [-121.87272727272727, 37.38181818181818]]]}, "properties": {"n": 3727, "missing_pct": 0.724, "gx": 2056, "gy": -6703}}, {"type": "Feature", "geometry": {"type": "Polygon", "coordinates": [[[-121.81818181818181, 37.236363636363635], [-121.8, 37.236363636363635], [-121.8, 37.25454545454546], [-121.81818181818181, 37.25454545454546], [-121.81818181818181, 37.236363636363635]]]}, "properties": {"n": 2629, "missing_pct": 2.016, "gx": 2048, "gy": -6700}}, {"type": "Feature", "geometry": {"type": "Polygon", "coordinates": [[[-121.69090909090909, 37.09090909090909], [-121.67272727272727, 37.09090909090909], [-121.67272727272727, 37.10909090909091], [-121.69090909090909, 37.10909090909091], [-121.69090909090909, 37.09090909090909]]]}, "properties": {"n": 195, "missing_pct": 34.359, "gx": 2040, "gy": -6693}}, {"type": "Feature", "geometry": {"type": "Polygon", "coordinates": [[[-121.63636363636364, 37.127272727272725], [-121.61818181818182, 37.127272727272725], [-121.61818181818182, 37.14545454545455], [-121.63636363636364, 37.14545454545455], [-121.63636363636364, 37.127272727272725]]]}, "properties": {"n": 1240, "missing_pct": 3.065, "gx": 2042, "gy": -6690}}, {"type": "Feature", "geometry": {"type": "Polygon", "coordinates": [[[-122.05454545454545, 37.236363636363635], [-122.03636363636363, 37.236363636363635], [-122.03636363636363, 37.25454545454546], [-122.05454545454545, 37.25454545454546], [-122.05454545454545, 37.236363636363635]]]}, "properties": {"n": 180, "missing_pct": 23.333, "gx": 2048, "gy": -6713}}, {"type": "Feature", "geometry": {"type": "Polygon", "coordinates": [[[-121.92727272727272, 37.27272727272727], [-121.9090909090909, 37.27272727272727], [-121.9090909090909, 37.29090909090909], [-121.92727272727272, 37.29090909090909], [-121.92727272727272, 37.27272727272727]]]}, "properties": {"n": 2702, "missing_pct": 0.666, "gx": 2050, "gy": -6706}}, {"type": "Feature", "geometry": {"type": "Polygon", "coordinates": [[[-121.6, 37.03636363636364], [-121.58181818181818, 37.03636363636364], [-121.58181818181818, 37.054545454545455], [-121.6, 37.054545454545455], [-121.6, 37.03636363636364]]]}, "properties": {"n": 110, "missing_pct": 40.909, "gx": 2037, "gy": -6688}}, {"type": "Feature", "geometry": {"type": "Polygon", "coordinates": [[[-121.54545454545455, 37.03636363636364], [-121.52727272727273, 37.03636363636364], [-121.52727272727273, 37.054545454545455], [-121.54545454545455, 37.054545454545455], [-121.54545454545455, 37.03636363636364]]]}, "properties": {"n": 181, "missing_pct": 14.365, "gx": 2037, "gy": -6685}}, {"type": "Feature", "geometry": {"type": "Polygon", "coordinates": [[[-122.0, 37.163636363636364], [-121.98181818181818, 37.163636363636364], [-121.98181818181818, 37.18181818181818], [-122.0, 37.18181818181818], [-122.0, 37.163636363636364]]]}, "properties": {"n": 238, "missing_pct": 35.294, "gx": 2044, "gy": -6710}}, {"type": "Feature", "geometry": {"type": "Polygon", "coordinates": [[[-121.63636363636364, 37.018181818181816], [-121.61818181818182, 37.018181818181816], [-121.61818181818182, 37.03636363636364], [-121.63636363636364, 37.03636363636364], [-121.63636363636364, 37.018181818181816]]]}, "properties": {"n": 190, "missing_pct": 16.842, "gx": 2036, "gy": -6690}}, {"type": "Feature", "geometry": {"type": "Polygon", "coordinates": [[[-121.94545454545455, 37.30909090909091], [-121.92727272727272, 37.30909090909091], [-121.92727272727272, 37.32727272727273], [-121.94545454545455, 37.32727272727273], [-121.94545454545455, 37.30909090909091]]]}, "properties": {"n": 2540, "missing_pct": 3.661, "gx": 2052, "gy": -6707}}, {"type": "Feature", "geometry": {"type": "Polygon", "coordinates": [[[-121.96363636363637, 37.27272727272727], [-121.94545454545455, 37.27272727272727], [-121.94545454545455, 37.29090909090909], [-121.96363636363637, 37.29090909090909], [-121.96363636363637, 37.27272727272727]]]}, "properties": {"n": 2286, "missing_pct": 3.15, "gx": 2050, "gy": -6708}}, {"type": "Feature", "geometry": {"type": "Polygon", "coordinates": [[[-121.58181818181818, 36.981818181818184], [-121.56363636363636, 36.981818181818184], [-121.56363636363636, 37.0], [-121.58181818181818, 37.0], [-121.58181818181818, 36.981818181818184]]]}, "properties": {"n": 1673, "missing_pct": 2.869, "gx": 2034, "gy": -6687}}, {"type": "Feature", "geometry": {"type": "Polygon", "coordinates": [[[-121.83636363636364, 37.2], [-121.81818181818181, 37.2], [-121.81818181818181, 37.21818181818182], [-121.83636363636364, 37.21818181818182], [-121.83636363636364, 37.2]]]}, "properties": {"n": 974, "missing_pct": 4.209, "gx": 2046, "gy": -6701}}, {"type": "Feature", "geometry": {"type": "Polygon", "coordinates": [[[-121.98181818181818, 37.14545454545455], [-121.96363636363637, 37.14545454545455], [-121.96363636363637, 37.163636363636364], [-121.98181818181818, 37.163636363636364], [-121.98181818181818, 37.14545454545455]]]}, "properties": {"n": 464, "missing_pct": 28.233, "gx": 2043, "gy": -6709}}, {"type": "Feature", "geometry": {"type": "Polygon", "coordinates": [[[-121.6, 37.127272727272725], [-121.58181818181818, 37.127272727272725], [-121.58181818181818, 37.14545454545455], [-121.6, 37.14545454545455], [-121.6, 37.127272727272725]]]}, "properties": {"n": 464, "missing_pct": 7.974, "gx": 2042, "gy": -6688}}]}